Workbook

Sheet 01
A3: LOST TIME EXCAVATOR PIT 55
A4: PERIODE DESEMBER 204
A5: Tanggal : | B5: 45627
A6: Shift | B6: No Unit | C6: HM Awal | D6: HM Akhir | E6: Total HM | F6: EWH | G6: Prodty | H6: PA | I6: UA | J6: DELAY OPERATION
J7: BD | K7: Perbaikan Front | L7: Pindah Front | M7: Stop loading menjelang istirahat | N7: Stop loading akhir shift | O7: Greasing | P7: Travel | Q7: Oli hydrolik & coolant | R7: Blasting | S7: Hujan | T7: Slippery | U7: Pengisian Fuel | V7: General | W7: STB | X7: Perbaikan Jalan | Y7: Washing | Z7: Start loading setealh sholat jumat | AA7: Total Loss Time
A8: Pagi | B8: PC1250-02 | AA8: =SUM(J8:Z8) -> 0
B9: PC1250-05 | AA9: =SUM(J9:Z9) -> 0
B10: PC1250-06 | AA10: =SUM(J10:Z10) -> 0
B11: PC1250-07 | N11: 0.0069444444 | W11: 0.32291667 | AA11: =SUM(J11:Z11) -> 0.32986111
B12: PC1250-10 | AA12: =SUM(J12:Z12) -> 0
B13: CAT395-02 | J13: 0.18611111 | K13: 0.00625 | M13: 0.0027777778 | T13: 0.052083333 | AA13: =SUM(J13:Z13) -> 0.24722222
B14: EC750-02 | AA14: =SUM(J14:Z14) -> 0
A15: Malam | B15: PC1250-02 | AA15: =SUM(J15:Z15) -> 0
B16: PC1250-05 | J16: 0.065277778 | M16: 0.0034722222 | N16: 0.00625 | AA16: =SUM(J16:Z16) -> 0.075
B17: PC1250-06 | AA17: =SUM(J17:Z17) -> 0
B18: PC1250-07 | K18: 0.0041666667 | M18: 0.0069444444 | N18: 0.0069444444 | AA18: =SUM(J18:Z18) -> 0.018055556
B19: PC1250-10 | J19: 0.14861111 | K19: 0.011111111 | M19: 0.0013888889 | AA19: =SUM(J19:Z19) -> 0.16111111
B20: CAT395-02 | M20: 0.0069444444 | N20: 0.0069444444 | AA20: =SUM(J20:Z20) -> 0.013888889
B21: EC750-02 | K21: 0.0076388889 | M21: 0.0069444444 | N21: 0.0069444444 | AA21: =SUM(J21:Z21) -> 0.021527778
A22: Total | B22: PC1250-02 | E22: =E8+E15 -> 0 | F22: =F8+F15 -> 0 | J22: =J8+J15 -> 0 | K22: =K8+K15 -> 0 | L22: =L8+L15 -> 0 | M22: =M8+M15 -> 0 | N22: =N8+N15 -> 0 | O22: =O8+O15 -> 0 | P22: =P8+P15 -> 0 | Q22: =Q8+Q15 -> 0 | ... Z22: =Z8+Z15 -> 0 | AA22: =SUM(J22:Z22) -> 0
B23: PC1250-05 | E23: =E9+E16 -> 0 | F23: =F9+F16 -> 0 | J23: =J9+J16 -> 0.065277778 | K23: =K9+K16 -> 0 | L23: =L9+L16 -> 0 | M23: =M9+M16 -> 0.0034722222 | N23: =N9+N16 -> 0.00625 | O23: =O9+O16 -> 0 | P23: =P9+P16 -> 0 | Q23: =Q9+Q16 -> 0 | ... Z23: =Z9+Z16 -> 0 | AA23: =SUM(J23:Z23) -> 0.075
B24: PC1250-06 | E24: =E10+E17 -> 0 | F24: =F10+F17 -> 0 | J24: =J10+J17 -> 0 | K24: =K10+K17 -> 0 | L24: =L10+L17 -> 0 | M24: =M10+M17 -> 0 | N24: =N10+N17 -> 0 | O24: =O10+O17 -> 0 | P24: =P10+P17 -> 0 | Q24: =Q10+Q17 -> 0 | ... Z24: =Z10+Z17 -> 0 | AA24: =SUM(J24:Z24) -> 0
B25: PC1250-07 | E25: =E11+E18 -> 0 | F25: =F11+F18 -> 0 | J25: =J11+J18 -> 0 | K25: =K11+K18 -> 0.0041666667 | L25: =L11+L18 -> 0 | M25: =M11+M18 -> 0.0069444444 | N25: =N11+N18 -> 0.013888889 | O25: =O11+O18 -> 0 | P25: =P11+P18 -> 0 | Q25: =Q11+Q18 -> 0 | ... Z25: =Z11+Z18 -> 0 | AA25: =SUM(J25:Z25) -> 0.34791667
B26: PC1250-10 | E26: =E12+E19 -> 0 | F26: =F12+F19 -> 0 | J26: =J12+J19 -> 0.14861111 | K26: =K12+K19 -> 0.011111111 | L26: =L12+L19 -> 0 | M26: =M12+M19 -> 0.0013888889 | N26: =N12+N19 -> 0 | O26: =O12+O19 -> 0 | P26: =P12+P19 -> 0 | Q26: =Q12+Q19 -> 0 | ... Z26: =Z12+Z19 -> 0 | AA26: =SUM(J26:Z26) -> 0.16111111
B27: CAT395-02 | E27: =E13+E20 -> 0 | F27: =F13+F20 -> 0 | J27: =J13+J20 -> 0.18611111 | K27: =K13+K20 -> 0.00625 | L27: =L13+L20 -> 0 | M27: =M13+M20 -> 0.0097222222 | N27: =N13+N20 -> 0.0069444444 | O27: =O13+O20 -> 0 | P27: =P13+P20 -> 0 | Q27: =Q13+Q20 -> 0 | ... Z27: =Z13+Z20 -> 0 | AA27: =SUM(J27:Z27) -> 0.26111111
B28: EC750-02 | E28: =E14+E21 -> 0 | F28: =F14+F21 -> 0 | J28: =J14+J21 -> 0 | K28: =K14+K21 -> 0.0076388889 | L28: =L14+L21 -> 0 | M28: =M14+M21 -> 0.0069444444 | N28: =N14+N21 -> 0.0069444444 | O28: =O14+O21 -> 0 | P28: =P14+P21 -> 0 | Q28: =Q14+Q21 -> 0 | ... Z28: =Z14+Z21 -> 0 | AA28: =SUM(J28:Z28) -> 0.021527778

Sheet 02
A3: LOST TIME EXCAVATOR PIT 55
A4: PERIODE DESEMBER 204
A5: Tanggal : | B5: ='01'!B5+1 -> 45628
A6: Shift | B6: No Unit | C6: HM Awal | D6: HM Akhir | E6: Total HM | F6: EWH | G6: Prodty | H6: PA | I6: UA | J6: DELAY OPERATION
J7: BD | K7: Perbaikan Front | L7: Pindah Front | M7: Stop loading menjelang istirahat | N7: Stop loading akhir shift | O7: Greasing | P7: Travel | Q7: Oli hydrolik & coolant | R7: Blasting | S7: Hujan | T7: Slippery | U7: Pengisian Fuel | V7: General | W7: STB | X7: Perbaikan Jalan | Y7: Washing | Z7: Start loading setealh sholat jumat | AA7: Total Loss Time
A8: Pagi | B8: PC1250-02 | J8: 0.41666667 | AA8: =SUM(J8:Z8) -> 0.41666667
B9: PC1250-05 | J9: 0.052083333 | K9: 0.0034722222 | M9: 0.0069444444 | R9: 0.017361111 | AA9: =SUM(J9:Z9) -> 0.079861111
B10: PC1250-06 | AA10: =SUM(J10:Z10) -> 0
B11: PC1250-07 | M11: 0.00625 | N11: 0.010416667 | R11: 0.013888889 | AA11: =SUM(J11:Z11) -> 0.030555556
B12: PC1250-10 | J12: 0.41666667 | AA12: =SUM(J12:Z12) -> 0.41666667
B13: CAT395-02 | J13: 0.030555556 | K13: 0.0027777778 | M13: 0.0069444444 | N13: 0.0041666667 | AA13: =SUM(J13:Z13) -> 0.044444444
B14: EC750-02 | K14: 0.0055555556 | M14: 0.0034722222 | V14: 0.092361111 | W14: 0.015277778 | AA14: =SUM(J14:Z14) -> 0.11666667
A15: Malam | B15: PC1250-02 | J15: 0.34375 | S15: 0.052083333 | AA15: =SUM(J15:Z15) -> 0.39583333
B16: PC1250-05 | J16: 0.34375 | S16: 0.052083333 | AA16: =SUM(J16:Z16) -> 0.39583333
B17: PC1250-06 | AA17: =SUM(J17:Z17) -> 0
B18: PC1250-07 | K18: 0.0125 | M18: 0.0069444444 | S18: 0.052083333 | AA18: =SUM(J18:Z18) -> 0.071527778
B19: PC1250-10 | J19: 0.19930556 | S19: 0.052083333 | AA19: =SUM(J19:Z19) -> 0.25138889
B20: CAT395-02 | J20: 0.060416667 | M20: 0.0020833333 | S20: 0.052083333 | AA20: =SUM(J20:Z20) -> 0.11458333
B21: EC750-02 | K21: 0.0027777778 | M21: 0.00069444444 | S21: 0.052083333 | AA21: =SUM(J21:Z21) -> 0.055555556
A22: Total | B22: PC1250-02 | E22: =E8+E15 -> 0 | F22: =F8+F15 -> 0 | J22: =J8+J15 -> 0.76041667 | K22: =K8+K15 -> 0 | L22: =L8+L15 -> 0 | M22: =M8+M15 -> 0 | N22: =N8+N15 -> 0 | O22: =O8+O15 -> 0 | P22: =P8+P15 -> 0 | Q22: =Q8+Q15 -> 0 | ... Z22: =Z8+Z15 -> 0 | AA22: =SUM(J22:Z22) -> 0.8125
B23: PC1250-05 | E23: =E9+E16 -> 0 | F23: =F9+F16 -> 0 | J23: =J9+J16 -> 0.39583333 | K23: =K9+K16 -> 0.0034722222 | L23: =L9+L16 -> 0 | M23: =M9+M16 -> 0.0069444444 | N23: =N9+N16 -> 0 | O23: =O9+O16 -> 0 | P23: =P9+P16 -> 0 | Q23: =Q9+Q16 -> 0 | ... Z23: =Z9+Z16 -> 0 | AA23: =SUM(J23:Z23) -> 0.47569444
B24: PC1250-06 | E24: =E10+E17 -> 0 | F24: =F10+F17 -> 0 | J24: =J10+J17 -> 0 | K24: =K10+K17 -> 0 | L24: =L10+L17 -> 0 | M24: =M10+M17 -> 0 | N24: =N10+N17 -> 0 | O24: =O10+O17 -> 0 | P24: =P10+P17 -> 0 | Q24: =Q10+Q17 -> 0 | ... Z24: =Z10+Z17 -> 0 | AA24: =SUM(J24:Z24) -> 0
B25: PC1250-07 | E25: =E11+E18 -> 0 | F25: =F11+F18 -> 0 | J25: =J11+J18 -> 0 | K25: =K11+K18 -> 0.0125 | L25: =L11+L18 -> 0 | M25: =M11+M18 -> 0.013194444 | N25: =N11+N18 -> 0.010416667 | O25: =O11+O18 -> 0 | P25: =P11+P18 -> 0 | Q25: =Q11+Q18 -> 0 | ... Z25: =Z11+Z18 -> 0 | AA25: =SUM(J25:Z25) -> 0.10208333
B26: PC1250-10 | E26: =E12+E19 -> 0 | F26: =F12+F19 -> 0 | J26: =J12+J19 -> 0.61597222 | K26: =K12+K19 -> 0 | L26: =L12+L19 -> 0 | M26: =M12+M19 -> 0 | N26: =N12+N19 -> 0 | O26: =O12+O19 -> 0 | P26: =P12+P19 -> 0 | Q26: =Q12+Q19 -> 0 | ... Z26: =Z12+Z19 -> 0 | AA26: =SUM(J26:Z26) -> 0.66805556
B27: CAT395-02 | E27: =E13+E20 -> 0 | F27: =F13+F20 -> 0 | J27: =J13+J20 -> 0.090972222 | K27: =K13+K20 -> 0.0027777778 | L27: =L13+L20 -> 0 | M27: =M13+M20 -> 0.0090277778 | N27: =N13+N20 -> 0.0041666667 | O27: =O13+O20 -> 0 | P27: =P13+P20 -> 0 | Q27: =Q13+Q20 -> 0 | ... Z27: =Z13+Z20 -> 0 | AA27: =SUM(J27:Z27) -> 0.15902778
B28: EC750-02 | E28: =E14+E21 -> 0 | F28: =F14+F21 -> 0 | J28: =J14+J21 -> 0 | K28: =K14+K21 -> 0.0083333333 | L28: =L14+L21 -> 0 | M28: =M14+M21 -> 0.0041666667 | N28: =N14+N21 -> 0 | O28: =O14+O21 -> 0 | P28: =P14+P21 -> 0 | Q28: =Q14+Q21 -> 0 | ... Z28: =Z14+Z21 -> 0 | AA28: =SUM(J28:Z28) -> 0.17222222

Sheet 03
A3: LOST TIME EXCAVATOR PIT 55
A4: PERIODE DESEMBER 204
A5: Tanggal : | B5: ='02'!B5+1 -> 45629
A6: Shift | B6: No Unit | C6: HM Awal | D6: HM Akhir | E6: Total HM | F6: EWH | G6: Prodty | H6: PA | I6: UA | J6: DELAY OPERATION
J7: BD | K7: Perbaikan Front | L7: Pindah Front | M7: Stop loading menjelang istirahat | N7: Stop loading akhir shift | O7: Greasing | P7: Travel | Q7: Oli hydrolik & coolant | R7: Blasting | S7: Hujan | T7: Slippery | U7: Pengisian Fuel | V7: General | W7: STB | X7: Perbaikan Jalan | Y7: Washing | Z7: Start loading setealh sholat jumat | AA7: Total Loss Time | AB7: LOSS TIME RM | AG7: LOSS TIME PROD
A8: Pagi | B8: PC1250-02 | J8: 0.38194444 | S8: 0.034722222 | AA8: =SUM(J8:Z8) -> 0.41666667 | AB8: =+J8+O8+Q8+U8 -> 0.38194444 | AC8: =0+(0/60) -> 0 | AD8: 400 | AE8: =+AC8*AD8 -> 0 | AF8: =SUM(AE8:AE14) -> 4100 | AG8: =+K8+L8+M8+N8+R8+S8+T8+V8 -> 0.034722222 | AH8: =4+(3/60) -> 4.05 | AI8: 400 | AJ8: =+AH8*AI8 -> 1620 | AK8: =SUM(AJ8:AJ14) -> 11505.833
B9: PC1250-05 | J9: 0.16666667 | L9: 0.025694444 | M9: 0.0069444444 | AA9: =SUM(J9:Z9) -> 0.19930556 | AB9: =+J9+O9+Q9+U9 -> 0.16666667 | AC9: =0+(0/60) -> 0 | AD9: 400 | AE9: =+AC9*AD9 -> 0 | AG9: =+K9+L9+M9+N9+R9+S9+T9+V9 -> 0.032638889 | AH9: =10+(0/60) -> 10 | AI9: 400 | AJ9: =+AH9*AI9 -> 4000
B10: PC1250-06
B11: PC1250-07 | M11: 0.0020833333 | N11: 0.0055555556 | S11: 0.034722222 | T11: 0.079861111 | AA11: =SUM(J11:Z11) -> 0.12222222 | AB11: =+J11+O11+Q11+U11 -> 0 | AC11: =8+(30/60) -> 8.5 | AD11: 400 | AE11: =+AC11*AD11 -> 3400 | AG11: =+K11+L11+M11+N11+R11+S11+T11+V11 -> 0.12222222 | AH11: =1+(30/60) -> 1.5 | AI11: 400 | AJ11: =+AH11*AI11 -> 600
B12: PC1250-10 | N12: 0.0069444444 | R12: 0.011111111 | S12: 0.034722222 | T12: 0.076388889 | U12: 0.0034722222 | AA12: =SUM(J12:Z12) -> 0.13263889 | AB12: =+J12+O12+Q12+U12 -> 0.0034722222 | AC12: =0+(0/60) -> 0 | AD12: 400 | AE12: =+AC12*AD12 -> 0 | AG12: =+K12+L12+M12+N12+R12+S12+T12+V12 -> 0.12916667 | AH12: =3+(56/60) -> 3.9333333 | AI12: 400 | AJ12: =+AH12*AI12 -> 1573.3333
B13: CAT395-02 | M13: 0.0069444444 | N13: 0.0069444444 | S13: 0.034722222 | T13: 0.076388889 | AA13: =SUM(J13:Z13) -> 0.125 | AB13: =+J13+O13+Q13+U13 -> 0 | AC13: =0+(0/60) -> 0 | AD13: 450 | AE13: =+AC13*AD13 -> 0 | AG13: =+K13+L13+M13+N13+R13+S13+T13+V13 -> 0.125 | AH13: =3+(35/60) -> 3.5833333 | AI13: 450 | AJ13: =+AH13*AI13 -> 1612.5
B14: EC750-02 | K14: 0.010416667 | M14: 0.0069444444 | S14: 0.034722222 | T14: 0.079861111 | V14: 0.25 | AA14: =SUM(J14:Z14) -> 0.38194444 | AB14: =+J14+O14+Q14+U14 -> 0 | AC14: =2+(0/60) -> 2 | AD14: 350 | AE14: =+AC14*AD14 -> 700 | AG14: =+K14+L14+M14+N14+R14+S14+T14+V14 -> 0.38194444 | AH14: =6+(0/60) -> 6 | AI14: 350 | AJ14: =+AH14*AI14 -> 2100
A15: Malam | B15: PC1250-02 | J15: 0.41666667 | AA15: =SUM(J15:Z15) -> 0.41666667 | AB15: =+J15+O15+Q15+U15 -> 0.41666667 | AC15: =0+(40/60) -> 0.66666667 | AD15: 400 | AE15: =+AC15*AD15 -> 266.66667 | AF15: =SUM(AE15:AE21) -> 5626.6667 | AG15: =+K15+L15+M15+N15+R15+S15+T15+V15 -> 0 | AH15: =0+(44/60) -> 0.73333333 | AI15: 400 | AJ15: =+AH15*AI15 -> 293.33333 | AK15: =SUM(AJ15:AJ21) -> 1137.5
B16: PC1250-05 | K16: 0.0013888889 | M16: 0.0048611111 | N16: 0.0069444444 | AA16: =SUM(J16:Z16) -> 0.013194444 | AB16: =+J16+O16+Q16+U16 -> 0 | AC16: =0+(39/60) -> 0.65 | AD16: 400 | AE16: =+AC16*AD16 -> 260 | AG16: =+K16+L16+M16+N16+R16+S16+T16+V16 -> 0.013194444 | AH16: =0+(28/60) -> 0.46666667 | AI16: 400 | AJ16: =+AH16*AI16 -> 186.66667
B17: PC1250-06
B18: PC1250-07 | K18: 0.0034722222 | M18: 0.0069444444 | N18: 0.010416667 | AA18: =SUM(J18:Z18) -> 0.020833333 | AB18: =+J18+O18+Q18+U18 -> 0 | AC18: =10+(0/60) -> 10 | AD18: 400 | AE18: =+AC18*AD18 -> 4000 | AG18: =+K18+L18+M18+N18+R18+S18+T18+V18 -> 0.020833333 | AH18: =0+(0/60) -> 0 | AI18: 400 | AJ18: =+AH18*AI18 -> 0
B19: PC1250-10 | J19: 0.023611111 | K19: 0.0055555556 | L19: 0.0125 | M19: 0.0034722222 | N19: 0.0020833333 | AA19: =SUM(J19:Z19) -> 0.047222222 | AB19: =+J19+O19+Q19+U19 -> 0.023611111 | AC19: =1+(0/60) -> 1 | AD19: 400 | AE19: =+AC19*AD19 -> 400 | AG19: =+K19+L19+M19+N19+R19+S19+T19+V19 -> 0.023611111 | AH19: =0+(23/60) -> 0.38333333 | AI19: 400 | AJ19: =+AH19*AI19 -> 153.33333
B20: CAT395-02 | K20: 0.0083333333 | M20: 0.0055555556 | N20: 0.0069444444 | AA20: =SUM(J20:Z20) -> 0.020833333 | AB20: =+J20+O20+Q20+U20 -> 0 | AC20: =0+(0/60) -> 0 | AD20: 450 | AE20: =+AC20*AD20 -> 0 | AG20: =+K20+L20+M20+N20+R20+S20+T20+V20 -> 0.020833333 | AH20: =0+(47/60) -> 0.78333333 | AI20: 450 | AJ20: =+AH20*AI20 -> 352.5
B21: EC750-02 | K21: 0.026388889 | M21: 0.0027777778 | V21: 0.125 | W21: 0.083333333 | AA21: =SUM(J21:Z21) -> 0.2375 | AB21: =+J21+O21+Q21+U21 -> 0 | AC21: =2+(0/60) -> 2 | AD21: 350 | AE21: =+AC21*AD21 -> 700 | AG21: =+K21+L21+M21+N21+R21+S21+T21+V21 -> 0.15416667 | AH21: =0+(26/60) -> 0.43333333 | AI21: 350 | AJ21: =+AH21*AI21 -> 151.66667
A22: Total | B22: PC1250-02 | E22: =E8+E15 -> 0 | F22: =F8+F15 -> 0 | J22: =J8+J15 -> 0.79861111 | K22: =K8+K15 -> 0 | L22: =L8+L15 -> 0 | M22: =M8+M15 -> 0 | N22: =N8+N15 -> 0 | O22: =O8+O15 -> 0 | P22: =P8+P15 -> 0 | Q22: =Q8+Q15 -> 0 | ... Z22: =Z8+Z15 -> 0 | AA22: =SUM(J22:Z22) -> 0.83333333
B23: PC1250-05 | E23: =E9+E16 -> 0 | F23: =F9+F16 -> 0 | J23: =J9+J16 -> 0.16666667 | K23: =K9+K16 -> 0.0013888889 | L23: =L9+L16 -> 0.025694444 | M23: =M9+M16 -> 0.011805556 | N23: =N9+N16 -> 0.0069444444 | O23: =O9+O16 -> 0 | P23: =P9+P16 -> 0 | Q23: =Q9+Q16 -> 0 | ... Z23: =Z9+Z16 -> 0 | AA23: =SUM(J23:Z23) -> 0.2125
B24: PC1250-06 | E24: =E10+E17 -> 0 | F24: =F10+F17 -> 0 | J24: =J10+J17 -> 0 | K24: =K10+K17 -> 0 | L24: =L10+L17 -> 0 | M24: =M10+M17 -> 0 | N24: =N10+N17 -> 0 | O24: =O10+O17 -> 0 | P24: =P10+P17 -> 0 | Q24: =Q10+Q17 -> 0 | ... Z24: =Z10+Z17 -> 0 | AA24: =SUM(J24:Z24) -> 0
B25: PC1250-07 | E25: =E11+E18 -> 0 | F25: =F11+F18 -> 0 | J25: =J11+J18 -> 0 | K25: =K11+K18 -> 0.0034722222 | L25: =L11+L18 -> 0 | M25: =M11+M18 -> 0.0090277778 | N25: =N11+N18 -> 0.015972222 | O25: =O11+O18 -> 0 | P25: =P11+P18 -> 0 | Q25: =Q11+Q18 -> 0 | ... Z25: =Z11+Z18 -> 0 | AA25: =SUM(J25:Z25) -> 0.14305556
B26: PC1250-10 | E26: =E12+E19 -> 0 | F26: =F12+F19 -> 0 | J26: =J12+J19 -> 0.023611111 | K26: =K12+K19 -> 0.0055555556 | L26: =L12+L19 -> 0.0125 | M26: =M12+M19 -> 0.0034722222 | N26: =N12+N19 -> 0.0090277778 | O26: =O12+O19 -> 0 | P26: =P12+P19 -> 0 | Q26: =Q12+Q19 -> 0 | ... Z26: =Z12+Z19 -> 0 | AA26: =SUM(J26:Z26) -> 0.17986111
B27: CAT395-02 | E27: =E13+E20 -> 0 | F27: =F13+F20 -> 0 | J27: =J13+J20 -> 0 | K27: =K13+K20 -> 0.0083333333 | L27: =L13+L20 -> 0 | M27: =M13+M20 -> 0.0125 | N27: =N13+N20 -> 0.013888889 | O27: =O13+O20 -> 0 | P27: =P13+P20 -> 0 | Q27: =Q13+Q20 -> 0 | ... Z27: =Z13+Z20 -> 0 | AA27: =SUM(J27:Z27) -> 0.14583333
B28: EC750-02 | E28: =E14+E21 -> 0 | F28: =F14+F21 -> 0 | J28: =J14+J21 -> 0 | K28: =K14+K21 -> 0.036805556 | L28: =L14+L21 -> 0 | M28: =M14+M21 -> 0.0097222222 | N28: =N14+N21 -> 0 | O28: =O14+O21 -> 0 | P28: =P14+P21 -> 0 | Q28: =Q14+Q21 -> 0 | ... Z28: =Z14+Z21 -> 0 | AA28: =SUM(J28:Z28) -> 0.61944444

Sheet 04
A3: LOST TIME EXCAVATOR PIT 55
A4: PERIODE DESEMBER 204
A5: Tanggal : | B5: ='03'!B5+1 -> 45630
A6: Shift | B6: No Unit | C6: HM Awal | D6: HM Akhir | E6: Total HM | F6: EWH | G6: Prodty | H6: PA | I6: UA | J6: DELAY OPERATION
J7: BD | K7: Perbaikan Front | L7: Pindah Front | M7: Stop loading menjelang istirahat | N7: Stop loading akhir shift | O7: Greasing | P7: Travel | Q7: Oli hydrolik & coolant | R7: Blasting | S7: Hujan | T7: Slippery | U7: Pengisian Fuel | V7: General | W7: STB | X7: Perbaikan Jalan | Y7: Washing | Z7: Start loading setelah sholat jumat | AA7: Total Loss Time | AB7: LOSS TIME RM | AG7: LOSS TIME PROD
A8: Pagi | B8: PC1250-02 | J8: 0.41666667 | AA8: =SUM(J8:Z8) -> 0.41666667 | AB8: =+J8+O8+Q8+U8 -> 0.41666667 | AC8: =2+(20/60) -> 2.3333333 | AD8: 400 | AE8: =+AC8*AD8 -> 933.33333 | AF8: =SUM(AE8:AE14) -> 7716.6667 | AG8: =+K8+L8+M8+N8+R8+S8+T8+V8 -> 0 | AH8: =0+(9/60) -> 0.15 | AI8: 400 | AJ8: =+AH8*AI8 -> 60 | AK8: =SUM(AJ8:AJ14) -> 883.33333
B9: PC1250-05 | J9: 0.0020833333 | K9: 0.0097222222 | N9: 0.0069444444 | O9: 0.01875 | R9: 0.011805556 | AA9: =SUM(J9:Z9) -> 0.049305556 | AB9: =+J9+O9+Q9+U9 -> 0.020833333 | AC9: =0+(0/60) -> 0 | AD9: 400 | AE9: =+AC9*AD9 -> 0 | AG9: =+K9+L9+M9+N9+R9+S9+T9+V9 -> 0.028472222 | AH9: =0+(45/60) -> 0.75 | AI9: 400 | AJ9: =+AH9*AI9 -> 300
B10: PC1250-06 | AA10: =SUM(J10:Z10) -> 0
B11: PC1250-07 | J11: 0.11388889 | M11: 0.0069444444 | N11: 0.0069444444 | AA11: =SUM(J11:Z11) -> 0.12777778 | AB11: =+J11+O11+Q11+U11 -> 0.11388889 | AC11: =10+(0/60) -> 10 | AD11: 400 | AE11: =+AC11*AD11 -> 4000 | AG11: =+K11+L11+M11+N11+R11+S11+T11+V11 -> 0.013888889 | AH11: =0+(0/60) -> 0 | AI11: 400 | AJ11: =+AH11*AI11 -> 0
B12: PC1250-10 | J12: 0.1 | K12: 0.011111111 | M12: 0.0055555556 | N12: 0.0069444444 | O12: 0.011111111 | AA12: =SUM(J12:Z12) -> 0.13472222 | AB12: =+J12+O12+Q12+U12 -> 0.11111111 | AC12: =4+(20/60) -> 4.3333333 | AD12: 400 | AE12: =+AC12*AD12 -> 1733.3333 | AG12: =+K12+L12+M12+N12+R12+S12+T12+V12 -> 0.023611111 | AH12: =0+(37/60) -> 0.61666667 | AI12: 400 | AJ12: =+AH12*AI12 -> 246.66667
B13: CAT395-02 | K13: 0.0027777778 | L13: 0.0041666667 | M13: 0.0069444444 | N13: 0.0013888889 | AA13: =SUM(J13:Z13) -> 0.015277778 | AB13: =+J13+O13+Q13+U13 -> 0 | AC13: =0+(0/60) -> 0 | AD13: 450 | AE13: =+AC13*AD13 -> 0 | AG13: =+K13+L13+M13+N13+R13+S13+T13+V13 -> 0.015277778 | AH13: =0+(33/60) -> 0.55 | AI13: 450 | AJ13: =+AH13*AI13 -> 247.5
B14: EC750-02 | K14: 0.0013888889 | M14: 0.0069444444 | W14: 0.029861111 | AA14: =SUM(J14:Z14) -> 0.038194444 | AB14: =+J14+O14+Q14+U14 -> 0 | AC14: =3+(0/60) -> 3 | AD14: 350 | AE14: =+AC14*AD14 -> 1050 | AG14: =+K14+L14+M14+N14+R14+S14+T14+V14 -> 0.0083333333 | AH14: =0+(5/60) -> 0.083333333 | AI14: 350 | AJ14: =+AH14*AI14 -> 29.166667
A15: Malam | B15: PC1250-02 | J15: 0.26041667 | S15: 0.15625 | AA15: =SUM(J15:Z15) -> 0.41666667 | AB15: =+J15+O15+Q15+U15 -> 0.26041667 | AC15: =0+(0/60) -> 0 | AD15: 400 | AE15: =+AC15*AD15 -> 0 | AF15: =SUM(AE15:AE21) -> 4046.6667 | AG15: =+K15+L15+M15+N15+R15+S15+T15+V15 -> 0.15625 | AH15: =0+(19/60) -> 0.31666667 | AI15: 400 | AJ15: =+AH15*AI15 -> 126.66667 | AK15: =SUM(AJ15:AJ21) -> 1105.8333
B16: PC1250-05 | K16: 0.0034722222 | M16: 0.0069444444 | S16: 0.15625 | AA16: =SUM(J16:Z16) -> 0.16666667 | AB16: =+J16+O16+Q16+U16 -> 0 | AC16: =0+(0/60) -> 0 | AD16: 400 | AE16: =+AC16*AD16 -> 0 | AG16: =+K16+L16+M16+N16+R16+S16+T16+V16 -> 0.16666667 | AH16: =0+(34/60) -> 0.56666667 | AI16: 400 | AJ16: =+AH16*AI16 -> 226.66667
B17: PC1250-06 | AA17: =SUM(J17:Z17) -> 0 | AB17: =+J17+O17+Q17+U17 -> 0
B18: PC1250-07 | M18: 0.0069444444 | S18: 0.15625 | AA18: =SUM(J18:Z18) -> 0.16319444 | AB18: =+J18+O18+Q18+U18 -> 0 | AC18: =10+(0/60) -> 10 | AD18: 400 | AE18: =+AC18*AD18 -> 4000 | AG18: =+K18+L18+M18+N18+R18+S18+T18+V18 -> 0.16319444 | AH18: =0+(0/60) -> 0 | AI18: 400 | AJ18: =+AH18*AI18 -> 0
B19: PC1250-10 | M19: 0.0041666667 | S19: 0.15625 | AA19: =SUM(J19:Z19) -> 0.16041667 | AB19: =+J19+O19+Q19+U19 -> 0 | AC19: =0+(7/60) -> 0.11666667 | AD19: 400 | AE19: =+AC19*AD19 -> 46.666667 | AG19: =+K19+L19+M19+N19+R19+S19+T19+V19 -> 0.16041667 | AH19: =0+(41/60) -> 0.68333333 | AI19: 400 | AJ19: =+AH19*AI19 -> 273.33333
B20: CAT395-02 | K20: 0.0020833333 | M20: 0.0069444444 | S20: 0.15625 | AA20: =SUM(J20:Z20) -> 0.16527778 | AB20: =+J20+O20+Q20+U20 -> 0 | AC20: =0+(0/60) -> 0 | AD20: 450 | AE20: =+AC20*AD20 -> 0 | AG20: =+K20+L20+M20+N20+R20+S20+T20+V20 -> 0.16527778 | AH20: =0+(32/60) -> 0.53333333 | AI20: 450 | AJ20: =+AH20*AI20 -> 240
B21: EC750-02 | AA21: =SUM(J21:Z21) -> 0 | AB21: =+J21+O21+Q21+U21 -> 0 | AC21: =0+(0/60) -> 0 | AD21: 350 | AE21: =+AC21*AD21 -> 0 | AG21: =+K21+L21+M21+N21+R21+S21+T21+V21 -> 0 | AH21: =0+(41/60) -> 0.68333333 | AI21: 350 | AJ21: =+AH21*AI21 -> 239.16667
A22: Total | B22: PC1250-02 | E22: =E8+E15 -> 0 | F22: =F8+F15 -> 0 | J22: =J8+J15 -> 0.67708333 | K22: =K8+K15 -> 0 | L22: =L8+L15 -> 0 | M22: =M8+M15 -> 0 | N22: =N8+N15 -> 0 | O22: =O8+O15 -> 0 | P22: =P8+P15 -> 0 | Q22: =Q8+Q15 -> 0 | ... Z22: =Z8+Z15 -> 0 | AA22: =SUM(J22:Z22) -> 0.83333333 | AB22: Total loss time RM | AF22: =+AF15+AF8 -> 11763.333 | AG22: Total loss time Produksi | AK22: =+AK15+AK8 -> 1989.1667
B23: PC1250-05 | E23: =E9+E16 -> 0 | F23: =F9+F16 -> 0 | J23: =J9+J16 -> 0.0020833333 | K23: =K9+K16 -> 0.013194444 | L23: =L9+L16 -> 0 | M23: =M9+M16 -> 0.0069444444 | N23: =N9+N16 -> 0.0069444444 | O23: =O9+O16 -> 0.01875 | P23: =P9+P16 -> 0 | Q23: =Q9+Q16 -> 0 | ... Z23: =Z9+Z16 -> 0 | AA23: =SUM(J23:Z23) -> 0.21597222
B24: PC1250-06 | E24: =E10+E17 -> 0 | F24: =F10+F17 -> 0 | J24: =J10+J17 -> 0 | K24: =K10+K17 -> 0 | L24: =L10+L17 -> 0 | M24: =M10+M17 -> 0 | N24: =N10+N17 -> 0 | O24: =O10+O17 -> 0 | P24: =P10+P17 -> 0 | Q24: =Q10+Q17 -> 0 | ... Z24: =Z10+Z17 -> 0 | AA24: =SUM(J24:Z24) -> 0
B25: PC1250-07 | E25: =E11+E18 -> 0 | F25: =F11+F18 -> 0 | J25: =J11+J18 -> 0.11388889 | K25: =K11+K18 -> 0 | L25: =L11+L18 -> 0 | M25: =M11+M18 -> 0.013888889 | N25: =N11+N18 -> 0.0069444444 | O25: =O11+O18 -> 0 | P25: =P11+P18 -> 0 | Q25: =Q11+Q18 -> 0 | ... Z25: =Z11+Z18 -> 0 | AA25: =SUM(J25:Z25) -> 0.29097222
B26: PC1250-10 | E26: =E12+E19 -> 0 | F26: =F12+F19 -> 0 | J26: =J12+J19 -> 0.1 | K26: =K12+K19 -> 0.011111111 | L26: =L12+L19 -> 0 | M26: =M12+M19 -> 0.0097222222 | N26: =N12+N19 -> 0.0069444444 | O26: =O12+O19 -> 0.011111111 | P26: =P12+P19 -> 0 | Q26: =Q12+Q19 -> 0 | ... Z26: =Z12+Z19 -> 0 | AA26: =SUM(J26:Z26) -> 0.29513889
B27: CAT395-02 | E27: =E13+E20 -> 0 | F27: =F13+F20 -> 0 | J27: =J13+J20 -> 0 | K27: =K13+K20 -> 0.0048611111 | L27: =L13+L20 -> 0.0041666667 | M27: =M13+M20 -> 0.013888889 | N27: =N13+N20 -> 0.0013888889 | O27: =O13+O20 -> 0 | P27: =P13+P20 -> 0 | Q27: =Q13+Q20 -> 0 | ... Z27: =Z13+Z20 -> 0 | AA27: =SUM(J27:Z27) -> 0.18055556
B28: EC750-02 | E28: =E14+E21 -> 0 | F28: =F14+F21 -> 0 | J28: =J14+J21 -> 0 | K28: =K14+K21 -> 0.0013888889 | L28: =L14+L21 -> 0 | M28: =M14+M21 -> 0.0069444444 | N28: =N14+N21 -> 0 | O28: =O14+O21 -> 0 | P28: =P14+P21 -> 0 | Q28: =Q14+Q21 -> 0 | ... Z28: =Z14+Z21 -> 0 | AA28: =SUM(J28:Z28) -> 0.038194444

Sheet 05
A3: LOST TIME EXCAVATOR PIT 55
A4: PERIODE DESEMBER 204
A5: Tanggal : | B5: ='04'!B5+1 -> 45631
A6: Shift | B6: No Unit | C6: HM Awal | D6: HM Akhir | E6: Total HM | F6: EWH | G6: Prodty | H6: PA | I6: UA | J6: DELAY OPERATION
J7: BD | K7: Perbaikan Front | L7: Pindah Front | M7: Stop loading menjelang istirahat | N7: Stop loading akhir shift | O7: Greasing | P7: Travel | Q7: Oli hydrolik & coolant | R7: Blasting | S7: Hujan | T7: Slippery | U7: Pengisian Fuel | V7: General | W7: STB | X7: Perbaikan Jalan | Y7: Washing | AA7: Total Loss Time | AB7: LOSS TIME RM | AG7: LOSS TIME PROD
A8: Pagi | B8: PC1250-02 | J8: 0.30555556 | S8: 0.11111111 | AA8: =SUM(J8:Z8) -> 0.41666667 | AB8: =+J8+O8+Q8+U8 -> 0.30555556 | AC8: =0+(24/60) -> 0.4 | AD8: 400 | AE8: =+AC8*AD8 -> 160 | AF8: =SUM(AE8:AE14) -> 2486.6667 | AG8: =+K8+L8+M8+N8+R8+S8+T8+V8+W8+X8+Y8+Z8 -> 0.11111111 | AH8: =0+(5/60) -> 0.083333333 | AI8: 400 | AJ8: =+AH8*AI8 -> 33.333333 | AK8: =SUM(AJ8:AJ14) -> 1760.8333
B9: PC1250-05 | J9: 0.16111111 | M9: 0.00069444444 | N9: 0.0069444444 | R9: 0.024305556 | S9: 0.11111111 | T9: 0.023611111 | AA9: =SUM(J9:Z9) -> 0.32777778 | AB9: =+J9+O9+Q9+U9 -> 0.16111111 | AC9: =1+(45/60) -> 1.75 | AD9: 400 | AE9: =+AC9*AD9 -> 700 | AG9: =+K9+L9+M9+N9+R9+S9+T9+V9+W9+X9+Y9+Z9 -> 0.16666667 | AH9: =0+(12/60) -> 0.2 | AI9: 400 | AJ9: =+AH9*AI9 -> 80
B10: PC1250-06 | AA10: =SUM(J10:Z10) -> 0
B11: PC1250-07 | M11: 0.0027777778 | N11: 0.0055555556 | R11: 0.03125 | V11: 0.13263889 | AA11: =SUM(J11:Z11) -> 0.17222222 | AB11: =+J11+O11+Q11+U11 -> 0 | AC11: =0+(0/60) -> 0 | AD11: 400 | AE11: =+AC11*AD11 -> 0 | AG11: =+K11+L11+M11+N11+R11+S11+T11+V11+W11+X11+Y11+Z11 -> 0.17222222 | AH11: =0+(0/60) -> 0 | AI11: 400 | AJ11: =+AH11*AI11 -> 0
B12: PC1250-10 | J12: 0.072916667 | M12: 0.0041666667 | N12: 0.0034722222 | R12: 0.040277778 | S12: 0.041666667 | T12: 0.041666667 | V12: 0.0625 | AA12: =SUM(J12:Z12) -> 0.26666667 | AB12: =+J12+O12+Q12+U12 -> 0.072916667 | AC12: =1+(44/60) -> 1.7333333 | AD12: 400 | AE12: =+AC12*AD12 -> 693.33333 | AG12: =+K12+L12+M12+N12+R12+S12+T12+V12+W12+X12+Y12+Z12 -> 0.19375 | AH12: =0+(6/60) -> 0.1 | AI12: 400 | AJ12: =+AH12*AI12 -> 40
B13: CAT395-02 | M13: 0.0041666667 | N13: 0.0055555556 | R13: 0.017361111 | V13: 0.10277778 | AA13: =SUM(J13:Z13) -> 0.12986111 | AB13: =+J13+O13+Q13+U13 -> 0 | AC13: =0+(0/60) -> 0 | AD13: 450 | AE13: =+AC13*AD13 -> 0 | AG13: =+K13+L13+M13+N13+R13+S13+T13+V13+W13+X13+Y13+Z13 -> 0.12986111 | AH13: =0+(30/60) -> 0.5 | AI13: 450 | AJ13: =+AH13*AI13 -> 225
B14: EC750-02 | K14: 0.0069444444 | M14: 0.0034722222 | N14: 0.013888889 | R14: 0.028472222 | V14: 0.13958333 | AA14: =SUM(J14:Z14) -> 0.19236111 | AB14: =+J14+O14+Q14+U14 -> 0 | AC14: =2+(40/60) -> 2.6666667 | AD14: 350 | AE14: =+AC14*AD14 -> 933.33333 | AG14: =+K14+L14+M14+N14+R14+S14+T14+V14+W14+X14+Y14+Z14 -> 0.19236111 | AH14: =3+(57/60) -> 3.95 | AI14: 350 | AJ14: =+AH14*AI14 -> 1382.5
A15: Malam | B15: PC1250-02 | J15: 0.41666667 | AA15: =SUM(J15:Z15) -> 0.41666667 | AB15: =+J15+O15+Q15+U15 -> 0.41666667 | AC15: =0+(0/60) -> 0 | AD15: 400 | AE15: =+AC15*AD15 -> 0 | AF15: =SUM(AE15:AE21) -> 2626.6667 | AG15: =+K15+L15+M15+N15+R15+S15+T15+V15+W15+X15+Y15+Z15 -> 0 | AH15: =0+(0/60) -> 0 | AI15: 400 | AJ15: =+AH15*AI15 -> 0 | AK15: =SUM(AJ15:AJ21) -> 5913.3333
B16: PC1250-05 | J16: 0.095138889 | M16: 0.00625 | AA16: =SUM(J16:Z16) -> 0.10138889 | AB16: =+J16+O16+Q16+U16 -> 0.095138889 | AC16: =3+(0/60) -> 3 | AD16: 400 | AE16: =+AC16*AD16 -> 1200 | AG16: =+K16+L16+M16+N16+R16+S16+T16+V16+W16+X16+Y16+Z16 -> 0.00625 | AH16: =7+(9/60) -> 7.15 | AI16: 400 | AJ16: =+AH16*AI16 -> 2860
B17: PC1250-06 | AA17: =SUM(J17:Z17) -> 0 | AG17: =+K17+L17+M17+N17+R17+S17+T17+V17+W17+X17+Y17+Z17 -> 0
B18: PC1250-07 | M18: 0.0048611111 | N18: 0.0034722222 | AA18: =SUM(J18:Z18) -> 0.0083333333 | AB18: =+J18+O18+Q18+U18 -> 0 | AC18: =0+(0/60) -> 0 | AD18: 400 | AE18: =+AC18*AD18 -> 0 | AG18: =+K18+L18+M18+N18+R18+S18+T18+V18+W18+X18+Y18+Z18 -> 0.0083333333 | AH18: =0+(0/60) -> 0 | AI18: 400 | AJ18: =+AH18*AI18 -> 0
B19: PC1250-10 | K19: 0.0125 | M19: 0.00069444444 | N19: 0.015277778 | AA19: =SUM(J19:Z19) -> 0.028472222 | AB19: =+J19+O19+Q19+U19 -> 0 | AC19: =3+(34/60) -> 3.5666667 | AD19: 400 | AE19: =+AC19*AD19 -> 1426.6667 | AG19: =+K19+L19+M19+N19+R19+S19+T19+V19+W19+X19+Y19+Z19 -> 0.028472222 | AH19: =7+(38/60) -> 7.6333333 | AI19: 400 | AJ19: =+AH19*AI19 -> 3053.3333
B20: CAT395-02 | K20: 0.0069444444 | M20: 0.0069444444 | N20: 0.0034722222 | AA20: =SUM(J20:Z20) -> 0.017361111 | AB20: =+J20+O20+Q20+U20 -> 0 | AC20: =0+(0/60) -> 0 | AD20: 450 | AE20: =+AC20*AD20 -> 0 | AG20: =+K20+L20+M20+N20+R20+S20+T20+V20+W20+X20+Y20+Z20 -> 0.017361111 | AH20: =0+(0/60) -> 0 | AI20: 450 | AJ20: =+AH20*AI20 -> 0
B21: EC750-02 | AA21: =SUM(J21:Z21) -> 0 | AB21: =+J21+O21+Q21+U21 -> 0 | AC21: =0+(0/60) -> 0 | AD21: 350 | AE21: =+AC21*AD21 -> 0 | AG21: =+K21+L21+M21+N21+R21+S21+T21+V21+W21+X21+Y21+Z21 -> 0 | AH21: =0+(0/60) -> 0 | AI21: 350 | AJ21: =+AH21*AI21 -> 0
A22: Total | B22: PC1250-02 | E22: =E8+E15 -> 0 | F22: =F8+F15 -> 0 | J22: =J8+J15 -> 0.72222222 | K22: =K8+K15 -> 0 | L22: =L8+L15 -> 0 | M22: =M8+M15 -> 0 | N22: =N8+N15 -> 0 | O22: =O8+O15 -> 0 | P22: =P8+P15 -> 0 | Q22: =Q8+Q15 -> 0 | ... Z22: =Z8+Z15 -> 0 | AA22: =SUM(J22:Z22) -> 0.83333333 | AB22: Total loss time RM | AF22: =+AF15+AF8 -> 5113.3333 | AG22: Total loss time Produksi | AK22: =+AK15+AK8 -> 7674.1667
B23: PC1250-05 | E23: =E9+E16 -> 0 | F23: =F9+F16 -> 0 | J23: =J9+J16 -> 0.25625 | K23: =K9+K16 -> 0 | L23: =L9+L16 -> 0 | M23: =M9+M16 -> 0.0069444444 | N23: =N9+N16 -> 0.0069444444 | O23: =O9+O16 -> 0 | P23: =P9+P16 -> 0 | Q23: =Q9+Q16 -> 0 | ... Z23: =Z9+Z16 -> 0 | AA23: =SUM(J23:Z23) -> 0.42916667
B24: PC1250-06 | E24: =E10+E17 -> 0 | F24: =F10+F17 -> 0 | J24: =J10+J17 -> 0 | K24: =K10+K17 -> 0 | L24: =L10+L17 -> 0 | M24: =M10+M17 -> 0 | N24: =N10+N17 -> 0 | O24: =O10+O17 -> 0 | P24: =P10+P17 -> 0 | Q24: =Q10+Q17 -> 0 | ... Z24: =Z10+Z17 -> 0 | AA24: =SUM(J24:Z24) -> 0
B25: PC1250-07 | E25: =E11+E18 -> 0 | F25: =F11+F18 -> 0 | J25: =J11+J18 -> 0 | K25: =K11+K18 -> 0 | L25: =L11+L18 -> 0 | M25: =M11+M18 -> 0.0076388889 | N25: =N11+N18 -> 0.0090277778 | O25: =O11+O18 -> 0 | P25: =P11+P18 -> 0 | Q25: =Q11+Q18 -> 0 | ... Z25: =Z11+Z18 -> 0 | AA25: =SUM(J25:Z25) -> 0.18055556
B26: PC1250-10 | E26: =E12+E19 -> 0 | F26: =F12+F19 -> 0 | J26: =J12+J19 -> 0.072916667 | K26: =K12+K19 -> 0.0125 | L26: =L12+L19 -> 0 | M26: =M12+M19 -> 0.0048611111 | N26: =N12+N19 -> 0.01875 | O26: =O12+O19 -> 0 | P26: =P12+P19 -> 0 | Q26: =Q12+Q19 -> 0 | ... Z26: =Z12+Z19 -> 0 | AA26: =SUM(J26:Z26) -> 0.29513889
B27: CAT395-02 | E27: =E13+E20 -> 0 | F27: =F13+F20 -> 0 | J27: =J13+J20 -> 0 | K27: =K13+K20 -> 0.0069444444 | L27: =L13+L20 -> 0 | M27: =M13+M20 -> 0.011111111 | N27: =N13+N20 -> 0.0090277778 | O27: =O13+O20 -> 0 | P27: =P13+P20 -> 0 | Q27: =Q13+Q20 -> 0 | ... Z27: =Z13+Z20 -> 0 | AA27: =SUM(J27:Z27) -> 0.14722222
B28: EC750-02 | E28: =E14+E21 -> 0 | F28: =F14+F21 -> 0 | J28: =J14+J21 -> 0 | K28: =K14+K21 -> 0.0069444444 | L28: =L14+L21 -> 0 | M28: =M14+M21 -> 0.0034722222 | N28: =N14+N21 -> 0.013888889 | O28: =O14+O21 -> 0 | P28: =P14+P21 -> 0 | Q28: =Q14+Q21 -> 0 | ... Z28: =Z14+Z21 -> 0 | AA28: =SUM(J28:Z28) -> 0.19236111

Sheet 06
A3: LOST TIME EXCAVATOR PIT 55
A4: PERIODE DESEMBER 204
A5: Tanggal : | B5: ='05'!B5+1 -> 45632
A6: Shift | B6: No Unit | C6: HM Awal | D6: HM Akhir | E6: Total HM | F6: EWH | G6: Prodty | H6: PA | I6: UA | J6: DELAY OPERATION
J7: BD | K7: Perbaikan Front | L7: Pindah Front | M7: Stop loading menjelang istirahat | N7: Stop loading akhir shift | O7: Greasing | P7: Travel | Q7: Oli hydrolik & coolant | R7: Blasting | S7: Hujan | T7: Slippery | U7: Pengisian Fuel | V7: General | W7: STB | X7: Perbaikan Jalan | Y7: Washing | Z7: loading kembali setelah sholat jumat | AA7: Total Loss Time | AB7: LOSS TIME RM | AG7: LOSS TIME PROD
A8: Pagi | B8: PC1250-02 | J8: 0.29305556 | S8: 0.12361111 | AA8: =SUM(J8:Z8) -> 0.41666667 | AB8: =+J8+O8+Q8+U8 -> 0.29305556 | AC8: =0+(0/60) -> 0 | AD8: 400 | AE8: =+AC8*AD8 -> 0 | AF8: =SUM(AE8:AE14) -> 0 | AG8: =+K8+L8+M8+N8+R8+S8+T8+V8+W8+X8+Y8+Z8 -> 0.12361111 | AH8: =0+(0/60) -> 0 | AI8: 400 | AJ8: =+AH8*AI8 -> 0 | AK8: =SUM(AJ8:AJ14) -> 390
B9: PC1250-05 | J9: 0.125 | K9: 0.020833333 | L9: 0.041666667 | M9: 0.020833333 | S9: 0.10486111 | T9: 0.0083333333 | AA9: =SUM(J9:Z9) -> 0.32152778 | AB9: =+J9+O9+Q9+U9 -> 0.125 | AC9: =0+(0/60) -> 0 | AD9: 400 | AE9: =+AC9*AD9 -> 0 | AG9: =+K9+L9+M9+N9+R9+S9+T9+V9+W9+X9+Y9+Z9 -> 0.19652778 | AH9: =0+(0/60) -> 0 | AI9: 400 | AJ9: =+AH9*AI9 -> 0
B10: PC1250-06
B11: PC1250-07 | J11: 0.030555556 | K11: 0.0083333333 | M11: 0.020138889 | O11: 0.0055555556 | S11: 0.12361111 | T11: 0.084027778 | Z11: 0.021527778 | AA11: =SUM(J11:Z11) -> 0.29375 | AB11: =+J11+O11+Q11+U11 -> 0.036111111 | AC11: =0+(0/60) -> 0 | AD11: 400 | AE11: =+AC11*AD11 -> 0 | AG11: =+K11+L11+M11+N11+R11+S11+T11+V11+W11+X11+Y11+Z11 -> 0.25763889 | AH11: =0+(0/60) -> 0 | AI11: 400 | AJ11: =+AH11*AI11 -> 0
B12: PC1250-10 | K12: 0.0048611111 | M12: 0.020833333 | S12: 0.10486111 | Z12: 0.018055556 | AA12: =SUM(J12:Z12) -> 0.14861111 | AB12: =+J12+O12+Q12+U12 -> 0 | AC12: =0+(0/60) -> 0 | AD12: 400 | AE12: =+AC12*AD12 -> 0 | AG12: =+K12+L12+M12+N12+R12+S12+T12+V12+W12+X12+Y12+Z12 -> 0.14861111 | AH12: =0+(0/60) -> 0 | AI12: 400 | AJ12: =+AH12*AI12 -> 0
B13: CAT395-02 | K13: 0.0048611111 | M13: 0.0090277778 | S13: 0.12361111 | T13: 0.084027778 | Z13: 0.0069444444 | AA13: =SUM(J13:Z13) -> 0.22847222 | AB13: =+J13+O13+Q13+U13 -> 0 | AC13: =0+(0/60) -> 0 | AD13: 450 | AE13: =+AC13*AD13 -> 0 | AG13: =+K13+L13+M13+N13+R13+S13+T13+V13+W13+X13+Y13+Z13 -> 0.22847222 | AH13: =0+(52/60) -> 0.86666667 | AI13: 450 | AJ13: =+AH13*AI13 -> 390
B14: EC750-02 | M14: 0.018055556 | S14: 0.036111111 | V14: 0.19930556 | AA14: =SUM(J14:Z14) -> 0.25347222 | AB14: =+J14+O14+Q14+U14 -> 0 | AC14: =0+(0/60) -> 0 | AD14: 350 | AE14: =+AC14*AD14 -> 0 | AG14: =+K14+L14+M14+N14+R14+S14+T14+V14+W14+X14+Y14+Z14 -> 0.25347222 | AH14: =0+(0/60) -> 0 | AI14: 350 | AJ14: =+AH14*AI14 -> 0
A15: Malam | B15: PC1250-02 | AA15: =SUM(J15:Z15) -> 0 | AB15: =+J15+O15+Q15+U15 -> 0 | AC15: =0+(0/60) -> 0 | AD15: 400 | AE15: =+AC15*AD15 -> 0 | AF15: =SUM(AE15:AE21) -> 700 | AG15: =+K15+L15+M15+N15+R15+S15+T15+V15+W15+X15+Y15+Z15 -> 0 | AH15: =0+(0/60) -> 0 | AI15: 400 | AJ15: =+AH15*AI15 -> 0 | AK15: =SUM(AJ15:AJ21) -> 1970
B16: PC1250-05 | J16: 0.10416667 | S16: 0.14375 | T16: 0.10138889 | AA16: =SUM(J16:Z16) -> 0.34930556 | AB16: =+J16+O16+Q16+U16 -> 0.10416667 | AC16: =0+(0/60) -> 0 | AD16: 400 | AE16: =+AC16*AD16 -> 0 | AG16: =+K16+L16+M16+N16+R16+S16+T16+V16+W16+X16+Y16+Z16 -> 0.24513889 | AH16: =0+(0/60) -> 0 | AI16: 400 | AJ16: =+AH16*AI16 -> 0
B17: PC1250-06 | AA17: =SUM(J17:Z17) -> 0 | AB17: =+J17+O17+Q17+U17 -> 0
B18: PC1250-07 | J18: 0.010416667 | L18: 0.0125 | M18: 0.0055555556 | S18: 0.15069444 | T18: 0.19305556 | U18: 0.010416667 | AA18: =SUM(J18:Z18) -> 0.38263889 | AB18: =+J18+O18+Q18+U18 -> 0.020833333 | AC18: =0+(0/60) -> 0 | AD18: 400 | AE18: =+AC18*AD18 -> 0 | AG18: =+K18+L18+M18+N18+R18+S18+T18+V18+W18+X18+Y18+Z18 -> 0.36180556 | AH18: =0+(0/60) -> 0 | AI18: 400 | AJ18: =+AH18*AI18 -> 0
B19: PC1250-10 | M19: 0.0034722222 | S19: 0.14375 | T19: 0.10416667 | V19: 0.018055556 | AA19: =SUM(J19:Z19) -> 0.26944444 | AB19: =+J19+O19+Q19+U19 -> 0 | AC19: =0+(0/60) -> 0 | AD19: 400 | AE19: =+AC19*AD19 -> 0 | AG19: =+K19+L19+M19+N19+R19+S19+T19+V19+W19+X19+Y19+Z19 -> 0.26944444 | AH19: =2+(41/60) -> 2.6833333 | AI19: 400 | AJ19: =+AH19*AI19 -> 1073.3333
B20: CAT395-02 | K20: 0.0013888889 | M20: 0.0048611111 | O20: 0.013194444 | S20: 0.15069444 | T20: 0.15138889 | U20: 0.010416667 | AA20: =SUM(J20:Z20) -> 0.33194444 | AB20: =+J20+O20+Q20+U20 -> 0.023611111 | AC20: =0+(0/60) -> 0 | AD20: 450 | AE20: =+AC20*AD20 -> 0 | AG20: =+K20+L20+M20+N20+R20+S20+T20+V20+W20+X20+Y20+Z20 -> 0.30833333 | AH20: =0+(20/60) -> 0.33333333 | AI20: 450 | AJ20: =+AH20*AI20 -> 150
B21: EC750-02 | K21: 0.0055555556 | M21: 0.00069444444 | T21: 0.1 | W21: 0.21875 | AA21: =SUM(J21:Z21) -> 0.325 | AB21: =+J21+O21+Q21+U21 -> 0 | AC21: =2+(0/60) -> 2 | AD21: 350 | AE21: =+AC21*AD21 -> 700 | AG21: =+K21+L21+M21+N21+R21+S21+T21+V21+W21+X21+Y21+Z21 -> 0.325 | AH21: =2+(8/60) -> 2.1333333 | AI21: 350 | AJ21: =+AH21*AI21 -> 746.66667
A22: Total | B22: PC1250-02 | E22: =E8+E15 -> 0 | F22: =F8+F15 -> 0 | J22: =J8+J15 -> 0.29305556 | K22: =K8+K15 -> 0 | L22: =L8+L15 -> 0 | M22: =M8+M15 -> 0 | N22: =N8+N15 -> 0 | O22: =O8+O15 -> 0 | P22: =P8+P15 -> 0 | Q22: =Q8+Q15 -> 0 | ... Z22: =Z8+Z15 -> 0 | AA22: =SUM(J22:Z22) -> 0.41666667 | AB22: Total loss time RM | AF22: =+AF15+AF8 -> 700 | AG22: Total loss time Produksi | AK22: =+AK15+AK8 -> 2360
B23: PC1250-05 | E23: =E9+E16 -> 0 | F23: =F9+F16 -> 0 | J23: =J9+J16 -> 0.22916667 | K23: =K9+K16 -> 0.020833333 | L23: =L9+L16 -> 0.041666667 | M23: =M9+M16 -> 0.020833333 | N23: =N9+N16 -> 0 | O23: =O9+O16 -> 0 | P23: =P9+P16 -> 0 | Q23: =Q9+Q16 -> 0 | ... Z23: =Z9+Z16 -> 0 | AA23: =SUM(J23:Z23) -> 0.67083333
B24: PC1250-06 | E24: =E10+E17 -> 0 | F24: =F10+F17 -> 0 | J24: =J10+J17 -> 0 | K24: =K10+K17 -> 0 | L24: =L10+L17 -> 0 | M24: =M10+M17 -> 0 | N24: =N10+N17 -> 0 | O24: =O10+O17 -> 0 | P24: =P10+P17 -> 0 | Q24: =Q10+Q17 -> 0 | ... Z24: =Z10+Z17 -> 0 | AA24: =SUM(J24:Z24) -> 0
B25: PC1250-07 | E25: =E11+E18 -> 0 | F25: =F11+F18 -> 0 | J25: =J11+J18 -> 0.040972222 | K25: =K11+K18 -> 0.0083333333 | L25: =L11+L18 -> 0.0125 | M25: =M11+M18 -> 0.025694444 | N25: =N11+N18 -> 0 | O25: =O11+O18 -> 0.0055555556 | P25: =P11+P18 -> 0 | Q25: =Q11+Q18 -> 0 | ... Z25: =Z11+Z18 -> 0.021527778 | AA25: =SUM(J25:Z25) -> 0.67638889
B26: PC1250-10 | E26: =E12+E19 -> 0 | F26: =F12+F19 -> 0 | J26: =J12+J19 -> 0 | K26: =K12+K19 -> 0.0048611111 | L26: =L12+L19 -> 0 | M26: =M12+M19 -> 0.024305556 | N26: =N12+N19 -> 0 | O26: =O12+O19 -> 0 | P26: =P12+P19 -> 0 | Q26: =Q12+Q19 -> 0 | ... Z26: =Z12+Z19 -> 0.018055556 | AA26: =SUM(J26:Z26) -> 0.41805556
B27: CAT395-02 | E27: =E13+E20 -> 0 | F27: =F13+F20 -> 0 | J27: =J13+J20 -> 0 | K27: =K13+K20 -> 0.00625 | L27: =L13+L20 -> 0 | M27: =M13+M20 -> 0.013888889 | N27: =N13+N20 -> 0 | O27: =O13+O20 -> 0.013194444 | P27: =P13+P20 -> 0 | Q27: =Q13+Q20 -> 0 | ... Z27: =Z13+Z20 -> 0.0069444444 | AA27: =SUM(J27:Z27) -> 0.56041667
B28: EC750-02 | E28: =E14+E21 -> 0 | F28: =F14+F21 -> 0 | J28: =J14+J21 -> 0 | K28: =K14+K21 -> 0.0055555556 | L28: =L14+L21 -> 0 | M28: =M14+M21 -> 0.01875 | N28: =N14+N21 -> 0 | O28: =O14+O21 -> 0 | P28: =P14+P21 -> 0 | Q28: =Q14+Q21 -> 0 | ... Z28: =Z14+Z21 -> 0 | AA28: =SUM(J28:Z28) -> 0.57847222

Sheet 07
A3: LOST TIME EXCAVATOR PIT 55
A4: PERIODE DESEMBER 204
A5: Tanggal : | B5: ='06'!B5+1 -> 45633
A6: Shift | B6: No Unit | C6: HM Awal | D6: HM Akhir | E6: Total HM | F6: EWH | G6: Prodty | H6: PA | I6: UA | J6: DELAY OPERATION
J7: BD | K7: Perbaikan Front | L7: Pindah Front | M7: Stop loading menjelang istirahat | N7: Stop loading akhir shift | O7: Greasing | P7: Travel | Q7: Oli hydrolik & coolant | R7: Blasting | S7: Hujan | T7: Slippery | U7: Pengisian Fuel | V7: General | W7: STB | X7: Perbaikan Jalan | Y7: Washing | AA7: Total Loss Time | AB7: LOSS TIME RM | AG7: LOSS TIME PROD
A8: Pagi | B8: PC1250-02 | J8: 0.36805556 | S8: 0.048611111 | AA8: =SUM(J8:Z8) -> 0.41666667 | AB8: =+J8+O8+Q8+U8 -> 0.36805556 | AC8: =3+(43/60) -> 3.7166667 | AD8: 400 | AE8: =+AC8*AD8 -> 1486.6667 | AF8: =SUM(AE8:AE14) -> 1886.6667 | AG8: =+K8+L8+M8+N8+R8+S8+T8+V8+W8+X8+Y8+Z8 -> 0.048611111 | AH8: =0+(12/60) -> 0.2 | AI8: 400 | AJ8: =+AH8*AI8 -> 80 | AK8: =SUM(AJ8:AJ14) -> 3529.1667
B9: PC1250-05 | J9: 0.13402778 | M9: 0.0027777778 | N9: 0.0069444444 | R9: 0.027083333 | S9: 0.048611111 | AA9: =SUM(J9:Z9) -> 0.21944444 | AB9: =+J9+O9+Q9+U9 -> 0.13402778 | AC9: =1+(0/60) -> 1 | AD9: 400 | AE9: =+AC9*AD9 -> 400 | AG9: =+K9+L9+M9+N9+R9+S9+T9+V9+W9+X9+Y9+Z9 -> 0.085416667 | AH9: =0+(28/60) -> 0.46666667 | AI9: 400 | AJ9: =+AH9*AI9 -> 186.66667
B10: PC1250-06 | AA10: =SUM(J10:Z10) -> 0
B11: PC1250-07 | J11: 0.011111111 | M11: 0.010416667 | N11: 0.0069444444 | R11: 0.01875 | S11: 0.048611111 | T11: 0.013888889 | AA11: =SUM(J11:Z11) -> 0.10972222 | AB11: =+J11+O11+Q11+U11 -> 0.011111111 | AC11: =0+(0/60) -> 0 | AD11: 400 | AE11: =+AC11*AD11 -> 0 | AG11: =+K11+L11+M11+N11+R11+S11+T11+V11+W11+X11+Y11+Z11 -> 0.098611111 | AH11: =0+(0/60) -> 0 | AI11: 400 | AJ11: =+AH11*AI11 -> 0
B12: PC1250-10 | K12: 0.0027777778 | M12: 0.0055555556 | N12: 0.010416667 | R12: 0.016666667 | S12: 0.048611111 | T12: 0.038888889 | AA12: =SUM(J12:Z12) -> 0.12291667 | AB12: =+J12+O12+Q12+U12 -> 0 | AC12: =0+(0/60) -> 0 | AD12: 400 | AE12: =+AC12*AD12 -> 0 | AG12: =+K12+L12+M12+N12+R12+S12+T12+V12+W12+X12+Y12+Z12 -> 0.12291667 | AH12: =0+(52/60) -> 0.86666667 | AI12: 400 | AJ12: =+AH12*AI12 -> 346.66667
B13: CAT395-02 | K13: 0.00625 | L13: 0.011111111 | M13: 0.0020833333 | N13: 0.0069444444 | R13: 0.01875 | S13: 0.048611111 | T13: 0.038888889 | V13: 0.083333333 | AA13: =SUM(J13:Z13) -> 0.21597222 | AB13: =+J13+O13+Q13+U13 -> 0 | AC13: =0+(0/60) -> 0 | AD13: 450 | AE13: =+AC13*AD13 -> 0 | AG13: =+K13+L13+M13+N13+R13+S13+T13+V13+W13+X13+Y13+Z13 -> 0.21597222 | AH13: =0+(52/60) -> 0.86666667 | AI13: 450 | AJ13: =+AH13*AI13 -> 390
B14: EC750-02 | J14: 0.06875 | N14: 0.0097222222 | V14: 0.24722222 | AA14: =SUM(J14:Z14) -> 0.32569444 | AB14: =+J14+O14+Q14+U14 -> 0.06875 | AC14: =0+(0/60) -> 0 | AD14: 350 | AE14: =+AC14*AD14 -> 0 | AG14: =+K14+L14+M14+N14+R14+S14+T14+V14+W14+X14+Y14+Z14 -> 0.25694444 | AH14: =7+(13/60) -> 7.2166667 | AI14: 350 | AJ14: =+AH14*AI14 -> 2525.8333
A15: Malam | B15: PC1250-02 | J15: 0.41666667 | AA15: =SUM(J15:Z15) -> 0.41666667 | AB15: =+J15+O15+Q15+U15 -> 0.41666667 | AC15: =0+(0/60) -> 0 | AD15: 400 | AE15: =+AC15*AD15 -> 0 | AF15: =SUM(AE15:AE21) -> 3225 | AG15: =+K15+L15+M15+N15+R15+S15+T15+V15+W15+X15+Y15+Z15 -> 0 | AH15: =0+(21/60) -> 0.35 | AI15: 400 | AJ15: =+AH15*AI15 -> 140 | AK15: =SUM(AJ15:AJ21) -> 900
B16: PC1250-05 | M16: 0.0013888889 | N16: 0.0069444444 | AA16: =SUM(J16:Z16) -> 0.0083333333 | AB16: =+J16+O16+Q16+U16 -> 0 | AC16: =0+(0/60) -> 0 | AD16: 400 | AE16: =+AC16*AD16 -> 0 | AG16: =+K16+L16+M16+N16+R16+S16+T16+V16+W16+X16+Y16+Z16 -> 0.0083333333 | AH16: =0+(33/60) -> 0.55 | AI16: 400 | AJ16: =+AH16*AI16 -> 220
B17: PC1250-06
B18: PC1250-07 | J18: 0.038888889 | M18: 0.0069444444 | N18: 0.0069444444 | AA18: =SUM(J18:Z18) -> 0.052777778 | AB18: =+J18+O18+Q18+U18 -> 0.038888889 | AC18: =0+(0/60) -> 0 | AD18: 400 | AE18: =+AC18*AD18 -> 0 | AG18: =+K18+L18+M18+N18+R18+S18+T18+V18+W18+X18+Y18+Z18 -> 0.013888889 | AH18: =0+(0/60) -> 0 | AI18: 400 | AJ18: =+AH18*AI18 -> 0
B19: PC1250-10 | K19: 0.0125 | L19: 0.0069444444 | M19: 0.0069444444 | N19: 0.0069444444 | AA19: =SUM(J19:Z19) -> 0.033333333 | AB19: =+J19+O19+Q19+U19 -> 0 | AC19: =0+(0/60) -> 0 | AD19: 400 | AE19: =+AC19*AD19 -> 0 | AG19: =+K19+L19+M19+N19+R19+S19+T19+V19+W19+X19+Y19+Z19 -> 0.033333333 | AH19: =0+(48/60) -> 0.8 | AI19: 400 | AJ19: =+AH19*AI19 -> 320
B20: CAT395-02 | M20: 0.0055555556 | N20: 0.0069444444 | AA20: =SUM(J20:Z20) -> 0.0125 | AB20: =+J20+O20+Q20+U20 -> 0 | AC20: =7+(10/60) -> 7.1666667 | AD20: 450 | AE20: =+AC20*AD20 -> 3225 | AG20: =+K20+L20+M20+N20+R20+S20+T20+V20+W20+X20+Y20+Z20 -> 0.0125 | AH20: =0+(20/60) -> 0.33333333 | AI20: 450 | AJ20: =+AH20*AI20 -> 150
B21: EC750-02 | AA21: =SUM(J21:Z21) -> 0 | AB21: =+J21+O21+Q21+U21 -> 0 | AC21: =0+(0/60) -> 0 | AD21: 350 | AE21: =+AC21*AD21 -> 0 | AG21: =+K21+L21+M21+N21+R21+S21+T21+V21+W21+X21+Y21+Z21 -> 0 | AH21: =0+(12/60) -> 0.2 | AI21: 350 | AJ21: =+AH21*AI21 -> 70
A22: Total | B22: PC1250-02 | E22: =E8+E15 -> 0 | F22: =F8+F15 -> 0 | J22: =J8+J15 -> 0.78472222 | K22: =K8+K15 -> 0 | L22: =L8+L15 -> 0 | M22: =M8+M15 -> 0 | N22: =N8+N15 -> 0 | O22: =O8+O15 -> 0 | P22: =P8+P15 -> 0 | Q22: =Q8+Q15 -> 0 | ... Z22: =Z8+Z15 -> 0 | AA22: =SUM(J22:Z22) -> 0.83333333 | AB22: Total loss time RM | AF22: =+AF15+AF8 -> 5111.6667 | AG22: Total loss time Produksi | AK22: =+AK15+AK8 -> 4429.1667
B23: PC1250-05 | E23: =E9+E16 -> 0 | F23: =F9+F16 -> 0 | J23: =J9+J16 -> 0.13402778 | K23: =K9+K16 -> 0 | L23: =L9+L16 -> 0 | M23: =M9+M16 -> 0.0041666667 | N23: =N9+N16 -> 0.013888889 | O23: =O9+O16 -> 0 | P23: =P9+P16 -> 0 | Q23: =Q9+Q16 -> 0 | ... Z23: =Z9+Z16 -> 0 | AA23: =SUM(J23:Z23) -> 0.22777778
B24: PC1250-06 | E24: =E10+E17 -> 0 | F24: =F10+F17 -> 0 | J24: =J10+J17 -> 0 | K24: =K10+K17 -> 0 | L24: =L10+L17 -> 0 | M24: =M10+M17 -> 0 | N24: =N10+N17 -> 0 | O24: =O10+O17 -> 0 | P24: =P10+P17 -> 0 | Q24: =Q10+Q17 -> 0 | ... Z24: =Z10+Z17 -> 0 | AA24: =SUM(J24:Z24) -> 0
B25: PC1250-07 | E25: =E11+E18 -> 0 | F25: =F11+F18 -> 0 | J25: =J11+J18 -> 0.05 | K25: =K11+K18 -> 0 | L25: =L11+L18 -> 0 | M25: =M11+M18 -> 0.017361111 | N25: =N11+N18 -> 0.013888889 | O25: =O11+O18 -> 0 | P25: =P11+P18 -> 0 | Q25: =Q11+Q18 -> 0 | ... Z25: =Z11+Z18 -> 0 | AA25: =SUM(J25:Z25) -> 0.1625
B26: PC1250-10 | E26: =E12+E19 -> 0 | F26: =F12+F19 -> 0 | J26: =J12+J19 -> 0 | K26: =K12+K19 -> 0.015277778 | L26: =L12+L19 -> 0.0069444444 | M26: =M12+M19 -> 0.0125 | N26: =N12+N19 -> 0.017361111 | O26: =O12+O19 -> 0 | P26: =P12+P19 -> 0 | Q26: =Q12+Q19 -> 0 | ... Z26: =Z12+Z19 -> 0 | AA26: =SUM(J26:Z26) -> 0.15625
B27: CAT395-02 | E27: =E13+E20 -> 0 | F27: =F13+F20 -> 0 | J27: =J13+J20 -> 0 | K27: =K13+K20 -> 0.00625 | L27: =L13+L20 -> 0.011111111 | M27: =M13+M20 -> 0.0076388889 | N27: =N13+N20 -> 0.013888889 | O27: =O13+O20 -> 0 | P27: =P13+P20 -> 0 | Q27: =Q13+Q20 -> 0 | ... Z27: =Z13+Z20 -> 0 | AA27: =SUM(J27:Z27) -> 0.22847222
B28: EC750-02 | E28: =E14+E21 -> 0 | F28: =F14+F21 -> 0 | J28: =J14+J21 -> 0.06875 | K28: =K14+K21 -> 0 | L28: =L14+L21 -> 0 | M28: =M14+M21 -> 0 | N28: =N14+N21 -> 0.0097222222 | O28: =O14+O21 -> 0 | P28: =P14+P21 -> 0 | Q28: =Q14+Q21 -> 0 | ... Z28: =Z14+Z21 -> 0 | AA28: =SUM(J28:Z28) -> 0.32569444

Sheet 08
A3: LOST TIME EXCAVATOR PIT 55
A4: PERIODE DESEMBER 204
A5: Tanggal : | B5: 45604
A6: Shift | B6: No Unit | C6: HM Awal | D6: HM Akhir | E6: Total HM | F6: EWH | G6: Prodty | H6: PA | I6: UA | J6: DELAY OPERATION
J7: BD | K7: Perbaikan Front | L7: Pindah Front | M7: Stop loading menjelang istirahat | N7: Stop loading akhir shift | O7: Greasing | P7: Travel | Q7: Oli hydrolik & coolant | R7: Blasting | S7: Hujan | T7: Slippery | U7: Pengisian Fuel | V7: General | W7: STB | X7: Perbaikan Jalan | Y7: Washing | Z7: Start loading setelah sholat jumat | AA7: Total Loss Time | AB7: LOSS TIME RM | AG7: LOSS TIME PROD
A8: Pagi | B8: PC1250-02 | J8: 0.41666667 | AA8: =SUM(J8:Z8) -> 0.41666667 | AB8: =+J8+O8+Q8+U8 -> 0.41666667 | AC8: =1+(14/60) -> 1.2333333 | AD8: 400 | AE8: =+AC8*AD8 -> 493.33333 | AF8: =SUM(AE8:AE14) -> 2981.6667 | AG8: =+K8+L8+M8+N8+R8+S8+T8+V8+W8+X8+Y8+Z8 -> 0 | AH8: =1+(26/60) -> 1.4333333 | AI8: 400 | AJ8: =+AH8*AI8 -> 573.33333 | AK8: =SUM(AJ8:AJ14) -> 4980
B9: PC1250-05 | W9: 0.41666667 | AA9: =SUM(J9:Z9) -> 0.41666667 | AB9: =+J9+O9+Q9+U9 -> 0 | AC9: =0+(0/60) -> 0 | AD9: 400 | AE9: =+AC9*AD9 -> 0 | AG9: =+K9+L9+M9+N9+R9+S9+T9+V9+W9+X9+Y9+Z9 -> 0.41666667 | AH9: =2+(32/60) -> 2.5333333 | AI9: 400 | AJ9: =+AH9*AI9 -> 1013.3333
B10: PC1250-06 | AA10: =SUM(J10:Z10) -> 0
B11: PC1250-07 | W11: 0.375 | AA11: =SUM(J11:Z11) -> 0.375 | AB11: =+J11+O11+Q11+U11 -> 0 | AC11: =0+(0/60) -> 0 | AD11: 400 | AE11: =+AC11*AD11 -> 0 | AG11: =+K11+L11+M11+N11+R11+S11+T11+V11+W11+X11+Y11+Z11 -> 0.375 | AH11: =1+(0/60) -> 1 | AI11: 400 | AJ11: =+AH11*AI11 -> 400
B12: PC1250-10 | W12: 0.041666667 | AA12: =SUM(J12:Z12) -> 0.041666667 | AB12: =+J12+O12+Q12+U12 -> 0 | AC12: =4+(59/60) -> 4.9833333 | AD12: 400 | AE12: =+AC12*AD12 -> 1993.3333 | AG12: =+K12+L12+M12+N12+R12+S12+T12+V12+W12+X12+Y12+Z12 -> 0.041666667 | AH12: =1+(10/60) -> 1.1666667 | AI12: 400 | AJ12: =+AH12*AI12 -> 466.66667
B13: CAT395-02 | K13: 0.020138889 | N13: 0.0069444444 | W13: 0.18125 | AA13: =SUM(J13:Z13) -> 0.20833333 | AB13: =+J13+O13+Q13+U13 -> 0 | AC13: =1+(6/60) -> 1.1 | AD13: 450 | AE13: =+AC13*AD13 -> 495 | AG13: =+K13+L13+M13+N13+R13+S13+T13+V13+W13+X13+Y13+Z13 -> 0.20833333 | AH13: =3+(6/60) -> 3.1 | AI13: 450 | AJ13: =+AH13*AI13 -> 1395
B14: EC750-02 | W14: 0.41666667 | AA14: =SUM(J14:Z14) -> 0.41666667 | AB14: =+J14+O14+Q14+U14 -> 0 | AC14: =0+(0/60) -> 0 | AD14: 350 | AE14: =+AC14*AD14 -> 0 | AG14: =+K14+L14+M14+N14+R14+S14+T14+V14+W14+X14+Y14+Z14 -> 0.41666667 | AH14: =3+(14/60) -> 3.2333333 | AI14: 350 | AJ14: =+AH14*AI14 -> 1131.6667
A15: Malam | B15: PC1250-02 | J15: 0.41666667 | AA15: =SUM(J15:Z15) -> 0.41666667 | AB15: =+J15+O15+Q15+U15 -> 0.41666667 | AC15: =4+(17/60) -> 4.2833333 | AD15: 400 | AE15: =+AC15*AD15 -> 1713.3333 | AF15: =SUM(AE15:AE21) -> 4220.8333 | AG15: =+K15+L15+M15+N15+R15+S15+T15+V15+W15+X15+Y15+Z15 -> 0 | AH15: =0+(17/60) -> 0.28333333 | AI15: 400 | AJ15: =+AH15*AI15 -> 113.33333 | AK15: =SUM(AJ15:AJ21) -> 3565.8333
B16: PC1250-05 | K16: 0.0034722222 | M16: 0.00069444444 | N16: 0.0069444444 | AA16: =SUM(J16:Z16) -> 0.011111111 | AB16: =+J16+O16+Q16+U16 -> 0 | AC16: =1+(36/60) -> 1.6 | AD16: 400 | AE16: =+AC16*AD16 -> 640 | AG16: =+K16+L16+M16+N16+R16+S16+T16+V16+W16+X16+Y16+Z16 -> 0.011111111 | AH16: =1+(5/60) -> 1.0833333 | AI16: 400 | AJ16: =+AH16*AI16 -> 433.33333
B17: PC1250-06 | AA17: =SUM(J17:Z17) -> 0 | AB17: =+J17+O17+Q17+U17 -> 0
B18: PC1250-07 | J18: 0.045138889 | K18: 0.0013888889 | M18: 0.0048611111 | N18: 0.0097222222 | AA18: =SUM(J18:Z18) -> 0.061111111 | AB18: =+J18+O18+Q18+U18 -> 0.045138889 | AC18: =0+(0/60) -> 0 | AD18: 400 | AE18: =+AC18*AD18 -> 0 | AG18: =+K18+L18+M18+N18+R18+S18+T18+V18+W18+X18+Y18+Z18 -> 0.015972222 | AH18: =0+(0/60) -> 0 | AI18: 400 | AJ18: =+AH18*AI18 -> 0
B19: PC1250-10 | J19: 0.099305556 | K19: 0.013888889 | M19: 0.0069444444 | N19: 0.0034722222 | AA19: =SUM(J19:Z19) -> 0.12361111 | AB19: =+J19+O19+Q19+U19 -> 0.099305556 | AC19: =0+(0/60) -> 0 | AD19: 400 | AE19: =+AC19*AD19 -> 0 | AG19: =+K19+L19+M19+N19+R19+S19+T19+V19+W19+X19+Y19+Z19 -> 0.024305556 | AH19: =5+(12/60) -> 5.2 | AI19: 400 | AJ19: =+AH19*AI19 -> 2080
B20: CAT395-02 | K20: 0.0027777778 | M20: 0.0069444444 | N20: 0.0069444444 | AA20: =SUM(J20:Z20) -> 0.016666667 | AB20: =+J20+O20+Q20+U20 -> 0 | AC20: =4+(9/60) -> 4.15 | AD20: 450 | AE20: =+AC20*AD20 -> 1867.5 | AG20: =+K20+L20+M20+N20+R20+S20+T20+V20+W20+X20+Y20+Z20 -> 0.016666667 | AH20: =0+(0/60) -> 0 | AI20: 450 | AJ20: =+AH20*AI20 -> 0
B21: EC750-02 | K21: 0.015972222 | N21: 0.0069444444 | V21: 0.20416667 | AA21: =SUM(J21:Z21) -> 0.22708333 | AB21: =+J21+O21+Q21+U21 -> 0 | AC21: =0+(0/60) -> 0 | AD21: 350 | AE21: =+AC21*AD21 -> 0 | AG21: =+K21+L21+M21+N21+R21+S21+T21+V21+W21+X21+Y21+Z21 -> 0.22708333 | AH21: =2+(41/60) -> 2.6833333 | AI21: 350 | AJ21: =+AH21*AI21 -> 939.16667
A22: Total | B22: PC1250-02 | E22: =E8+E15 -> 0 | F22: =F8+F15 -> 0 | J22: =J8+J15 -> 0.83333333 | K22: =K8+K15 -> 0 | L22: =L8+L15 -> 0 | M22: =M8+M15 -> 0 | N22: =N8+N15 -> 0 | O22: =O8+O15 -> 0 | P22: =P8+P15 -> 0 | Q22: =Q8+Q15 -> 0 | ... Z22: =Z8+Z15 -> 0 | AA22: =SUM(J22:Z22) -> 0.83333333 | AB22: Total loss time RM | AF22: =+AF15+AF8 -> 7202.5 | AG22: Total loss time Produksi | AK22: =+AK15+AK8 -> 8545.8333
B23: PC1250-05 | E23: =E9+E16 -> 0 | F23: =F9+F16 -> 0 | J23: =J9+J16 -> 0 | K23: =K9+K16 -> 0.0034722222 | L23: =L9+L16 -> 0 | M23: =M9+M16 -> 0.00069444444 | N23: =N9+N16 -> 0.0069444444 | O23: =O9+O16 -> 0 | P23: =P9+P16 -> 0 | Q23: =Q9+Q16 -> 0 | ... Z23: =Z9+Z16 -> 0 | AA23: =SUM(J23:Z23) -> 0.42777778
B24: PC1250-06 | E24: =E10+E17 -> 0 | F24: =F10+F17 -> 0 | J24: =J10+J17 -> 0 | K24: =K10+K17 -> 0 | L24: =L10+L17 -> 0 | M24: =M10+M17 -> 0 | N24: =N10+N17 -> 0 | O24: =O10+O17 -> 0 | P24: =P10+P17 -> 0 | Q24: =Q10+Q17 -> 0 | ... Z24: =Z10+Z17 -> 0 | AA24: =SUM(J24:Z24) -> 0
B25: PC1250-07 | E25: =E11+E18 -> 0 | F25: =F11+F18 -> 0 | J25: =J11+J18 -> 0.045138889 | K25: =K11+K18 -> 0.0013888889 | L25: =L11+L18 -> 0 | M25: =M11+M18 -> 0.0048611111 | N25: =N11+N18 -> 0.0097222222 | O25: =O11+O18 -> 0 | P25: =P11+P18 -> 0 | Q25: =Q11+Q18 -> 0 | ... Z25: =Z11+Z18 -> 0 | AA25: =SUM(J25:Z25) -> 0.43611111
B26: PC1250-10 | E26: =E12+E19 -> 0 | F26: =F12+F19 -> 0 | J26: =J12+J19 -> 0.099305556 | K26: =K12+K19 -> 0.013888889 | L26: =L12+L19 -> 0 | M26: =M12+M19 -> 0.0069444444 | N26: =N12+N19 -> 0.0034722222 | O26: =O12+O19 -> 0 | P26: =P12+P19 -> 0 | Q26: =Q12+Q19 -> 0 | ... Z26: =Z12+Z19 -> 0 | AA26: =SUM(J26:Z26) -> 0.16527778
B27: CAT395-02 | E27: =E13+E20 -> 0 | F27: =F13+F20 -> 0 | J27: =J13+J20 -> 0 | K27: =K13+K20 -> 0.022916667 | L27: =L13+L20 -> 0 | M27: =M13+M20 -> 0.0069444444 | N27: =N13+N20 -> 0.013888889 | O27: =O13+O20 -> 0 | P27: =P13+P20 -> 0 | Q27: =Q13+Q20 -> 0 | ... Z27: =Z13+Z20 -> 0 | AA27: =SUM(J27:Z27) -> 0.225
B28: EC750-02 | E28: =E14+E21 -> 0 | F28: =F14+F21 -> 0 | J28: =J14+J21 -> 0 | K28: =K14+K21 -> 0.015972222 | L28: =L14+L21 -> 0 | M28: =M14+M21 -> 0 | N28: =N14+N21 -> 0.0069444444 | O28: =O14+O21 -> 0 | P28: =P14+P21 -> 0 | Q28: =Q14+Q21 -> 0 | ... Z28: =Z14+Z21 -> 0 | AA28: =SUM(J28:Z28) -> 0.64375

Sheet 09
A3: LOST TIME EXCAVATOR PIT 55
A4: PERIODE DESEMBER 204
A5: Tanggal : | B5: 45635
A6: Shift | B6: No Unit | C6: HM Awal | D6: HM Akhir | E6: Total HM | F6: EWH | G6: Prodty | H6: PA | I6: UA | J6: DELAY OPERATION
J7: BD | K7: Perbaikan Front | L7: Pindah Front | M7: Stop loading menjelang istirahat | N7: Stop loading akhir shift | O7: Greasing | P7: Travel | Q7: Oli hydrolik & coolant | R7: Blasting | S7: Hujan | T7: Slippery | U7: Pengisian Fuel | V7: General | W7: STB | X7: Perbaikan Jalan | Y7: Washing | AA7: Total Loss Time | AB7: LOSS TIME RM | AG7: LOSS TIME PROD
A8: Pagi | B8: PC1250-02 | AA8: =SUM(J8:Z8) -> 0 | AB8: =+J8+O8+Q8+U8 -> 0 | AC8: =0+(14/60) -> 0.23333333 | AD8: 400 | AE8: =+AC8*AD8 -> 93.333333 | AF8: =SUM(AE8:AE14) -> 453.33333 | AG8: =+K8+L8+M8+N8+R8+S8+T8+V8+W8+X8+Y8+Z8 -> 0 | AH8: =0+(12/60) -> 0.2 | AI8: 400 | AJ8: =+AH8*AI8 -> 80 | AK8: =SUM(AJ8:AJ14) -> 5498.3333
B9: PC1250-05 | J9: 0.09375 | K9: 0.013888889 | M9: 0.0034722222 | N9: 0.0090277778 | R9: 0.020138889 | AA9: =SUM(J9:Z9) -> 0.14027778 | AB9: =+J9+O9+Q9+U9 -> 0.09375 | AC9: =0+(39/60) -> 0.65 | AD9: 400 | AE9: =+AC9*AD9 -> 260 | AG9: =+K9+L9+M9+N9+R9+S9+T9+V9+W9+X9+Y9+Z9 -> 0.046527778 | AH9: =3+(17/60) -> 3.2833333 | AI9: 400 | AJ9: =+AH9*AI9 -> 1313.3333
B10: PC1250-06
B11: PC1250-07 | M11: 0.0076388889 | N11: 0.0083333333 | R11: 0.015277778 | AA11: =SUM(J11:Z11) -> 0.03125 | AB11: =+J11+O11+Q11+U11 -> 0 | AC11: =0+(0/60) -> 0 | AD11: 400 | AE11: =+AC11*AD11 -> 0 | AG11: =+K11+L11+M11+N11+R11+S11+T11+V11+W11+X11+Y11+Z11 -> 0.03125 | AH11: =1+(24/60) -> 1.4 | AI11: 400 | AJ11: =+AH11*AI11 -> 560
B12: PC1250-10 | K12: 0.0076388889 | M12: 0.00069444444 | N12: 0.0097222222 | R12: 0.020138889 | AA12: =SUM(J12:Z12) -> 0.038194444 | AB12: =+J12+O12+Q12+U12 -> 0 | AC12: =0+(15/60) -> 0.25 | AD12: 400 | AE12: =+AC12*AD12 -> 100 | AG12: =+K12+L12+M12+N12+R12+S12+T12+V12+W12+X12+Y12+Z12 -> 0.038194444 | AH12: =3+(17/60) -> 3.2833333 | AI12: 400 | AJ12: =+AH12*AI12 -> 1313.3333
B13: CAT395-02 | K13: 0.0013888889 | M13: 0.0069444444 | N13: 0.0048611111 | R13: 0.010416667 | AA13: =SUM(J13:Z13) -> 0.023611111 | AB13: =+J13+O13+Q13+U13 -> 0 | AC13: =0+(0/60) -> 0 | AD13: 450 | AE13: =+AC13*AD13 -> 0 | AG13: =+K13+L13+M13+N13+R13+S13+T13+V13+W13+X13+Y13+Z13 -> 0.023611111 | AH13: =3+(18/60) -> 3.3 | AI13: 450 | AJ13: =+AH13*AI13 -> 1485
B14: EC750-02 | J14: 0.082638889 | K14: 0.0034722222 | M14: 0.010416667 | N14: 0.014583333 | R14: 0.020833333 | AA14: =SUM(J14:Z14) -> 0.13194444 | AB14: =+J14+O14+Q14+U14 -> 0.082638889 | AC14: =0+(0/60) -> 0 | AD14: 350 | AE14: =+AC14*AD14 -> 0 | AG14: =+K14+L14+M14+N14+R14+S14+T14+V14+W14+X14+Y14+Z14 -> 0.049305556 | AH14: =2+(8/60) -> 2.1333333 | AI14: 350 | AJ14: =+AH14*AI14 -> 746.66667
A15: Malam | B15: PC1250-02 | J15: 0.24652778 | K15: 0.0027777778 | P15: 0.060416667 | S15: 0.017361111 | AA15: =SUM(J15:Z15) -> 0.32708333 | AB15: =+J15+O15+Q15+U15 -> 0.24652778 | AC15: =0+(0/60) -> 0 | AD15: 400 | AE15: =+AC15*AD15 -> 0 | AF15: =SUM(AE15:AE21) -> 476.66667 | AG15: =+K15+L15+M15+N15+R15+S15+T15+V15+W15+X15+Y15+Z15 -> 0.020138889 | AH15: =1+(42/60) -> 1.7 | AI15: 400 | AJ15: =+AH15*AI15 -> 680 | AK15: =SUM(AJ15:AJ21) -> 3400
B16: PC1250-05 | J16: 0.37847222 | AA16: =SUM(J16:Z16) -> 0.37847222 | AB16: =+J16+O16+Q16+U16 -> 0.37847222 | AC16: =1+(1/60) -> 1.0166667 | AD16: 400 | AE16: =+AC16*AD16 -> 406.66667 | AG16: =+K16+L16+M16+N16+R16+S16+T16+V16+W16+X16+Y16+Z16 -> 0 | AH16: =1+(55/60) -> 1.9166667 | AI16: 400 | AJ16: =+AH16*AI16 -> 766.66667
B17: PC1250-06
B18: PC1250-07 | K18: 0.014583333 | N18: 0.0069444444 | S18: 0.017361111 | AA18: =SUM(J18:Z18) -> 0.038888889 | AB18: =+J18+O18+Q18+U18 -> 0 | AC18: =0+(0/60) -> 0 | AD18: 400 | AE18: =+AC18*AD18 -> 0 | AG18: =+K18+L18+M18+N18+R18+S18+T18+V18+W18+X18+Y18+Z18 -> 0.038888889 | AH18: =0+(0/60) -> 0 | AI18: 400 | AJ18: =+AH18*AI18 -> 0
B19: PC1250-10 | K19: 0.0076388889 | N19: 0.0076388889 | S19: 0.017361111 | AA19: =SUM(J19:Z19) -> 0.032638889 | AB19: =+J19+O19+Q19+U19 -> 0 | AC19: =0+(0/60) -> 0 | AD19: 400 | AE19: =+AC19*AD19 -> 0 | AG19: =+K19+L19+M19+N19+R19+S19+T19+V19+W19+X19+Y19+Z19 -> 0.032638889 | AH19: =1+(47/60) -> 1.7833333 | AI19: 400 | AJ19: =+AH19*AI19 -> 713.33333
B20: CAT395-02 | K20: 0.01875 | N20: 0.0020833333 | O20: 0.0083333333 | S20: 0.017361111 | AA20: =SUM(J20:Z20) -> 0.046527778 | AB20: =+J20+O20+Q20+U20 -> 0.0083333333 | AC20: =0+(0/60) -> 0 | AD20: 450 | AE20: =+AC20*AD20 -> 0 | AG20: =+K20+L20+M20+N20+R20+S20+T20+V20+W20+X20+Y20+Z20 -> 0.038194444 | AH20: =2+(22/60) -> 2.3666667 | AI20: 450 | AJ20: =+AH20*AI20 -> 1065
B21: EC750-02 | K21: 0.024305556 | N21: 0.0069444444 | S21: 0.017361111 | AA21: =SUM(J21:Z21) -> 0.048611111 | AB21: =+J21+O21+Q21+U21 -> 0 | AC21: =0+(12/60) -> 0.2 | AD21: 350 | AE21: =+AC21*AD21 -> 70 | AG21: =+K21+L21+M21+N21+R21+S21+T21+V21+W21+X21+Y21+Z21 -> 0.048611111 | AH21: =0+(30/60) -> 0.5 | AI21: 350 | AJ21: =+AH21*AI21 -> 175
A22: Total | B22: PC1250-02 | E22: =E8+E15 -> 0 | F22: =F8+F15 -> 0 | J22: =J8+J15 -> 0.24652778 | K22: =K8+K15 -> 0.0027777778 | L22: =L8+L15 -> 0 | M22: =M8+M15 -> 0 | N22: =N8+N15 -> 0 | O22: =O8+O15 -> 0 | P22: =P8+P15 -> 0.060416667 | Q22: =Q8+Q15 -> 0 | ... Z22: =Z8+Z15 -> 0 | AA22: =SUM(J22:Z22) -> 0.32708333 | AB22: Total loss time RM | AF22: =+AF15+AF8 -> 930 | AG22: Total loss time Produksi | AK22: =+AK15+AK8 -> 8898.3333
B23: PC1250-05 | E23: =E9+E16 -> 0 | F23: =F9+F16 -> 0 | J23: =J9+J16 -> 0.47222222 | K23: =K9+K16 -> 0.013888889 | L23: =L9+L16 -> 0 | M23: =M9+M16 -> 0.0034722222 | N23: =N9+N16 -> 0.0090277778 | O23: =O9+O16 -> 0 | P23: =P9+P16 -> 0 | Q23: =Q9+Q16 -> 0 | ... Z23: =Z9+Z16 -> 0 | AA23: =SUM(J23:Z23) -> 0.51875
B24: PC1250-06 | E24: =E10+E17 -> 0 | F24: =F10+F17 -> 0 | J24: =J10+J17 -> 0 | K24: =K10+K17 -> 0 | L24: =L10+L17 -> 0 | M24: =M10+M17 -> 0 | N24: =N10+N17 -> 0 | O24: =O10+O17 -> 0 | P24: =P10+P17 -> 0 | Q24: =Q10+Q17 -> 0 | ... Z24: =Z10+Z17 -> 0 | AA24: =SUM(J24:Z24) -> 0
B25: PC1250-07 | E25: =E11+E18 -> 0 | F25: =F11+F18 -> 0 | J25: =J11+J18 -> 0 | K25: =K11+K18 -> 0.014583333 | L25: =L11+L18 -> 0 | M25: =M11+M18 -> 0.0076388889 | N25: =N11+N18 -> 0.015277778 | O25: =O11+O18 -> 0 | P25: =P11+P18 -> 0 | Q25: =Q11+Q18 -> 0 | ... Z25: =Z11+Z18 -> 0 | AA25: =SUM(J25:Z25) -> 0.070138889
B26: PC1250-10 | E26: =E12+E19 -> 0 | F26: =F12+F19 -> 0 | J26: =J12+J19 -> 0 | K26: =K12+K19 -> 0.015277778 | L26: =L12+L19 -> 0 | M26: =M12+M19 -> 0.00069444444 | N26: =N12+N19 -> 0.017361111 | O26: =O12+O19 -> 0 | P26: =P12+P19 -> 0 | Q26: =Q12+Q19 -> 0 | ... Z26: =Z12+Z19 -> 0 | AA26: =SUM(J26:Z26) -> 0.070833333
B27: CAT395-02 | E27: =E13+E20 -> 0 | F27: =F13+F20 -> 0 | J27: =J13+J20 -> 0 | K27: =K13+K20 -> 0.020138889 | L27: =L13+L20 -> 0 | M27: =M13+M20 -> 0.0069444444 | N27: =N13+N20 -> 0.0069444444 | O27: =O13+O20 -> 0.0083333333 | P27: =P13+P20 -> 0 | Q27: =Q13+Q20 -> 0 | ... Z27: =Z13+Z20 -> 0 | AA27: =SUM(J27:Z27) -> 0.070138889
B28: EC750-02 | E28: =E14+E21 -> 0 | F28: =F14+F21 -> 0 | J28: =J14+J21 -> 0.082638889 | K28: =K14+K21 -> 0.027777778 | L28: =L14+L21 -> 0 | M28: =M14+M21 -> 0.010416667 | N28: =N14+N21 -> 0.021527778 | O28: =O14+O21 -> 0 | P28: =P14+P21 -> 0 | Q28: =Q14+Q21 -> 0 | ... Z28: =Z14+Z21 -> 0 | AA28: =SUM(J28:Z28) -> 0.18055556

Sheet 10
A3: LOST TIME EXCAVATOR PIT 55
A4: PERIODE DESEMBER 204
A5: Tanggal : | B5: 45606
A6: Shift | B6: No Unit | C6: HM Awal | D6: HM Akhir | E6: Total HM | F6: EWH | G6: Prodty | H6: PA | I6: UA | J6: DELAY OPERATION
J7: BD | K7: Perbaikan Front | L7: Pindah Front | M7: Stop loading menjelang istirahat | N7: Stop loading akhir shift | O7: Greasing | P7: Travel | Q7: Oli hydrolik & coolant | R7: Blasting | S7: Hujan | T7: Slippery | U7: Pengisian Fuel | V7: General | W7: STB | X7: Perbaikan Jalan | Y7: Washing | AA7: Total Loss Time | AB7: LOSS TIME RM | AG7: LOSS TIME PROD
A8: Pagi | B8: PC1250-02 | J8: 0.22361111 | K8: 0.014583333 | M8: 0.0069444444 | N8: 0.018055556 | AA8: =SUM(J8:Z8) -> 0.26319444 | AB8: =+J8+O8+Q8+U8 -> 0.22361111 | AC8: =0+(0/60) -> 0 | AD8: 400 | AE8: =+AC8*AD8 -> 0 | AF8: =SUM(AE8:AE14) -> 2965 | AG8: =+K8+L8+M8+N8+R8+S8+T8+V8+W8+X8+Y8+Z8 -> 0.039583333 | AH8: =0+(48/60) -> 0.8 | AI8: 400 | AJ8: =+AH8*AI8 -> 320 | AK8: =SUM(AJ8:AJ14) -> 2076.6667
B9: PC1250-05 | J9: 0.35416667 | V9: 0.025 | AA9: =SUM(J9:Z9) -> 0.37916667 | AB9: =+J9+O9+Q9+U9 -> 0.35416667 | AC9: =4+(10/60) -> 4.1666667 | AD9: 400 | AE9: =+AC9*AD9 -> 1666.6667 | AG9: =+K9+L9+M9+N9+R9+S9+T9+V9+W9+X9+Y9+Z9 -> 0.025 | AH9: =0+(28/60) -> 0.46666667 | AI9: 400 | AJ9: =+AH9*AI9 -> 186.66667
B10: PC1250-06
B11: PC1250-07 | J11: 0.17152778 | K11: 0.010416667 | M11: 0.0055555556 | N11: 0.0090277778 | R11: 0.013888889 | AA11: =SUM(J11:Z11) -> 0.21041667 | AB11: =+J11+O11+Q11+U11 -> 0.17152778 | AC11: =0+(0/60) -> 0 | AD11: 400 | AE11: =+AC11*AD11 -> 0 | AG11: =+K11+L11+M11+N11+R11+S11+T11+V11+W11+X11+Y11+Z11 -> 0.038888889 | AH11: =0+(0/60) -> 0 | AI11: 400 | AJ11: =+AH11*AI11 -> 0
B12: PC1250-10 | J12: 0.19444444 | M12: 0.010416667 | AA12: =SUM(J12:Z12) -> 0.20486111 | AB12: =+J12+O12+Q12+U12 -> 0.19444444 | AC12: =0+(0/60) -> 0 | AD12: 400 | AE12: =+AC12*AD12 -> 0 | AG12: =+K12+L12+M12+N12+R12+S12+T12+V12+W12+X12+Y12+Z12 -> 0.010416667 | AH12: =1+(57/60) -> 1.95 | AI12: 400 | AJ12: =+AH12*AI12 -> 780
B13: CAT395-02 | L13: 0.020833333 | M13: 0.0055555556 | N13: 0.0034722222 | R13: 0.010416667 | AA13: =SUM(J13:Z13) -> 0.040277778 | AB13: =+J13+O13+Q13+U13 -> 0 | AC13: =1+(26/60) -> 1.4333333 | AD13: 450 | AE13: =+AC13*AD13 -> 645 | AG13: =+K13+L13+M13+N13+R13+S13+T13+V13+W13+X13+Y13+Z13 -> 0.040277778 | AH13: =0+(40/60) -> 0.66666667 | AI13: 450 | AJ13: =+AH13*AI13 -> 300
B14: EC750-02 | M14: 0.0041666667 | N14: 0.0069444444 | R14: 0.0125 | AA14: =SUM(J14:Z14) -> 0.023611111 | AB14: =+J14+O14+Q14+U14 -> 0 | AC14: =1+(52/60) -> 1.8666667 | AD14: 350 | AE14: =+AC14*AD14 -> 653.33333 | AG14: =+K14+L14+M14+N14+R14+S14+T14+V14+W14+X14+Y14+Z14 -> 0.023611111 | AH14: =1+(24/60) -> 1.4 | AI14: 350 | AJ14: =+AH14*AI14 -> 490
A15: Malam | B15: PC1250-02 | K15: 0.0041666667 | N15: 0.0069444444 | V15: 0.12847222 | AA15: =SUM(J15:Z15) -> 0.13958333 | AB15: =+J15+O15+Q15+U15 -> 0 | AC15: =0+(10/60) -> 0.16666667 | AD15: 400 | AE15: =+AC15*AD15 -> 66.666667 | AF15: =SUM(AE15:AE21) -> 966.66667 | AG15: =+K15+L15+M15+N15+R15+S15+T15+V15+W15+X15+Y15+Z15 -> 0.13958333 | AH15: =0+(44/60) -> 0.73333333 | AI15: 400 | AJ15: =+AH15*AI15 -> 293.33333 | AK15: =SUM(AJ15:AJ21) -> 1195
B16: PC1250-05 | J16: 0.11944444 | K16: 0.0034722222 | M16: 0.013194444 | W16: 0.18680556 | AA16: =SUM(J16:Z16) -> 0.32291667 | AB16: =+J16+O16+Q16+U16 -> 0.11944444 | AC16: =0+(0/60) -> 0 | AD16: 400 | AE16: =+AC16*AD16 -> 0 | AG16: =+K16+L16+M16+N16+R16+S16+T16+V16+W16+X16+Y16+Z16 -> 0.20347222 | AH16: =0+(18/60) -> 0.3 | AI16: 400 | AJ16: =+AH16*AI16 -> 120
B17: PC1250-06
B18: PC1250-07 | K18: 0.0055555556 | M18: 0.0055555556 | N18: 0.0055555556 | AA18: =SUM(J18:Z18) -> 0.016666667 | AB18: =+J18+O18+Q18+U18 -> 0 | AC18: =0+(0/60) -> 0 | AD18: 400 | AE18: =+AC18*AD18 -> 0 | AG18: =+K18+L18+M18+N18+R18+S18+T18+V18+W18+X18+Y18+Z18 -> 0.016666667 | AH18: =0+(0/60) -> 0 | AI18: 400 | AJ18: =+AH18*AI18 -> 0
B19: PC1250-10 | K19: 0.0069444444 | L19: 0.0097222222 | M19: 0.015277778 | N19: 0.010416667 | AA19: =SUM(J19:Z19) -> 0.042361111 | AB19: =+J19+O19+Q19+U19 -> 0 | AC19: =0+(0/60) -> 0 | AD19: 400 | AE19: =+AC19*AD19 -> 0 | AG19: =+K19+L19+M19+N19+R19+S19+T19+V19+W19+X19+Y19+Z19 -> 0.042361111 | AH19: =1+(20/60) -> 1.3333333 | AI19: 400 | AJ19: =+AH19*AI19 -> 533.33333
B20: CAT395-02 | K20: 0.0048611111 | M20: 0.0069444444 | N20: 0.0048611111 | AA20: =SUM(J20:Z20) -> 0.016666667 | AB20: =+J20+O20+Q20+U20 -> 0 | AC20: =2+(0/60) -> 2 | AD20: 450 | AE20: =+AC20*AD20 -> 900 | AG20: =+K20+L20+M20+N20+R20+S20+T20+V20+W20+X20+Y20+Z20 -> 0.016666667 | AH20: =0+(9/60) -> 0.15 | AI20: 450 | AJ20: =+AH20*AI20 -> 67.5
B21: EC750-02 | K21: 0.0020833333 | M21: 0.010416667 | N21: 0.0027777778 | P21: 0.069444444 | AA21: =SUM(J21:Z21) -> 0.084722222 | AB21: =+J21+O21+Q21+U21 -> 0 | AC21: =0+(0/60) -> 0 | AD21: 350 | AE21: =+AC21*AD21 -> 0 | AG21: =+K21+L21+M21+N21+R21+S21+T21+V21+W21+X21+Y21+Z21 -> 0.015277778 | AH21: =0+(31/60) -> 0.51666667 | AI21: 350 | AJ21: =+AH21*AI21 -> 180.83333
A22: Total | B22: PC1250-02 | E22: =E8+E15 -> 0 | F22: =F8+F15 -> 0 | J22: =J8+J15 -> 0.22361111 | K22: =K8+K15 -> 0.01875 | L22: =L8+L15 -> 0 | M22: =M8+M15 -> 0.0069444444 | N22: =N8+N15 -> 0.025 | O22: =O8+O15 -> 0 | P22: =P8+P15 -> 0 | Q22: =Q8+Q15 -> 0 | ... Z22: =Z8+Z15 -> 0 | AA22: =SUM(J22:Z22) -> 0.40277778 | AB22: Total loss time RM | AF22: =+AF15+AF8 -> 3931.6667 | AG22: Total loss time Produksi | AK22: =+AK15+AK8 -> 3271.6667
B23: PC1250-05 | E23: =E9+E16 -> 0 | F23: =F9+F16 -> 0 | J23: =J9+J16 -> 0.47361111 | K23: =K9+K16 -> 0.0034722222 | L23: =L9+L16 -> 0 | M23: =M9+M16 -> 0.013194444 | N23: =N9+N16 -> 0 | O23: =O9+O16 -> 0 | P23: =P9+P16 -> 0 | Q23: =Q9+Q16 -> 0 | ... Z23: =Z9+Z16 -> 0 | AA23: =SUM(J23:Z23) -> 0.70208333
B24: PC1250-06 | E24: =E10+E17 -> 0 | F24: =F10+F17 -> 0 | J24: =J10+J17 -> 0 | K24: =K10+K17 -> 0 | L24: =L10+L17 -> 0 | M24: =M10+M17 -> 0 | N24: =N10+N17 -> 0 | O24: =O10+O17 -> 0 | P24: =P10+P17 -> 0 | Q24: =Q10+Q17 -> 0 | ... Z24: =Z10+Z17 -> 0 | AA24: =SUM(J24:Z24) -> 0
B25: PC1250-07 | E25: =E11+E18 -> 0 | F25: =F11+F18 -> 0 | J25: =J11+J18 -> 0.17152778 | K25: =K11+K18 -> 0.015972222 | L25: =L11+L18 -> 0 | M25: =M11+M18 -> 0.011111111 | N25: =N11+N18 -> 0.014583333 | O25: =O11+O18 -> 0 | P25: =P11+P18 -> 0 | Q25: =Q11+Q18 -> 0 | ... Z25: =Z11+Z18 -> 0 | AA25: =SUM(J25:Z25) -> 0.22708333
B26: PC1250-10 | E26: =E12+E19 -> 0 | F26: =F12+F19 -> 0 | J26: =J12+J19 -> 0.19444444 | K26: =K12+K19 -> 0.0069444444 | L26: =L12+L19 -> 0.0097222222 | M26: =M12+M19 -> 0.025694444 | N26: =N12+N19 -> 0.010416667 | O26: =O12+O19 -> 0 | P26: =P12+P19 -> 0 | Q26: =Q12+Q19 -> 0 | ... Z26: =Z12+Z19 -> 0 | AA26: =SUM(J26:Z26) -> 0.24722222
B27: CAT395-02 | E27: =E13+E20 -> 0 | F27: =F13+F20 -> 0 | J27: =J13+J20 -> 0 | K27: =K13+K20 -> 0.0048611111 | L27: =L13+L20 -> 0.020833333 | M27: =M13+M20 -> 0.0125 | N27: =N13+N20 -> 0.0083333333 | O27: =O13+O20 -> 0 | P27: =P13+P20 -> 0 | Q27: =Q13+Q20 -> 0 | ... Z27: =Z13+Z20 -> 0 | AA27: =SUM(J27:Z27) -> 0.056944444
B28: EC750-02 | E28: =E14+E21 -> 0 | F28: =F14+F21 -> 0 | J28: =J14+J21 -> 0 | K28: =K14+K21 -> 0.0020833333 | L28: =L14+L21 -> 0 | M28: =M14+M21 -> 0.014583333 | N28: =N14+N21 -> 0.0097222222 | O28: =O14+O21 -> 0 | P28: =P14+P21 -> 0.069444444 | Q28: =Q14+Q21 -> 0 | ... Z28: =Z14+Z21 -> 0 | AA28: =SUM(J28:Z28) -> 0.10833333

Sheet 11
A3: LOST TIME EXCAVATOR PIT 55
A4: PERIODE DESEMBER 204
A5: Tanggal : | B5: 45637
A6: Shift | B6: No Unit | C6: HM Awal | D6: HM Akhir | E6: Total HM | F6: EWH | G6: Prodty | H6: PA | I6: UA | J6: DELAY OPERATION
J7: BD | K7: Perbaikan Front | L7: Pindah Front | M7: Stop loading menjelang istirahat | N7: Stop loading akhir shift | O7: Greasing | P7: Travel | Q7: Oli hydrolik & coolant | R7: Blasting | S7: Hujan | T7: Slippery | U7: Pengisian Fuel | V7: General | W7: STB | X7: Perbaikan Jalan | Y7: Washing | Z7: Start loading setealh sholat jumat | AA7: Total Loss Time | AB7: LOSS TIME RM | AG7: LOSS TIME PROD
A8: Pagi | B8: PC1250-02 | J8: 0.047916667 | K8: 0.017361111 | M8: 0.011805556 | S8: 0.12152778 | T8: 0.10416667 | AA8: =SUM(J8:Z8) -> 0.30277778 | AB8: =+J8+O8+Q8+U8 -> 0.047916667 | AC8: =0+(0/60) -> 0 | AD8: 400 | AE8: =+AC8*AD8 -> 0 | AF8: =SUM(AE8:AE14) -> 213.33333 | AG8: =+K8+L8+M8+N8+R8+S8+T8+V8+W8+X8+Y8+Z8 -> 0.25486111 | AH8: =1+(19/60) -> 1.3166667 | AI8: 400 | AJ8: =+AH8*AI8 -> 526.66667 | AK8: =SUM(AJ8:AJ14) -> 3061.6667
B9: PC1250-05 | K9: 0.025 | L9: 0.0097222222 | M9: 0.0020833333 | S9: 0.12152778 | T9: 0.10277778 | W9: 0.0069444444 | AA9: =SUM(J9:Z9) -> 0.26805556 | AB9: =+J9+O9+Q9+U9 -> 0 | AC9: =0+(32/60) -> 0.53333333 | AD9: 400 | AE9: =+AC9*AD9 -> 213.33333 | AG9: =+K9+L9+M9+N9+R9+S9+T9+V9+W9+X9+Y9+Z9 -> 0.26805556 | AH9: =1+(14/60) -> 1.2333333 | AI9: 400 | AJ9: =+AH9*AI9 -> 493.33333
B10: PC1250-06 | AA10: =SUM(J10:Z10) -> 0
B11: PC1250-07 | M11: 0.010416667 | S11: 0.12152778 | T11: 0.10416667 | AA11: =SUM(J11:Z11) -> 0.23611111 | AB11: =+J11+O11+Q11+U11 -> 0 | AC11: =0+(0/60) -> 0 | AD11: 400 | AE11: =+AC11*AD11 -> 0 | AG11: =+K11+L11+M11+N11+R11+S11+T11+V11+W11+X11+Y11+Z11 -> 0.23611111 | AH11: =0+(0/60) -> 0 | AI11: 400 | AJ11: =+AH11*AI11 -> 0
B12: PC1250-10 | J12: 0.10069444 | K12: 0.013194444 | M12: 0.010416667 | S12: 0.12152778 | T12: 0.10416667 | AA12: =SUM(J12:Z12) -> 0.35 | AB12: =+J12+O12+Q12+U12 -> 0.10069444 | AC12: =0+(0/60) -> 0 | AD12: 400 | AE12: =+AC12*AD12 -> 0 | AG12: =+K12+L12+M12+N12+R12+S12+T12+V12+W12+X12+Y12+Z12 -> 0.24930556 | AH12: =1+(48/60) -> 1.8 | AI12: 400 | AJ12: =+AH12*AI12 -> 720
B13: CAT395-02 | M13: 0.0048611111 | S13: 0.12152778 | T13: 0.10416667 | AA13: =SUM(J13:Z13) -> 0.23055556 | AB13: =+J13+O13+Q13+U13 -> 0 | AC13: =0+(0/60) -> 0 | AD13: 450 | AE13: =+AC13*AD13 -> 0 | AG13: =+K13+L13+M13+N13+R13+S13+T13+V13+W13+X13+Y13+Z13 -> 0.23055556 | AH13: =0+(51/60) -> 0.85 | AI13: 450 | AJ13: =+AH13*AI13 -> 382.5
B14: EC750-02 | AA14: =SUM(J14:Z14) -> 0 | AB14: =+J14+O14+Q14+U14 -> 0 | AC14: =0+(0/60) -> 0 | AD14: 350 | AE14: =+AC14*AD14 -> 0 | AG14: =+K14+L14+M14+N14+R14+S14+T14+V14+W14+X14+Y14+Z14 -> 0 | AH14: =2+(41/60) -> 2.6833333 | AI14: 350 | AJ14: =+AH14*AI14 -> 939.16667
A15: Malam | B15: PC1250-02 | S15: 0.083333333 | T15: 0.22222222 | W15: 0.032638889 | AA15: =SUM(J15:Z15) -> 0.33819444 | AB15: =+J15+O15+Q15+U15 -> 0 | AC15: =5+(44/60) -> 5.7333333 | AD15: 400 | AE15: =+AC15*AD15 -> 2293.3333 | AF15: =SUM(AE15:AE21) -> 4158.3333 | AG15: =+K15+L15+M15+N15+R15+S15+T15+V15+W15+X15+Y15+Z15 -> 0.33819444 | AH15: =0+(12/60) -> 0.2 | AI15: 400 | AJ15: =+AH15*AI15 -> 80 | AK15: =SUM(AJ15:AJ21) -> 1530
B16: PC1250-05 | S16: 0.083333333 | T16: 0.23611111 | W16: 0.034722222 | AA16: =SUM(J16:Z16) -> 0.35416667 | AB16: =+J16+O16+Q16+U16 -> 0 | AC16: =0+(0/60) -> 0 | AD16: 400 | AE16: =+AC16*AD16 -> 0 | AG16: =+K16+L16+M16+N16+R16+S16+T16+V16+W16+X16+Y16+Z16 -> 0.35416667 | AH16: =0+(25/60) -> 0.41666667 | AI16: 400 | AJ16: =+AH16*AI16 -> 166.66667
B17: PC1250-06
B18: PC1250-07 | S18: 0.083333333 | T18: 0.22916667 | W18: 0.032638889 | AA18: =SUM(J18:Z18) -> 0.34513889 | AB18: =+J18+O18+Q18+U18 -> 0 | AC18: =0+(0/60) -> 0 | AD18: 400 | AE18: =+AC18*AD18 -> 0 | AG18: =+K18+L18+M18+N18+R18+S18+T18+V18+W18+X18+Y18+Z18 -> 0.34513889 | AH18: =0+(0/60) -> 0 | AI18: 400 | AJ18: =+AH18*AI18 -> 0
B19: PC1250-10 | S19: 0.083333333 | T19: 0.22222222 | W19: 0.032638889 | AA19: =SUM(J19:Z19) -> 0.33819444 | AB19: =+J19+O19+Q19+U19 -> 0 | AC19: =0+(0/60) -> 0 | AD19: 400 | AE19: =+AC19*AD19 -> 0 | AG19: =+K19+L19+M19+N19+R19+S19+T19+V19+W19+X19+Y19+Z19 -> 0.33819444 | AH19: =0+(52/60) -> 0.86666667 | AI19: 400 | AJ19: =+AH19*AI19 -> 346.66667
B20: CAT395-02 | S20: 0.083333333 | T20: 0.22222222 | V20: 0.020833333 | W20: 0.032638889 | AA20: =SUM(J20:Z20) -> 0.35902778 | AB20: =+J20+O20+Q20+U20 -> 0 | AC20: =1+(2/60) -> 1.0333333 | AD20: 450 | AE20: =+AC20*AD20 -> 465 | AG20: =+K20+L20+M20+N20+R20+S20+T20+V20+W20+X20+Y20+Z20 -> 0.35902778 | AH20: =0+(16/60) -> 0.26666667 | AI20: 450 | AJ20: =+AH20*AI20 -> 120
B21: EC750-02 | K21: 0.0034722222 | M21: 0.0055555556 | S21: 0.083333333 | T21: 0.18333333 | W21: 0.032638889 | AA21: =SUM(J21:Z21) -> 0.30833333 | AB21: =+J21+O21+Q21+U21 -> 0 | AC21: =4+(0/60) -> 4 | AD21: 350 | AE21: =+AC21*AD21 -> 1400 | AG21: =+K21+L21+M21+N21+R21+S21+T21+V21+W21+X21+Y21+Z21 -> 0.30833333 | AH21: =2+(20/60) -> 2.3333333 | AI21: 350 | AJ21: =+AH21*AI21 -> 816.66667
A22: Total | B22: PC1250-02 | E22: =E8+E15 -> 0 | F22: =F8+F15 -> 0 | J22: =J8+J15 -> 0.047916667 | K22: =K8+K15 -> 0.017361111 | L22: =L8+L15 -> 0 | M22: =M8+M15 -> 0.011805556 | N22: =N8+N15 -> 0 | O22: =O8+O15 -> 0 | P22: =P8+P15 -> 0 | Q22: =Q8+Q15 -> 0 | ... Z22: =Z8+Z15 -> 0 | AA22: =SUM(J22:Z22) -> 0.64097222 | AB22: Total loss time RM | AF22: =+AF15+AF8 -> 4371.6667 | AG22: Total loss time Produksi | AK22: =+AK15+AK8 -> 4591.6667
B23: PC1250-05 | E23: =E9+E16 -> 0 | F23: =F9+F16 -> 0 | J23: =J9+J16 -> 0 | K23: =K9+K16 -> 0.025 | L23: =L9+L16 -> 0.0097222222 | M23: =M9+M16 -> 0.0020833333 | N23: =N9+N16 -> 0 | O23: =O9+O16 -> 0 | P23: =P9+P16 -> 0 | Q23: =Q9+Q16 -> 0 | ... Z23: =Z9+Z16 -> 0 | AA23: =SUM(J23:Z23) -> 0.62222222
B24: PC1250-06 | E24: =E10+E17 -> 0 | F24: =F10+F17 -> 0 | J24: =J10+J17 -> 0 | K24: =K10+K17 -> 0 | L24: =L10+L17 -> 0 | M24: =M10+M17 -> 0 | N24: =N10+N17 -> 0 | O24: =O10+O17 -> 0 | P24: =P10+P17 -> 0 | Q24: =Q10+Q17 -> 0 | ... Z24: =Z10+Z17 -> 0 | AA24: =SUM(J24:Z24) -> 0
B25: PC1250-07 | E25: =E11+E18 -> 0 | F25: =F11+F18 -> 0 | J25: =J11+J18 -> 0 | K25: =K11+K18 -> 0 | L25: =L11+L18 -> 0 | M25: =M11+M18 -> 0.010416667 | N25: =N11+N18 -> 0 | O25: =O11+O18 -> 0 | P25: =P11+P18 -> 0 | Q25: =Q11+Q18 -> 0 | ... Z25: =Z11+Z18 -> 0 | AA25: =SUM(J25:Z25) -> 0.58125
B26: PC1250-10 | E26: =E12+E19 -> 0 | F26: =F12+F19 -> 0 | J26: =J12+J19 -> 0.10069444 | K26: =K12+K19 -> 0.013194444 | L26: =L12+L19 -> 0 | M26: =M12+M19 -> 0.010416667 | N26: =N12+N19 -> 0 | O26: =O12+O19 -> 0 | P26: =P12+P19 -> 0 | Q26: =Q12+Q19 -> 0 | ... Z26: =Z12+Z19 -> 0 | AA26: =SUM(J26:Z26) -> 0.68819444
B27: CAT395-02 | E27: =E13+E20 -> 0 | F27: =F13+F20 -> 0 | J27: =J13+J20 -> 0 | K27: =K13+K20 -> 0 | L27: =L13+L20 -> 0 | M27: =M13+M20 -> 0.0048611111 | N27: =N13+N20 -> 0 | O27: =O13+O20 -> 0 | P27: =P13+P20 -> 0 | Q27: =Q13+Q20 -> 0 | ... Z27: =Z13+Z20 -> 0 | AA27: =SUM(J27:Z27) -> 0.58958333
B28: EC750-02 | E28: =E14+E21 -> 0 | F28: =F14+F21 -> 0 | J28: =J14+J21 -> 0 | K28: =K14+K21 -> 0.0034722222 | L28: =L14+L21 -> 0 | M28: =M14+M21 -> 0.0055555556 | N28: =N14+N21 -> 0 | O28: =O14+O21 -> 0 | P28: =P14+P21 -> 0 | Q28: =Q14+Q21 -> 0 | ... Z28: =Z14+Z21 -> 0 | AA28: =SUM(J28:Z28) -> 0.30833333

Sheet 12
A3: LOST TIME EXCAVATOR PIT 55
A4: PERIODE DESEMBER 204
A5: Tanggal : | B5: 45638
A6: Shift | B6: No Unit | C6: HM Awal | D6: HM Akhir | E6: Total HM | F6: EWH | G6: Prodty | H6: PA | I6: UA | J6: DELAY OPERATION
J7: BD | K7: Perbaikan Front | L7: Pindah Front | M7: Stop loading menjelang istirahat | N7: Stop loading akhir shift | O7: Greasing | P7: Travel | Q7: Oli hydrolik & coolant | R7: Blasting | S7: Hujan | T7: Slippery | U7: Pengisian Fuel | V7: General | W7: STB | X7: Perbaikan Jalan | Y7: Washing | AA7: Total Loss Time
A8: Pagi | B8: PC1250-02 | K8: 0.0020833333 | M8: 0.0027777778 | N8: 0.0034722222 | S8: 0.045138889 | T8: 0.10069444 | AA8: =SUM(J8:Z8) -> 0.15416667
B9: PC1250-05 | J9: 0.034722222 | K9: 0.015277778 | N9: 0.010416667 | S9: 0.045138889 | T9: 0.10069444 | AA9: =SUM(J9:Z9) -> 0.20625
B10: PC1250-06 | AA10: =SUM(J10:Z10) -> 0
B11: PC1250-07 | J11: 0.11944444 | M11: 0.0083333333 | N11: 0.0069444444 | S11: 0.045138889 | T11: 0.10069444 | AA11: =SUM(J11:Z11) -> 0.28055556
B12: PC1250-10 | J12: 0.0083333333 | K12: 0.0097222222 | M12: 0.0090277778 | N12: 0.0076388889 | S12: 0.045138889 | T12: 0.10069444 | AA12: =SUM(J12:Z12) -> 0.18055556
B13: CAT395-02 | K13: 0.0034722222 | M13: 0.00069444444 | N13: 0.0048611111 | S13: 0.045138889 | T13: 0.10069444 | AA13: =SUM(J13:Z13) -> 0.15486111
B14: EC750-02 | K14: 0.025 | M14: 0.0055555556 | S14: 0.045138889 | T14: 0.10069444 | AA14: =SUM(J14:Z14) -> 0.17638889
A15: Malam | B15: PC1250-02 | K15: 0.0048611111 | M15: 0.0034722222 | N15: 0.0069444444 | AA15: =SUM(J15:Z15) -> 0.015277778
B16: PC1250-05 | K16: 0.0041666667 | M16: 0.0069444444 | N16: 0.013194444 | W16: 0.079166667 | AA16: =SUM(J16:Z16) -> 0.10347222
B17: PC1250-06 | AA17: =SUM(J17:Z17) -> 0
B18: PC1250-07 | K18: 0.00069444444 | M18: 0.0090277778 | N18: 0.010416667 | AA18: =SUM(J18:Z18) -> 0.020138889
B19: PC1250-10 | J19: 0.35069444 | K19: 0.0027777778 | AA19: =SUM(J19:Z19) -> 0.35347222
B20: CAT395-02 | K20: 0.01875 | M20: 0.00069444444 | N20: 0.0125 | AA20: =SUM(J20:Z20) -> 0.031944444
B21: EC750-02 | K21: 0.0013888889 | M21: 0.0069444444 | N21: 0.0069444444 | AA21: =SUM(J21:Z21) -> 0.015277778
A22: Total | B22: PC1250-02 | E22: =E8+E15 -> 0 | F22: =F8+F15 -> 0 | J22: =J8+J15 -> 0 | K22: =K8+K15 -> 0.0069444444 | L22: =L8+L15 -> 0 | M22: =M8+M15 -> 0.00625 | N22: =N8+N15 -> 0.010416667 | O22: =O8+O15 -> 0 | P22: =P8+P15 -> 0 | Q22: =Q8+Q15 -> 0 | ... Z22: =Z8+Z15 -> 0 | AA22: =SUM(J22:Z22) -> 0.16944444
B23: PC1250-05 | E23: =E9+E16 -> 0 | F23: =F9+F16 -> 0 | J23: =J9+J16 -> 0.034722222 | K23: =K9+K16 -> 0.019444444 | L23: =L9+L16 -> 0 | M23: =M9+M16 -> 0.0069444444 | N23: =N9+N16 -> 0.023611111 | O23: =O9+O16 -> 0 | P23: =P9+P16 -> 0 | Q23: =Q9+Q16 -> 0 | ... Z23: =Z9+Z16 -> 0 | AA23: =SUM(J23:Z23) -> 0.30972222
B24: PC1250-06 | E24: =E10+E17 -> 0 | F24: =F10+F17 -> 0 | J24: =J10+J17 -> 0 | K24: =K10+K17 -> 0 | L24: =L10+L17 -> 0 | M24: =M10+M17 -> 0 | N24: =N10+N17 -> 0 | O24: =O10+O17 -> 0 | P24: =P10+P17 -> 0 | Q24: =Q10+Q17 -> 0 | ... Z24: =Z10+Z17 -> 0 | AA24: =SUM(J24:Z24) -> 0
B25: PC1250-07 | E25: =E11+E18 -> 0 | F25: =F11+F18 -> 0 | J25: =J11+J18 -> 0.11944444 | K25: =K11+K18 -> 0.00069444444 | L25: =L11+L18 -> 0 | M25: =M11+M18 -> 0.017361111 | N25: =N11+N18 -> 0.017361111 | O25: =O11+O18 -> 0 | P25: =P11+P18 -> 0 | Q25: =Q11+Q18 -> 0 | ... Z25: =Z11+Z18 -> 0 | AA25: =SUM(J25:Z25) -> 0.30069444
B26: PC1250-10 | E26: =E12+E19 -> 0 | F26: =F12+F19 -> 0 | J26: =J12+J19 -> 0.35902778 | K26: =K12+K19 -> 0.0125 | L26: =L12+L19 -> 0 | M26: =M12+M19 -> 0.0090277778 | N26: =N12+N19 -> 0.0076388889 | O26: =O12+O19 -> 0 | P26: =P12+P19 -> 0 | Q26: =Q12+Q19 -> 0 | ... Z26: =Z12+Z19 -> 0 | AA26: =SUM(J26:Z26) -> 0.53402778
B27: CAT395-02 | E27: =E13+E20 -> 0 | F27: =F13+F20 -> 0 | J27: =J13+J20 -> 0 | K27: =K13+K20 -> 0.022222222 | L27: =L13+L20 -> 0 | M27: =M13+M20 -> 0.0013888889 | N27: =N13+N20 -> 0.017361111 | O27: =O13+O20 -> 0 | P27: =P13+P20 -> 0 | Q27: =Q13+Q20 -> 0 | ... Z27: =Z13+Z20 -> 0 | AA27: =SUM(J27:Z27) -> 0.18680556
B28: EC750-02 | E28: =E14+E21 -> 0 | F28: =F14+F21 -> 0 | J28: =J14+J21 -> 0 | K28: =K14+K21 -> 0.026388889 | L28: =L14+L21 -> 0 | M28: =M14+M21 -> 0.0125 | N28: =N14+N21 -> 0.0069444444 | O28: =O14+O21 -> 0 | P28: =P14+P21 -> 0 | Q28: =Q14+Q21 -> 0 | ... Z28: =Z14+Z21 -> 0 | AA28: =SUM(J28:Z28) -> 0.19166667

Sheet 13
A3: LOST TIME EXCAVATOR PIT 55
A4: PERIODE DESEMBER 204
A5: Tanggal : | B5: 45639
A6: Shift | B6: No Unit | C6: HM Awal | D6: HM Akhir | E6: Total HM | F6: EWH | G6: Prodty | H6: PA | I6: UA | J6: DELAY OPERATION
J7: BD | K7: Perbaikan Front | L7: Pindah Front | M7: Stop loading menjelang istirahat | N7: Stop loading akhir shift | O7: Greasing | P7: Travel | Q7: Oli hydrolik & coolant | R7: Blasting | S7: Hujan | T7: Slippery | U7: Pengisian Fuel | V7: General | W7: STB | X7: Perbaikan Jalan | Y7: Washing | Z7: setelah sholat jumat | AA7: Total Loss Time
A8: Pagi | B8: PC1250-02 | J8: 0.08125 | K8: 0.0048611111 | N8: 0.0055555556 | P8: 0.12708333 | AA8: =SUM(J8:Z8) -> 0.21875
B9: PC1250-05 | J9: 0.0069444444 | M9: 0.022916667 | N9: 0.0125 | R9: 0.038194444 | Z9: 0.023611111 | AA9: =SUM(J9:Z9) -> 0.10416667
B10: PC1250-06 | AA10: =SUM(J10:Z10) -> 0
B11: PC1250-07 | M11: 0.00069444444 | N11: 0.011111111 | R11: 0.029861111 | V11: 0.0625 | Z11: 0.0097222222 | AA11: =SUM(J11:Z11) -> 0.11388889
B12: PC1250-10 | J12: 0.086111111 | M12: 0.027083333 | N12: 0.015972222 | V12: 0.05 | Z12: 0.025694444 | AA12: =SUM(J12:Z12) -> 0.20486111
B13: CAT395-02 | M13: 0.010416667 | N13: 0.0097222222 | Z13: 0.013194444 | AA13: =SUM(J13:Z13) -> 0.033333333
B14: EC750-02 | K14: 0.0090277778 | M14: 0.013888889 | N14: 0.0020833333 | Z14: 0.0041666667 | AA14: =SUM(J14:Z14) -> 0.029166667
A15: Malam | B15: PC1250-02 | K15: 0.0034722222 | L15: 0.0055555556 | M15: 0.0034722222 | N15: 0.0041666667 | AA15: =SUM(J15:Z15) -> 0.016666667
B16: PC1250-05 | J16: 0.32222222 | W16: 0.094444444 | AA16: =SUM(J16:Z16) -> 0.41666667
B17: PC1250-06 | AA17: =SUM(J17:Z17) -> 0
B18: PC1250-07 | K18: 0.015972222 | M18: 0.0034722222 | N18: 0.0069444444 | AA18: =SUM(J18:Z18) -> 0.026388889
B19: PC1250-10 | K19: 0.0041666667 | M19: 0.0055555556 | N19: 0.013888889 | AA19: =SUM(J19:Z19) -> 0.023611111
B20: CAT395-02 | K20: 0.011805556 | M20: 0.0055555556 | N20: 0.0055555556 | AA20: =SUM(J20:Z20) -> 0.022916667
B21: EC750-02 | K21: 0.0034722222 | M21: 0.0090277778 | N21: 0.0034722222 | AA21: =SUM(J21:Z21) -> 0.015972222
A22: Total | B22: PC1250-02 | E22: =E8+E15 -> 0 | F22: =F8+F15 -> 0 | J22: =J8+J15 -> 0.08125 | K22: =K8+K15 -> 0.0083333333 | L22: =L8+L15 -> 0.0055555556 | M22: =M8+M15 -> 0.0034722222 | N22: =N8+N15 -> 0.0097222222 | O22: =O8+O15 -> 0 | P22: =P8+P15 -> 0.12708333 | Q22: =Q8+Q15 -> 0 | ... Z22: =Z8+Z15 -> 0 | AA22: =SUM(J22:Z22) -> 0.23541667
B23: PC1250-05 | E23: =E9+E16 -> 0 | F23: =F9+F16 -> 0 | J23: =J9+J16 -> 0.32916667 | K23: =K9+K16 -> 0 | L23: =L9+L16 -> 0 | M23: =M9+M16 -> 0.022916667 | N23: =N9+N16 -> 0.0125 | O23: =O9+O16 -> 0 | P23: =P9+P16 -> 0 | Q23: =Q9+Q16 -> 0 | ... Z23: =Z9+Z16 -> 0.023611111 | AA23: =SUM(J23:Z23) -> 0.52083333
B24: PC1250-06 | E24: =E10+E17 -> 0 | F24: =F10+F17 -> 0 | J24: =J10+J17 -> 0 | K24: =K10+K17 -> 0 | L24: =L10+L17 -> 0 | M24: =M10+M17 -> 0 | N24: =N10+N17 -> 0 | O24: =O10+O17 -> 0 | P24: =P10+P17 -> 0 | Q24: =Q10+Q17 -> 0 | ... Z24: =Z10+Z17 -> 0 | AA24: =SUM(J24:Z24) -> 0
B25: PC1250-07 | E25: =E11+E18 -> 0 | F25: =F11+F18 -> 0 | J25: =J11+J18 -> 0 | K25: =K11+K18 -> 0.015972222 | L25: =L11+L18 -> 0 | M25: =M11+M18 -> 0.0041666667 | N25: =N11+N18 -> 0.018055556 | O25: =O11+O18 -> 0 | P25: =P11+P18 -> 0 | Q25: =Q11+Q18 -> 0 | ... Z25: =Z11+Z18 -> 0.0097222222 | AA25: =SUM(J25:Z25) -> 0.14027778
B26: PC1250-10 | E26: =E12+E19 -> 0 | F26: =F12+F19 -> 0 | J26: =J12+J19 -> 0.086111111 | K26: =K12+K19 -> 0.0041666667 | L26: =L12+L19 -> 0 | M26: =M12+M19 -> 0.032638889 | N26: =N12+N19 -> 0.029861111 | O26: =O12+O19 -> 0 | P26: =P12+P19 -> 0 | Q26: =Q12+Q19 -> 0 | ... Z26: =Z12+Z19 -> 0.025694444 | AA26: =SUM(J26:Z26) -> 0.22847222
B27: CAT395-02 | E27: =E13+E20 -> 0 | F27: =F13+F20 -> 0 | J27: =J13+J20 -> 0 | K27: =K13+K20 -> 0.011805556 | L27: =L13+L20 -> 0 | M27: =M13+M20 -> 0.015972222 | N27: =N13+N20 -> 0.015277778 | O27: =O13+O20 -> 0 | P27: =P13+P20 -> 0 | Q27: =Q13+Q20 -> 0 | ... Z27: =Z13+Z20 -> 0.013194444 | AA27: =SUM(J27:Z27) -> 0.05625
B28: EC750-02 | E28: =E14+E21 -> 0 | F28: =F14+F21 -> 0 | J28: =J14+J21 -> 0 | K28: =K14+K21 -> 0.0125 | L28: =L14+L21 -> 0 | M28: =M14+M21 -> 0.022916667 | N28: =N14+N21 -> 0.0055555556 | O28: =O14+O21 -> 0 | P28: =P14+P21 -> 0 | Q28: =Q14+Q21 -> 0 | ... Z28: =Z14+Z21 -> 0.0041666667 | AA28: =SUM(J28:Z28) -> 0.045138889

Sheet 14
A3: LOST TIME EXCAVATOR PIT 55
A4: PERIODE DESEMBER 204
A5: Tanggal : | B5: 45640
A6: Shift | B6: No Unit | C6: HM Awal | D6: HM Akhir | E6: Total HM | F6: EWH | G6: Prodty | H6: PA | I6: UA | J6: DELAY OPERATION
J7: BD | K7: Perbaikan Front | L7: Pindah Front | M7: Stop loading menjelang istirahat | N7: Stop loading akhir shift | O7: Greasing | P7: Travel | Q7: Oli hydrolik & coolant | R7: Blasting | S7: Hujan | T7: Slippery | U7: Pengisian Fuel | V7: General | W7: STB | X7: Perbaikan Jalan | Y7: Washing | AA7: Total Loss Time
A8: Pagi | B8: PC1250-02 | M8: 0.0020833333 | N8: 0.0048611111 | R8: 0.0069444444 | S8: 0.013888889 | T8: 0.020833333 | AA8: =SUM(J8:Z8) -> 0.048611111
B9: PC1250-05 | AA9: =SUM(J9:Z9) -> 0
B10: PC1250-06 | AA10: =SUM(J10:Z10) -> 0
B11: PC1250-07 | M11: 0.0048611111 | N11: 0.010416667 | R11: 0.015277778 | S11: 0.013888889 | T11: 0.064583333 | AA11: =SUM(J11:Z11) -> 0.10902778
B12: PC1250-10 | L12: 0.011111111 | M12: 0.0048611111 | N12: 0.013888889 | R12: 0.028472222 | S12: 0.013888889 | T12: 0.082638889 | AA12: =SUM(J12:Z12) -> 0.15486111
B13: CAT395-02 | J13: 0.0069444444 | N13: 0.0090277778 | R13: 0.01875 | S13: 0.013888889 | T13: 0.069444444 | AA13: =SUM(J13:Z13) -> 0.11805556
B14: EC750-02 | M14: 0.0048611111 | N14: 0.0048611111 | S14: 0.013888889 | T14: 0.027777778 | AA14: =SUM(J14:Z14) -> 0.051388889
A15: Malam | B15: PC1250-02 | K15: 0.018055556 | M15: 0.0069444444 | S15: 0.024305556 | AA15: =SUM(J15:Z15) -> 0.049305556
B16: PC1250-05 | AA16: =SUM(J16:Z16) -> 0
B17: PC1250-06 | AA17: =SUM(J17:Z17) -> 0
B18: PC1250-07 | K18: 0.00069444444 | M18: 0.011805556 | S18: 0.024305556 | AA18: =SUM(J18:Z18) -> 0.036805556
B19: PC1250-10 | K19: 0.0069444444 | M19: 0.0048611111 | S19: 0.024305556 | AA19: =SUM(J19:Z19) -> 0.036111111
B20: CAT395-02 | K20: 0.025 | M20: 0.0090277778 | S20: 0.024305556 | AA20: =SUM(J20:Z20) -> 0.058333333
B21: EC750-02 | K21: 0.00069444444 | M21: 0.00069444444 | S21: 0.024305556 | W21: 0.020138889 | AA21: =SUM(J21:Z21) -> 0.045833333
A22: Total | B22: PC1250-02 | E22: =E8+E15 -> 0 | F22: =F8+F15 -> 0 | J22: =J8+J15 -> 0 | K22: =K8+K15 -> 0.018055556 | L22: =L8+L15 -> 0 | M22: =M8+M15 -> 0.0090277778 | N22: =N8+N15 -> 0.0048611111 | O22: =O8+O15 -> 0 | P22: =P8+P15 -> 0 | Q22: =Q8+Q15 -> 0 | ... Z22: =Z8+Z15 -> 0 | AA22: =SUM(J22:Z22) -> 0.097916667
B23: PC1250-05 | E23: =E9+E16 -> 0 | F23: =F9+F16 -> 0 | J23: =J9+J16 -> 0 | K23: =K9+K16 -> 0 | L23: =L9+L16 -> 0 | M23: =M9+M16 -> 0 | N23: =N9+N16 -> 0 | O23: =O9+O16 -> 0 | P23: =P9+P16 -> 0 | Q23: =Q9+Q16 -> 0 | ... Z23: =Z9+Z16 -> 0 | AA23: =SUM(J23:Z23) -> 0
B24: PC1250-06 | E24: =E10+E17 -> 0 | F24: =F10+F17 -> 0 | J24: =J10+J17 -> 0 | K24: =K10+K17 -> 0 | L24: =L10+L17 -> 0 | M24: =M10+M17 -> 0 | N24: =N10+N17 -> 0 | O24: =O10+O17 -> 0 | P24: =P10+P17 -> 0 | Q24: =Q10+Q17 -> 0 | ... Z24: =Z10+Z17 -> 0 | AA24: =SUM(J24:Z24) -> 0
B25: PC1250-07 | E25: =E11+E18 -> 0 | F25: =F11+F18 -> 0 | J25: =J11+J18 -> 0 | K25: =K11+K18 -> 0.00069444444 | L25: =L11+L18 -> 0 | M25: =M11+M18 -> 0.016666667 | N25: =N11+N18 -> 0.010416667 | O25: =O11+O18 -> 0 | P25: =P11+P18 -> 0 | Q25: =Q11+Q18 -> 0 | ... Z25: =Z11+Z18 -> 0 | AA25: =SUM(J25:Z25) -> 0.14583333
B26: PC1250-10 | E26: =E12+E19 -> 0 | F26: =F12+F19 -> 0 | J26: =J12+J19 -> 0 | K26: =K12+K19 -> 0.0069444444 | L26: =L12+L19 -> 0.011111111 | M26: =M12+M19 -> 0.0097222222 | N26: =N12+N19 -> 0.013888889 | O26: =O12+O19 -> 0 | P26: =P12+P19 -> 0 | Q26: =Q12+Q19 -> 0 | ... Z26: =Z12+Z19 -> 0 | AA26: =SUM(J26:Z26) -> 0.19097222
B27: CAT395-02 | E27: =E13+E20 -> 0 | F27: =F13+F20 -> 0 | J27: =J13+J20 -> 0.0069444444 | K27: =K13+K20 -> 0.025 | L27: =L13+L20 -> 0 | M27: =M13+M20 -> 0.0090277778 | N27: =N13+N20 -> 0.0090277778 | O27: =O13+O20 -> 0 | P27: =P13+P20 -> 0 | Q27: =Q13+Q20 -> 0 | ... Z27: =Z13+Z20 -> 0 | AA27: =SUM(J27:Z27) -> 0.17638889
B28: EC750-02 | E28: =E14+E21 -> 0 | F28: =F14+F21 -> 0 | J28: =J14+J21 -> 0 | K28: =K14+K21 -> 0.00069444444 | L28: =L14+L21 -> 0 | M28: =M14+M21 -> 0.0055555556 | N28: =N14+N21 -> 0.0048611111 | O28: =O14+O21 -> 0 | P28: =P14+P21 -> 0 | Q28: =Q14+Q21 -> 0 | ... Z28: =Z14+Z21 -> 0 | AA28: =SUM(J28:Z28) -> 0.097222222
J30: =3+(60-19)/60 -> 3.6833333
J31: =+J30*400 -> 1473.3333

Sheet 15
A3: LOST TIME EXCAVATOR PIT 55
A4: PERIODE DESEMBER 204
A5: Tanggal : | B5: 45641
A6: Shift | B6: No Unit | C6: HM Awal | D6: HM Akhir | E6: Total HM | F6: EWH | G6: Prodty | H6: PA | I6: UA | J6: DELAY OPERATION
J7: BD | K7: Perbaikan Front | L7: Pindah Front | M7: Stop loading menjelang istirahat | N7: Stop loading akhir shift | O7: Greasing | P7: Travel | Q7: Oli hydrolik & coolant | R7: Blasting | S7: Hujan | T7: Slippery | U7: Pengisian Fuel | V7: General | W7: STB | X7: Perbaikan Jalan | Y7: Washing | AA7: Total Loss Time | AB7: LOSS TIME RM | AG7: LOSS TIME PROD
A8: Pagi | B8: PC1250-02 | AA8: =SUM(J8:Z8) -> 0 | AB8: =+J8+O8+Q8+U8 -> 0 | AC8: =0+(0/60) -> 0 | AD8: 400 | AE8: =+AC8*AD8 -> 0 | AF8: =SUM(AE8:AE14) -> 5492.1667 | AG8: =+K8+L8+M8+N8+R8+S8+T8+V8+W8+X8+Y8+Z8 -> 0 | AH8: =0+(55/60) -> 0.91666667 | AI8: 400 | AJ8: =+AH8*AI8 -> 366.66667 | AK8: =SUM(AJ8:AJ14) -> 1554.1667
B9: PC1250-05 | AA9: =SUM(J9:Z9) -> 0 | AB9: =+J9+O9+Q9+U9 -> 0 | AC9: =0+(50/60) -> 0.83333333 | AD9: 400 | AE9: =+AC9*AD9 -> 333.33333 | AG9: =+K9+L9+M9+N9+R9+S9+T9+V9+W9+X9+Y9+Z9 -> 0 | AH9: =1+(45/60) -> 1.75 | AI9: 400 | AJ9: =+AH9*AI9 -> 700
B10: PC1250-06 | AA10: =SUM(J10:Z10) -> 0 | AB10: =+J10+O10+Q10+U10 -> 0 | AC10: =6+(30/60) -> 6.5 | AD10: 401 | AE10: =+AC10*AD10 -> 2606.5 | AG10: =+K10+L10+M10+N10+R10+S10+T10+V10+W10+X10+Y10+Z10 -> 0 | AH10: =0+(1/60) -> 0.016666667 | AI10: 400 | AJ10: =+AH10*AI10 -> 6.6666667
B11: PC1250-07 | AA11: =SUM(J11:Z11) -> 0 | AB11: =+J11+O11+Q11+U11 -> 0 | AC11: =0+(0/60) -> 0 | AD11: 402 | AE11: =+AC11*AD11 -> 0 | AG11: =+K11+L11+M11+N11+R11+S11+T11+V11+W11+X11+Y11+Z11 -> 0 | AH11: =0+(0/60) -> 0 | AI11: 400 | AJ11: =+AH11*AI11 -> 0
B12: PC1250-10 | AA12: =SUM(J12:Z12) -> 0 | AB12: =+J12+O12+Q12+U12 -> 0 | AC12: =6+(20/60) -> 6.3333333 | AD12: 403 | AE12: =+AC12*AD12 -> 2552.3333 | AG12: =+K12+L12+M12+N12+R12+S12+T12+V12+W12+X12+Y12+Z12 -> 0 | AH12: =0+(8/60) -> 0.13333333 | AI12: 400 | AJ12: =+AH12*AI12 -> 53.333333
B13: CAT395-02 | AA13: =SUM(J13:Z13) -> 0 | AB13: =+J13+O13+Q13+U13 -> 0 | AC13: =0+(0/60) -> 0 | AD13: 450 | AE13: =+AC13*AD13 -> 0 | AG13: =+K13+L13+M13+N13+R13+S13+T13+V13+W13+X13+Y13+Z13 -> 0 | AH13: =0+(57/60) -> 0.95 | AI13: 450 | AJ13: =+AH13*AI13 -> 427.5
B14: EC750-02 | AA14: =SUM(J14:Z14) -> 0 | AB14: =+J14+O14+Q14+U14 -> 0 | AC14: =0+(0/60) -> 0 | AD14: 350 | AE14: =+AC14*AD14 -> 0 | AG14: =+K14+L14+M14+N14+R14+S14+T14+V14+W14+X14+Y14+Z14 -> 0 | AH14: =0+(0/60) -> 0 | AI14: 350 | AJ14: =+AH14*AI14 -> 0
A15: Malam | B15: PC1250-02 | J15: 0.060416667 | T15: 0.16666667 | X15: 0.15694444 | AA15: =SUM(J15:Z15) -> 0.38402778 | AB15: =+J15+O15+Q15+U15 -> 0.060416667 | AC15: =0+(0/60) -> 0 | AD15: 400 | AE15: =+AC15*AD15 -> 0 | AF15: =SUM(AE15:AE21) -> 995.83333 | AG15: =+K15+L15+M15+N15+R15+S15+T15+V15+W15+X15+Y15+Z15 -> 0.32361111 | AH15: =2+(26/60) -> 2.4333333 | AI15: 400 | AJ15: =+AH15*AI15 -> 973.33333 | AK15: =SUM(AJ15:AJ21) -> 7530
B16: PC1250-05 | M16: 0.0125 | T16: 0.0375 | X16: 0.175 | AA16: =SUM(J16:Z16) -> 0.225 | AB16: =+J16+O16+Q16+U16 -> 0 | AC16: =0+(20/60) -> 0.33333333 | AD16: 400 | AE16: =+AC16*AD16 -> 133.33333 | AG16: =+K16+L16+M16+N16+R16+S16+T16+V16+W16+X16+Y16+Z16 -> 0.225 | AH16: =3+(45/60) -> 3.75 | AI16: 400 | AJ16: =+AH16*AI16 -> 1500
B17: PC1250-06 | AA17: =SUM(J17:Z17) -> 0 | AB17: =+J17+O17+Q17+U17 -> 0 | AC17: =1+(23/60) -> 1.3833333 | AD17: 400 | AE17: =+AC17*AD17 -> 553.33333 | AG17: =+K17+L17+M17+N17+R17+S17+T17+V17+W17+X17+Y17+Z17 -> 0 | AH17: =2+(10/60) -> 2.1666667 | AI17: 400 | AJ17: =+AH17*AI17 -> 866.66667
B18: PC1250-07 | J18: 0.11111111 | N18: 0.00625 | T18: 0.15555556 | AA18: =SUM(J18:Z18) -> 0.27291667 | AB18: =+J18+O18+Q18+U18 -> 0.11111111 | AC18: =0+(0/60) -> 0 | AD18: 400 | AE18: =+AC18*AD18 -> 0 | AG18: =+K18+L18+M18+N18+R18+S18+T18+V18+W18+X18+Y18+Z18 -> 0.16180556 | AH18: =0+(0/60) -> 0 | AI18: 400 | AJ18: =+AH18*AI18 -> 0
B19: PC1250-10 | K19: 0.0048611111 | N19: 0.013888889 | T19: 0.15625 | X19: 0.048611111 | AA19: =SUM(J19:Z19) -> 0.22361111 | AB19: =+J19+O19+Q19+U19 -> 0 | AC19: =0+(0/60) -> 0 | AD19: 400 | AE19: =+AC19*AD19 -> 0 | AG19: =+K19+L19+M19+N19+R19+S19+T19+V19+W19+X19+Y19+Z19 -> 0.22361111 | AH19: =2+(58/60) -> 2.9666667 | AI19: 400 | AJ19: =+AH19*AI19 -> 1186.6667
B20: CAT395-02 | K20: 0.0076388889 | N20: 0.0034722222 | T20: 0.16666667 | AA20: =SUM(J20:Z20) -> 0.17777778 | AB20: =+J20+O20+Q20+U20 -> 0 | AC20: =0+(0/60) -> 0 | AD20: 450 | AE20: =+AC20*AD20 -> 0 | AG20: =+K20+L20+M20+N20+R20+S20+T20+V20+W20+X20+Y20+Z20 -> 0.17777778 | AH20: =4+(1/60) -> 4.0166667 | AI20: 450 | AJ20: =+AH20*AI20 -> 1807.5
B21: EC750-02 | AA21: =SUM(J21:Z21) -> 0 | AB21: =+J21+O21+Q21+U21 -> 0 | AC21: =0+(53/60) -> 0.88333333 | AD21: 350 | AE21: =+AC21*AD21 -> 309.16667 | AG21: =+K21+L21+M21+N21+R21+S21+T21+V21+W21+X21+Y21+Z21 -> 0 | AH21: =3+(25/60) -> 3.4166667 | AI21: 350 | AJ21: =+AH21*AI21 -> 1195.8333
A22: Total | B22: PC1250-02 | E22: =E8+E15 -> 0 | F22: =F8+F15 -> 0 | J22: =J8+J15 -> 0.060416667 | K22: =K8+K15 -> 0 | L22: =L8+L15 -> 0 | M22: =M8+M15 -> 0 | N22: =N8+N15 -> 0 | O22: =O8+O15 -> 0 | P22: =P8+P15 -> 0 | Q22: =Q8+Q15 -> 0 | ... Z22: =Z8+Z15 -> 0 | AA22: =SUM(J22:Z22) -> 0.38402778 | AB22: Total loss time RM | AF22: =+AF15+AF8 -> 6488 | AG22: Total loss time Produksi | AK22: =+AK15+AK8 -> 9084.1667
B23: PC1250-05 | E23: =E9+E16 -> 0 | F23: =F9+F16 -> 0 | J23: =J9+J16 -> 0 | K23: =K9+K16 -> 0 | L23: =L9+L16 -> 0 | M23: =M9+M16 -> 0.0125 | N23: =N9+N16 -> 0 | O23: =O9+O16 -> 0 | P23: =P9+P16 -> 0 | Q23: =Q9+Q16 -> 0 | ... Z23: =Z9+Z16 -> 0 | AA23: =SUM(J23:Z23) -> 0.225
B24: PC1250-06 | E24: =E10+E17 -> 0 | F24: =F10+F17 -> 0 | J24: =J10+J17 -> 0 | K24: =K10+K17 -> 0 | L24: =L10+L17 -> 0 | M24: =M10+M17 -> 0 | N24: =N10+N17 -> 0 | O24: =O10+O17 -> 0 | P24: =P10+P17 -> 0 | Q24: =Q10+Q17 -> 0 | ... Z24: =Z10+Z17 -> 0 | AA24: =SUM(J24:Z24) -> 0
B25: PC1250-07 | E25: =E11+E18 -> 0 | F25: =F11+F18 -> 0 | J25: =J11+J18 -> 0.11111111 | K25: =K11+K18 -> 0 | L25: =L11+L18 -> 0 | M25: =M11+M18 -> 0 | N25: =N11+N18 -> 0.00625 | O25: =O11+O18 -> 0 | P25: =P11+P18 -> 0 | Q25: =Q11+Q18 -> 0 | ... Z25: =Z11+Z18 -> 0 | AA25: =SUM(J25:Z25) -> 0.27291667
B26: PC1250-10 | E26: =E12+E19 -> 0 | F26: =F12+F19 -> 0 | J26: =J12+J19 -> 0 | K26: =K12+K19 -> 0.0048611111 | L26: =L12+L19 -> 0 | M26: =M12+M19 -> 0 | N26: =N12+N19 -> 0.013888889 | O26: =O12+O19 -> 0 | P26: =P12+P19 -> 0 | Q26: =Q12+Q19 -> 0 | ... Z26: =Z12+Z19 -> 0 | AA26: =SUM(J26:Z26) -> 0.22361111
B27: CAT395-02 | E27: =E13+E20 -> 0 | F27: =F13+F20 -> 0 | J27: =J13+J20 -> 0 | K27: =K13+K20 -> 0.0076388889 | L27: =L13+L20 -> 0 | M27: =M13+M20 -> 0 | N27: =N13+N20 -> 0.0034722222 | O27: =O13+O20 -> 0 | P27: =P13+P20 -> 0 | Q27: =Q13+Q20 -> 0 | ... Z27: =Z13+Z20 -> 0 | AA27: =SUM(J27:Z27) -> 0.17777778
B28: EC750-02 | E28: =E14+E21 -> 0 | F28: =F14+F21 -> 0 | J28: =J14+J21 -> 0 | K28: =K14+K21 -> 0 | L28: =L14+L21 -> 0 | M28: =M14+M21 -> 0 | N28: =N14+N21 -> 0 | O28: =O14+O21 -> 0 | P28: =P14+P21 -> 0 | Q28: =Q14+Q21 -> 0 | ... Z28: =Z14+Z21 -> 0 | AA28: =SUM(J28:Z28) -> 0

Sheet 16
A3: LOST TIME EXCAVATOR PIT 55
A4: PERIODE DESEMBER 204
A5: Tanggal : | B5: 45642
A6: Shift | B6: No Unit | C6: HM Awal | D6: HM Akhir | E6: Total HM | F6: EWH | G6: Prodty | H6: PA | I6: UA | J6: DELAY OPERATION
J7: BD | K7: Perbaikan Front | L7: Pindah Front | M7: Stop loading menjelang istirahat | N7: Stop loading akhir shift | O7: Greasing | P7: Travel | Q7: Oli hydrolik & coolant | R7: Blasting | S7: Hujan | T7: Slippery | U7: Pengisian Fuel | V7: General | W7: STB | X7: Perbaikan Jalan | Y7: Washing | AA7: Total Loss Time | AB7: LOSS TIME RM | AG7: LOSS TIME PROD
A8: Pagi | B8: PC1250-02 | J8: 0.13819444 | K8: 0.0027777778 | M8: 0.0041666667 | N8: 0.0076388889 | AA8: =SUM(J8:Z8) -> 0.15277778 | AB8: =+J8+O8+Q8+U8 -> 0.13819444 | AC8: =8+(8/60) -> 8.1333333 | AD8: 400 | AE8: =+AC8*AD8 -> 3253.3333 | AF8: =SUM(AE8:AE14) -> 3253.3333 | AG8: =+K8+L8+M8+N8+R8+S8+T8+V8+W8+X8+Y8+Z8 -> 0.014583333 | AH8: =0+(3/60) -> 0.05 | AI8: 400 | AJ8: =+AH8*AI8 -> 20 | AK8: =SUM(AJ8:AJ14) -> 2193.3333
B9: PC1250-05 | J9: 0.017361111 | K9: 0.00069444444 | M9: 0.00069444444 | N9: 0.0041666667 | S9: 0.020833333 | T9: 0.0076388889 | AA9: =SUM(J9:Z9) -> 0.051388889 | AB9: =+J9+O9+Q9+U9 -> 0.017361111 | AC9: =0+(0/60) -> 0 | AD9: 400 | AE9: =+AC9*AD9 -> 0 | AG9: =+K9+L9+M9+N9+R9+S9+T9+V9+W9+X9+Y9+Z9 -> 0.034027778 | AH9: =2+(3/60) -> 2.05 | AI9: 400 | AJ9: =+AH9*AI9 -> 820
B10: PC1250-06 | AA10: =SUM(J10:Z10) -> 0 | AB10: =+J10+O10+Q10+U10 -> 0 | AC10: =0+(0/60) -> 0 | AD10: 401 | AE10: =+AC10*AD10 -> 0 | AG10: =+K10+L10+M10+N10+R10+S10+T10+V10+W10+X10+Y10+Z10 -> 0 | AH10: =0+(19/60) -> 0.31666667 | AI10: 400 | AJ10: =+AH10*AI10 -> 126.66667
B11: PC1250-07 | M11: 0.0034722222 | N11: 0.0020833333 | S11: 0.019444444 | T11: 0.0375 | AA11: =SUM(J11:Z11) -> 0.0625 | AB11: =+J11+O11+Q11+U11 -> 0 | AC11: =0+(0/60) -> 0 | AD11: 402 | AE11: =+AC11*AD11 -> 0 | AG11: =+K11+L11+M11+N11+R11+S11+T11+V11+W11+X11+Y11+Z11 -> 0.0625 | AH11: =0+(0/60) -> 0 | AI11: 400 | AJ11: =+AH11*AI11 -> 0
B12: PC1250-10 | K12: 0.013194444 | L12: 0.0069444444 | M12: 0.0097222222 | N12: 0.0097222222 | S12: 0.021527778 | T12: 0.035416667 | AA12: =SUM(J12:Z12) -> 0.096527778 | AB12: =+J12+O12+Q12+U12 -> 0 | AC12: =0+(0/60) -> 0 | AD12: 403 | AE12: =+AC12*AD12 -> 0 | AG12: =+K12+L12+M12+N12+R12+S12+T12+V12+W12+X12+Y12+Z12 -> 0.096527778 | AH12: =0+(50/60) -> 0.83333333 | AI12: 400 | AJ12: =+AH12*AI12 -> 333.33333
B13: CAT395-02 | J13: 0.031944444 | K13: 0.017361111 | M13: 0.0083333333 | N13: 0.0076388889 | S13: 0.019444444 | T13: 0.025 | AA13: =SUM(J13:Z13) -> 0.10972222 | AB13: =+J13+O13+Q13+U13 -> 0.031944444 | AC13: =0+(0/60) -> 0 | AD13: 450 | AE13: =+AC13*AD13 -> 0 | AG13: =+K13+L13+M13+N13+R13+S13+T13+V13+W13+X13+Y13+Z13 -> 0.077777778 | AH13: =1+(0/60) -> 1 | AI13: 450 | AJ13: =+AH13*AI13 -> 450
B14: EC750-02 | J14: 0.090972222 | K14: 0.00069444444 | M14: 0.0090277778 | N14: 0.011805556 | S14: 0.021527778 | U14: 0.0090277778 | AA14: =SUM(J14:Z14) -> 0.14305556 | AB14: =+J14+O14+Q14+U14 -> 0.1 | AC14: =0+(0/60) -> 0 | AD14: 350 | AE14: =+AC14*AD14 -> 0 | AG14: =+K14+L14+M14+N14+R14+S14+T14+V14+W14+X14+Y14+Z14 -> 0.043055556 | AH14: =1+(16/60) -> 1.2666667 | AI14: 350 | AJ14: =+AH14*AI14 -> 443.33333
A15: Malam | B15: PC1250-02 | J15: 0.41527778 | AA15: =SUM(J15:Z15) -> 0.41527778 | AB15: =+J15+O15+Q15+U15 -> 0.41527778 | AC15: =2+(0/60) -> 2 | AD15: 400 | AE15: =+AC15*AD15 -> 800 | AF15: =SUM(AE15:AE21) -> 3171.6667 | AG15: =+K15+L15+M15+N15+R15+S15+T15+V15+W15+X15+Y15+Z15 -> 0 | AH15: =2+(18/60) -> 2.3 | AI15: 400 | AJ15: =+AH15*AI15 -> 920 | AK15: =SUM(AJ15:AJ21) -> 2154.1667
B16: PC1250-05 | J16: 0.23958333 | K16: 0.015972222 | N16: 0.0090277778 | AA16: =SUM(J16:Z16) -> 0.26458333 | AB16: =+J16+O16+Q16+U16 -> 0.23958333 | AC16: =0+(0/60) -> 0 | AD16: 400 | AE16: =+AC16*AD16 -> 0 | AG16: =+K16+L16+M16+N16+R16+S16+T16+V16+W16+X16+Y16+Z16 -> 0.025 | AH16: =0+(30/60) -> 0.5 | AI16: 400 | AJ16: =+AH16*AI16 -> 200
B17: PC1250-06 | AA17: =SUM(J17:Z17) -> 0 | AB17: =+J17+O17+Q17+U17 -> 0 | AC17: =0+(0/60) -> 0 | AD17: 400 | AE17: =+AC17*AD17 -> 0 | AG17: =+K17+L17+M17+N17+R17+S17+T17+V17+W17+X17+Y17+Z17 -> 0 | AH17: =0+(46/60) -> 0.76666667 | AI17: 400 | AJ17: =+AH17*AI17 -> 306.66667
B18: PC1250-07 | J18: 0.042361111 | K18: 0.0020833333 | M18: 0.0083333333 | N18: 0.0097222222 | AA18: =SUM(J18:Z18) -> 0.0625 | AB18: =+J18+O18+Q18+U18 -> 0.042361111 | AC18: =0+(0/60) -> 0 | AD18: 400 | AE18: =+AC18*AD18 -> 0 | AG18: =+K18+L18+M18+N18+R18+S18+T18+V18+W18+X18+Y18+Z18 -> 0.020138889 | AH18: =0+(0/60) -> 0 | AI18: 400 | AJ18: =+AH18*AI18 -> 0
B19: PC1250-10 | J19: 0.0375 | K19: 0.010416667 | M19: 0.0013888889 | N19: 0.0076388889 | AA19: =SUM(J19:Z19) -> 0.056944444 | AB19: =+J19+O19+Q19+U19 -> 0.0375 | AC19: =0+(0/60) -> 0 | AD19: 400 | AE19: =+AC19*AD19 -> 0 | AG19: =+K19+L19+M19+N19+R19+S19+T19+V19+W19+X19+Y19+Z19 -> 0.019444444 | AH19: =0+(43/60) -> 0.71666667 | AI19: 400 | AJ19: =+AH19*AI19 -> 286.66667
B20: CAT395-02 | J20: 0.047916667 | K20: 0.0020833333 | M20: 0.00625 | N20: 0.0034722222 | AA20: =SUM(J20:Z20) -> 0.059722222 | AB20: =+J20+O20+Q20+U20 -> 0.047916667 | AC20: =1+(54/60) -> 1.9 | AD20: 450 | AE20: =+AC20*AD20 -> 855 | AG20: =+K20+L20+M20+N20+R20+S20+T20+V20+W20+X20+Y20+Z20 -> 0.011805556 | AH20: =0+(51/60) -> 0.85 | AI20: 450 | AJ20: =+AH20*AI20 -> 382.5
B21: EC750-02 | J21: 0.15625 | K21: 0.0013888889 | M21: 0.0013888889 | AA21: =SUM(J21:Z21) -> 0.15902778 | AB21: =+J21+O21+Q21+U21 -> 0.15625 | AC21: =4+(20/60) -> 4.3333333 | AD21: 350 | AE21: =+AC21*AD21 -> 1516.6667 | AG21: =+K21+L21+M21+N21+R21+S21+T21+V21+W21+X21+Y21+Z21 -> 0.0027777778 | AH21: =0+(10/60) -> 0.16666667 | AI21: 350 | AJ21: =+AH21*AI21 -> 58.333333
A22: Total | B22: PC1250-02 | E22: =E8+E15 -> 0 | F22: =F8+F15 -> 0 | J22: =J8+J15 -> 0.55347222 | K22: =K8+K15 -> 0.0027777778 | L22: =L8+L15 -> 0 | M22: =M8+M15 -> 0.0041666667 | N22: =N8+N15 -> 0.0076388889 | O22: =O8+O15 -> 0 | P22: =P8+P15 -> 0 | Q22: =Q8+Q15 -> 0 | ... Z22: =Z8+Z15 -> 0 | AA22: =SUM(J22:Z22) -> 0.56805556 | AB22: Total loss time RM | AF22: =+AF15+AF8 -> 6425 | AG22: Total loss time Produksi | AK22: =+AK15+AK8 -> 4347.5
B23: PC1250-05 | E23: =E9+E16 -> 0 | F23: =F9+F16 -> 0 | J23: =J9+J16 -> 0.25694444 | K23: =K9+K16 -> 0.016666667 | L23: =L9+L16 -> 0 | M23: =M9+M16 -> 0.00069444444 | N23: =N9+N16 -> 0.013194444 | O23: =O9+O16 -> 0 | P23: =P9+P16 -> 0 | Q23: =Q9+Q16 -> 0 | ... Z23: =Z9+Z16 -> 0 | AA23: =SUM(J23:Z23) -> 0.31597222
B24: PC1250-06 | E24: =E10+E17 -> 0 | F24: =F10+F17 -> 0 | J24: =J10+J17 -> 0 | K24: =K10+K17 -> 0 | L24: =L10+L17 -> 0 | M24: =M10+M17 -> 0 | N24: =N10+N17 -> 0 | O24: =O10+O17 -> 0 | P24: =P10+P17 -> 0 | Q24: =Q10+Q17 -> 0 | ... Z24: =Z10+Z17 -> 0 | AA24: =SUM(J24:Z24) -> 0
B25: PC1250-07 | E25: =E11+E18 -> 0 | F25: =F11+F18 -> 0 | J25: =J11+J18 -> 0.042361111 | K25: =K11+K18 -> 0.0020833333 | L25: =L11+L18 -> 0 | M25: =M11+M18 -> 0.011805556 | N25: =N11+N18 -> 0.011805556 | O25: =O11+O18 -> 0 | P25: =P11+P18 -> 0 | Q25: =Q11+Q18 -> 0 | ... Z25: =Z11+Z18 -> 0 | AA25: =SUM(J25:Z25) -> 0.125
B26: PC1250-10 | E26: =E12+E19 -> 0 | F26: =F12+F19 -> 0 | J26: =J12+J19 -> 0.0375 | K26: =K12+K19 -> 0.023611111 | L26: =L12+L19 -> 0.0069444444 | M26: =M12+M19 -> 0.011111111 | N26: =N12+N19 -> 0.017361111 | O26: =O12+O19 -> 0 | P26: =P12+P19 -> 0 | Q26: =Q12+Q19 -> 0 | ... Z26: =Z12+Z19 -> 0 | AA26: =SUM(J26:Z26) -> 0.15347222
B27: CAT395-02 | E27: =E13+E20 -> 0 | F27: =F13+F20 -> 0 | J27: =J13+J20 -> 0.079861111 | K27: =K13+K20 -> 0.019444444 | L27: =L13+L20 -> 0 | M27: =M13+M20 -> 0.014583333 | N27: =N13+N20 -> 0.011111111 | O27: =O13+O20 -> 0 | P27: =P13+P20 -> 0 | Q27: =Q13+Q20 -> 0 | ... Z27: =Z13+Z20 -> 0 | AA27: =SUM(J27:Z27) -> 0.16944444
B28: EC750-02 | E28: =E14+E21 -> 0 | F28: =F14+F21 -> 0 | J28: =J14+J21 -> 0.24722222 | K28: =K14+K21 -> 0.0020833333 | L28: =L14+L21 -> 0 | M28: =M14+M21 -> 0.010416667 | N28: =N14+N21 -> 0.011805556 | O28: =O14+O21 -> 0 | P28: =P14+P21 -> 0 | Q28: =Q14+Q21 -> 0 | ... Z28: =Z14+Z21 -> 0 | AA28: =SUM(J28:Z28) -> 0.30208333

Sheet 17
A3: LOST TIME EXCAVATOR PIT 55
A4: PERIODE DESEMBER 204
A5: Tanggal : | B5: 45643
A6: Shift | B6: No Unit | C6: HM Awal | D6: HM Akhir | E6: Total HM | F6: EWH | G6: Prodty | H6: PA | I6: UA | J6: DELAY OPERATION
J7: BD | K7: Perbaikan Front | L7: Pindah Front | M7: Stop loading menjelang istirahat | N7: Stop loading akhir shift | O7: Greasing | P7: Travel | Q7: Oli hydrolik & coolant | R7: Blasting | S7: Hujan | T7: Slippery | U7: Pengisian Fuel | V7: General | W7: STB | X7: Perbaikan Jalan | Y7: Washing | AA7: Total Loss Time | AB7: LOSS TIME RM | AG7: LOSS TIME PROD
A8: Pagi | B8: PC1250-02 | J8: 0.083333333 | K8: 0.0020833333 | M8: 0.0055555556 | N8: 0.0069444444 | AA8: =SUM(J8:Z8) -> 0.097916667 | AB8: =+J8+O8+Q8+U8 -> 0.083333333 | AC8: =0+(0/60) -> 0 | AD8: 400 | AE8: =+AC8*AD8 -> 0 | AF8: =SUM(AE8:AE14) -> 1619.35 | AG8: =+K8+L8+M8+N8+R8+S8+T8+V8+W8+X8+Y8+Z8 -> 0.014583333 | AH8: =0+(13/60) -> 0.21666667 | AI8: 400 | AJ8: =+AH8*AI8 -> 86.666667 | AK8: =SUM(AJ8:AJ14) -> 2788.3333
B9: PC1250-05 | J9: 0.0069444444 | K9: 0.0020833333 | M9: 0.0069444444 | N9: 0.0069444444 | O9: 0.0041666667 | AA9: =SUM(J9:Z9) -> 0.027083333 | AB9: =+J9+O9+Q9+U9 -> 0.011111111 | AC9: =0+(5/60) -> 0.083333333 | AD9: 400 | AE9: =+AC9*AD9 -> 33.333333 | AG9: =+K9+L9+M9+N9+R9+S9+T9+V9+W9+X9+Y9+Z9 -> 0.015972222 | AH9: =0+(33/60) -> 0.55 | AI9: 400 | AJ9: =+AH9*AI9 -> 220
B10: PC1250-06 | AA10: =SUM(J10:Z10) -> 0 | AB10: =+J10+O10+Q10+U10 -> 0 | AC10: =2+(41/60) -> 2.6833333 | AD10: 401 | AE10: =+AC10*AD10 -> 1076.0167 | AG10: =+K10+L10+M10+N10+R10+S10+T10+V10+W10+X10+Y10+Z10 -> 0 | AH10: =0+(15/60) -> 0.25 | AI10: 400 | AJ10: =+AH10*AI10 -> 100
B11: PC1250-07 | J11: 0.090277778 | K11: 0.0020833333 | M11: 0.0013888889 | AA11: =SUM(J11:Z11) -> 0.09375 | AB11: =+J11+O11+Q11+U11 -> 0.090277778 | AC11: =0+(0/60) -> 0 | AD11: 402 | AE11: =+AC11*AD11 -> 0 | AG11: =+K11+L11+M11+N11+R11+S11+T11+V11+W11+X11+Y11+Z11 -> 0.0034722222 | AH11: =0+(0/60) -> 0 | AI11: 400 | AJ11: =+AH11*AI11 -> 0
B12: PC1250-10 | M12: 0.0013888889 | N12: 0.0069444444 | AA12: =SUM(J12:Z12) -> 0.0083333333 | AB12: =+J12+O12+Q12+U12 -> 0 | AC12: =0+(0/60) -> 0 | AD12: 403 | AE12: =+AC12*AD12 -> 0 | AG12: =+K12+L12+M12+N12+R12+S12+T12+V12+W12+X12+Y12+Z12 -> 0.0083333333 | AH12: =0+(0/60) -> 0 | AI12: 400 | AJ12: =+AH12*AI12 -> 0
B13: CAT395-02 | J13: 0.041666667 | K13: 0.0020833333 | M13: 0.0069444444 | AA13: =SUM(J13:Z13) -> 0.050694444 | AB13: =+J13+O13+Q13+U13 -> 0.041666667 | AC13: =1+(8/60) -> 1.1333333 | AD13: 450 | AE13: =+AC13*AD13 -> 510 | AG13: =+K13+L13+M13+N13+R13+S13+T13+V13+W13+X13+Y13+Z13 -> 0.0090277778 | AH13: =0+(15/60) -> 0.25 | AI13: 450 | AJ13: =+AH13*AI13 -> 112.5
B14: EC750-02 | K14: 0.0125 | M14: 0.0020833333 | N14: 0.0069444444 | U14: 0.0055555556 | W14: 0.0076388889 | AA14: =SUM(J14:Z14) -> 0.034722222 | AB14: =+J14+O14+Q14+U14 -> 0.0055555556 | AC14: =0+(0/60) -> 0 | AD14: 350 | AE14: =+AC14*AD14 -> 0 | AG14: =+K14+L14+M14+N14+R14+S14+T14+V14+W14+X14+Y14+Z14 -> 0.029166667 | AH14: =6+(29/60) -> 6.4833333 | AI14: 350 | AJ14: =+AH14*AI14 -> 2269.1667
A15: Malam | B15: PC1250-02 | J15: 0.097916667 | K15: 0.0090277778 | M15: 0.0069444444 | S15: 0.14583333 | AA15: =SUM(J15:Z15) -> 0.25972222 | AB15: =+J15+O15+Q15+U15 -> 0.097916667 | AC15: =0+(30/60) -> 0.5 | AD15: 400 | AE15: =+AC15*AD15 -> 200 | AF15: =SUM(AE15:AE21) -> 900 | AG15: =+K15+L15+M15+N15+R15+S15+T15+V15+W15+X15+Y15+Z15 -> 0.16180556 | AH15: =0+(0/60) -> 0 | AI15: 400 | AJ15: =+AH15*AI15 -> 0 | AK15: =SUM(AJ15:AJ21) -> 78.333333
B16: PC1250-05 | J16: 0.11944444 | M16: 0.0048611111 | S16: 0.13888889 | AA16: =SUM(J16:Z16) -> 0.26319444 | AB16: =+J16+O16+Q16+U16 -> 0.11944444 | AC16: =0+(0/60) -> 0 | AD16: 400 | AE16: =+AC16*AD16 -> 0 | AG16: =+K16+L16+M16+N16+R16+S16+T16+V16+W16+X16+Y16+Z16 -> 0.14375 | AH16: =0+(0/60) -> 0 | AI16: 400 | AJ16: =+AH16*AI16 -> 0
B17: PC1250-06 | AA17: =SUM(J17:Z17) -> 0 | AB17: =+J17+O17+Q17+U17 -> 0 | AC17: =0+(45/60) -> 0.75 | AD17: 400 | AE17: =+AC17*AD17 -> 300 | AG17: =+K17+L17+M17+N17+R17+S17+T17+V17+W17+X17+Y17+Z17 -> 0 | AH17: =0+(10/60) -> 0.16666667 | AI17: 400 | AJ17: =+AH17*AI17 -> 66.666667
B18: PC1250-07 | J18: 0.01875 | K18: 0.0027777778 | M18: 0.0069444444 | S18: 0.13888889 | AA18: =SUM(J18:Z18) -> 0.16736111 | AB18: =+J18+O18+Q18+U18 -> 0.01875 | AC18: =0+(0/60) -> 0 | AD18: 400 | AE18: =+AC18*AD18 -> 0 | AG18: =+K18+L18+M18+N18+R18+S18+T18+V18+W18+X18+Y18+Z18 -> 0.14861111 | AH18: =0+(0/60) -> 0 | AI18: 400 | AJ18: =+AH18*AI18 -> 0
B19: PC1250-10 | J19: 0.083333333 | K19: 0.0027777778 | M19: 0.0069444444 | S19: 0.13888889 | AA19: =SUM(J19:Z19) -> 0.23194444 | AB19: =+J19+O19+Q19+U19 -> 0.083333333 | AC19: =1+(0/60) -> 1 | AD19: 400 | AE19: =+AC19*AD19 -> 400 | AG19: =+K19+L19+M19+N19+R19+S19+T19+V19+W19+X19+Y19+Z19 -> 0.14861111 | AH19: =0+(0/60) -> 0 | AI19: 400 | AJ19: =+AH19*AI19 -> 0
B20: CAT395-02 | J20: 0.034722222 | M20: 0.0034722222 | S20: 0.14583333 | AA20: =SUM(J20:Z20) -> 0.18402778 | AB20: =+J20+O20+Q20+U20 -> 0.034722222 | AC20: =0+(0/60) -> 0 | AD20: 450 | AE20: =+AC20*AD20 -> 0 | AG20: =+K20+L20+M20+N20+R20+S20+T20+V20+W20+X20+Y20+Z20 -> 0.14930556 | AH20: =0+(0/60) -> 0 | AI20: 450 | AJ20: =+AH20*AI20 -> 0
B21: EC750-02 | M21: 0.0034722222 | S21: 0.16666667 | AA21: =SUM(J21:Z21) -> 0.17013889 | AB21: =+J21+O21+Q21+U21 -> 0 | AC21: =0+(0/60) -> 0 | AD21: 350 | AE21: =+AC21*AD21 -> 0 | AG21: =+K21+L21+M21+N21+R21+S21+T21+V21+W21+X21+Y21+Z21 -> 0.17013889 | AH21: =0+(2/60) -> 0.033333333 | AI21: 350 | AJ21: =+AH21*AI21 -> 11.666667
A22: Total | B22: PC1250-02 | E22: =E8+E15 -> 0 | F22: =F8+F15 -> 0 | J22: =J8+J15 -> 0.18125 | K22: =K8+K15 -> 0.011111111 | L22: =L8+L15 -> 0 | M22: =M8+M15 -> 0.0125 | N22: =N8+N15 -> 0.0069444444 | O22: =O8+O15 -> 0 | P22: =P8+P15 -> 0 | Q22: =Q8+Q15 -> 0 | ... Z22: =Z8+Z15 -> 0 | AA22: =SUM(J22:Z22) -> 0.35763889 | AB22: Total loss time RM | AF22: =+AF15+AF8 -> 2519.35 | AG22: Total loss time Produksi | AK22: =+AK15+AK8 -> 2866.6667
B23: PC1250-05 | E23: =E9+E16 -> 0 | F23: =F9+F16 -> 0 | J23: =J9+J16 -> 0.12638889 | K23: =K9+K16 -> 0.0020833333 | L23: =L9+L16 -> 0 | M23: =M9+M16 -> 0.011805556 | N23: =N9+N16 -> 0.0069444444 | O23: =O9+O16 -> 0.0041666667 | P23: =P9+P16 -> 0 | Q23: =Q9+Q16 -> 0 | ... Z23: =Z9+Z16 -> 0 | AA23: =SUM(J23:Z23) -> 0.29027778
B24: PC1250-06 | E24: =E10+E17 -> 0 | F24: =F10+F17 -> 0 | J24: =J10+J17 -> 0 | K24: =K10+K17 -> 0 | L24: =L10+L17 -> 0 | M24: =M10+M17 -> 0 | N24: =N10+N17 -> 0 | O24: =O10+O17 -> 0 | P24: =P10+P17 -> 0 | Q24: =Q10+Q17 -> 0 | ... Z24: =Z10+Z17 -> 0 | AA24: =SUM(J24:Z24) -> 0
B25: PC1250-07 | E25: =E11+E18 -> 0 | F25: =F11+F18 -> 0 | J25: =J11+J18 -> 0.10902778 | K25: =K11+K18 -> 0.0048611111 | L25: =L11+L18 -> 0 | M25: =M11+M18 -> 0.0083333333 | N25: =N11+N18 -> 0 | O25: =O11+O18 -> 0 | P25: =P11+P18 -> 0 | Q25: =Q11+Q18 -> 0 | ... Z25: =Z11+Z18 -> 0 | AA25: =SUM(J25:Z25) -> 0.26111111
B26: PC1250-10 | E26: =E12+E19 -> 0 | F26: =F12+F19 -> 0 | J26: =J12+J19 -> 0.083333333 | K26: =K12+K19 -> 0.0027777778 | L26: =L12+L19 -> 0 | M26: =M12+M19 -> 0.0083333333 | N26: =N12+N19 -> 0.0069444444 | O26: =O12+O19 -> 0 | P26: =P12+P19 -> 0 | Q26: =Q12+Q19 -> 0 | ... Z26: =Z12+Z19 -> 0 | AA26: =SUM(J26:Z26) -> 0.24027778
B27: CAT395-02 | E27: =E13+E20 -> 0 | F27: =F13+F20 -> 0 | J27: =J13+J20 -> 0.076388889 | K27: =K13+K20 -> 0.0020833333 | L27: =L13+L20 -> 0 | M27: =M13+M20 -> 0.010416667 | N27: =N13+N20 -> 0 | O27: =O13+O20 -> 0 | P27: =P13+P20 -> 0 | Q27: =Q13+Q20 -> 0 | ... Z27: =Z13+Z20 -> 0 | AA27: =SUM(J27:Z27) -> 0.23472222
B28: EC750-02 | E28: =E14+E21 -> 0 | F28: =F14+F21 -> 0 | J28: =J14+J21 -> 0 | K28: =K14+K21 -> 0.0125 | L28: =L14+L21 -> 0 | M28: =M14+M21 -> 0.0055555556 | N28: =N14+N21 -> 0.0069444444 | O28: =O14+O21 -> 0 | P28: =P14+P21 -> 0 | Q28: =Q14+Q21 -> 0 | ... Z28: =Z14+Z21 -> 0 | AA28: =SUM(J28:Z28) -> 0.20486111
R30: =15*20 -> 300

Sheet 18
A3: LOST TIME EXCAVATOR PIT 55
A4: PERIODE DESEMBER 204
A5: Tanggal : | B5: 45644
A6: Shift | B6: No Unit | C6: HM Awal | D6: HM Akhir | E6: Total HM | F6: EWH | G6: Prodty | H6: PA | I6: UA | J6: DELAY OPERATION
J7: BD | K7: Perbaikan Front | L7: Pindah Front | M7: Stop loading menjelang istirahat | N7: Stop loading akhir shift | O7: Greasing | P7: Travel | Q7: Oli hydrolik & coolant | R7: Blasting | S7: Hujan | T7: Slippery | U7: Pengisian Fuel | V7: General | W7: STB | X7: Perbaikan Jalan | Y7: Washing | AA7: Total Loss Time | AB7: LOSS TIME RM | AG7: LOSS TIME PROD
A8: Pagi | B8: PC1250-02 | J8: 0.10625 | M8: 0.0013888889 | O8: 0.015277778 | T8: 0.026388889 | AA8: =SUM(J8:Z8) -> 0.14930556 | AB8: =+J8+O8+Q8+U8 -> 0.12152778 | AC8: =0+(0/60) -> 0 | AD8: 400 | AE8: =+AC8*AD8 -> 0 | AF8: =SUM(AE8:AE14) -> 3437.0167 | AG8: =+K8+L8+M8+N8+R8+S8+T8+V8+W8+X8+Y8+Z8 -> 0.027777778 | AH8: =5+(25/60) -> 5.4166667 | AI8: 400 | AJ8: =+AH8*AI8 -> 2166.6667 | AK8: =SUM(AJ8:AJ14) -> 14237.5
B9: PC1250-05 | J9: 0.21388889 | M9: 0.0055555556 | N9: 0.0069444444 | T9: 0.010416667 | AA9: =SUM(J9:Z9) -> 0.23680556 | AB9: =+J9+O9+Q9+U9 -> 0.21388889 | AC9: =3+(15/60) -> 3.25 | AD9: 400 | AE9: =+AC9*AD9 -> 1300 | AG9: =+K9+L9+M9+N9+R9+S9+T9+V9+W9+X9+Y9+Z9 -> 0.022916667 | AH9: =14+(37/60) -> 14.616667 | AI9: 400 | AJ9: =+AH9*AI9 -> 5846.6667
B10: PC1250-06 | AA10: =SUM(J10:Z10) -> 0 | AB10: =+J10+O10+Q10+U10 -> 0 | AC10: =2+(48/60) -> 2.8 | AD10: 401 | AE10: =+AC10*AD10 -> 1122.8 | AG10: =+K10+L10+M10+N10+R10+S10+T10+V10+W10+X10+Y10+Z10 -> 0 | AH10: =3+(47/60) -> 3.7833333 | AI10: 400 | AJ10: =+AH10*AI10 -> 1513.3333
B11: PC1250-07 | M11: 0.0048611111 | N11: 0.0034722222 | R11: 0.020833333 | T11: 0.077083333 | AA11: =SUM(J11:Z11) -> 0.10625 | AB11: =+J11+O11+Q11+U11 -> 0 | AC11: =0+(0/60) -> 0 | AD11: 402 | AE11: =+AC11*AD11 -> 0 | AG11: =+K11+L11+M11+N11+R11+S11+T11+V11+W11+X11+Y11+Z11 -> 0.10625 | AH11: =0+(0/60) -> 0 | AI11: 400 | AJ11: =+AH11*AI11 -> 0
B12: PC1250-10 | M12: 0.00069444444 | N12: 0.0027777778 | R12: 0.019444444 | T12: 0.065972222 | W12: 0.045138889 | AA12: =SUM(J12:Z12) -> 0.13402778 | AB12: =+J12+O12+Q12+U12 -> 0 | AC12: =2+(31/60) -> 2.5166667 | AD12: 403 | AE12: =+AC12*AD12 -> 1014.2167 | AG12: =+K12+L12+M12+N12+R12+S12+T12+V12+W12+X12+Y12+Z12 -> 0.13402778 | AH12: =5+(32/60) -> 5.5333333 | AI12: 400 | AJ12: =+AH12*AI12 -> 2213.3333
B13: CAT395-02 | M13: 0.00625 | N13: 0.0069444444 | R13: 0.020833333 | T13: 0.061111111 | AA13: =SUM(J13:Z13) -> 0.095138889 | AB13: =+J13+O13+Q13+U13 -> 0 | AC13: =0+(0/60) -> 0 | AD13: 450 | AE13: =+AC13*AD13 -> 0 | AG13: =+K13+L13+M13+N13+R13+S13+T13+V13+W13+X13+Y13+Z13 -> 0.095138889 | AH13: =5+(33/60) -> 5.55 | AI13: 450 | AJ13: =+AH13*AI13 -> 2497.5
B14: EC750-02 | J14: 0.082638889 | M14: 0.0027777778 | N14: 0.0034722222 | AA14: =SUM(J14:Z14) -> 0.088888889 | AB14: =+J14+O14+Q14+U14 -> 0.082638889 | AC14: =0+(0/60) -> 0 | AD14: 350 | AE14: =+AC14*AD14 -> 0 | AG14: =+K14+L14+M14+N14+R14+S14+T14+V14+W14+X14+Y14+Z14 -> 0.00625 | AH14: =0+(0/60) -> 0 | AI14: 350 | AJ14: =+AH14*AI14 -> 0
A15: Malam | B15: PC1250-02 | J15: 0.010416667 | S15: 0.21180556 | T15: 0.0625 | AA15: =SUM(J15:Z15) -> 0.28472222 | AB15: =+J15+O15+Q15+U15 -> 0.010416667 | AC15: =3+(7/60) -> 3.1166667 | AD15: 400 | AE15: =+AC15*AD15 -> 1246.6667 | AF15: =SUM(AE15:AE21) -> 1246.6667 | AG15: =+K15+L15+M15+N15+R15+S15+T15+V15+W15+X15+Y15+Z15 -> 0.27430556 | AH15: =1+(23/60) -> 1.3833333 | AI15: 400 | AJ15: =+AH15*AI15 -> 553.33333 | AK15: =SUM(AJ15:AJ21) -> 4613.3333
B16: PC1250-05 | S16: 0.21180556 | T16: 0.0625 | AA16: =SUM(J16:Z16) -> 0.27430556 | AB16: =+J16+O16+Q16+U16 -> 0 | AC16: =0+(0/60) -> 0 | AD16: 400 | AE16: =+AC16*AD16 -> 0 | AG16: =+K16+L16+M16+N16+R16+S16+T16+V16+W16+X16+Y16+Z16 -> 0.27430556 | AH16: =1+(54/60) -> 1.9 | AI16: 400 | AJ16: =+AH16*AI16 -> 760
B17: PC1250-06 | AA17: =SUM(J17:Z17) -> 0 | AB17: =+J17+O17+Q17+U17 -> 0 | AC17: =0+(0/60) -> 0 | AD17: 400 | AE17: =+AC17*AD17 -> 0 | AG17: =+K17+L17+M17+N17+R17+S17+T17+V17+W17+X17+Y17+Z17 -> 0 | AH17: =2+(10/60) -> 2.1666667 | AI17: 400 | AJ17: =+AH17*AI17 -> 866.66667
B18: PC1250-07 | J18: 0.076388889 | S18: 0.21180556 | T18: 0.0625 | AA18: =SUM(J18:Z18) -> 0.35069444 | AB18: =+J18+O18+Q18+U18 -> 0.076388889 | AC18: =0+(0/60) -> 0 | AD18: 400 | AE18: =+AC18*AD18 -> 0 | AG18: =+K18+L18+M18+N18+R18+S18+T18+V18+W18+X18+Y18+Z18 -> 0.27430556 | AH18: =0+(0/60) -> 0 | AI18: 400 | AJ18: =+AH18*AI18 -> 0
B19: PC1250-10 | J19: 0.010416667 | K19: 0.013888889 | S19: 0.21180556 | T19: 0.0625 | AA19: =SUM(J19:Z19) -> 0.29861111 | AB19: =+J19+O19+Q19+U19 -> 0.010416667 | AC19: =0+(0/60) -> 0 | AD19: 400 | AE19: =+AC19*AD19 -> 0 | AG19: =+K19+L19+M19+N19+R19+S19+T19+V19+W19+X19+Y19+Z19 -> 0.28819444 | AH19: =2+(29/60) -> 2.4833333 | AI19: 400 | AJ19: =+AH19*AI19 -> 993.33333
B20: CAT395-02 | J20: 0.020833333 | S20: 0.21180556 | T20: 0.0625 | AA20: =SUM(J20:Z20) -> 0.29513889 | AB20: =+J20+O20+Q20+U20 -> 0.020833333 | AC20: =0+(0/60) -> 0 | AD20: 450 | AE20: =+AC20*AD20 -> 0 | AG20: =+K20+L20+M20+N20+R20+S20+T20+V20+W20+X20+Y20+Z20 -> 0.27430556 | AH20: =1+(48/60) -> 1.8 | AI20: 450 | AJ20: =+AH20*AI20 -> 810
B21: EC750-02 | S21: 0.21180556 | T21: 0.0625 | AA21: =SUM(J21:Z21) -> 0.27430556 | AB21: =+J21+O21+Q21+U21 -> 0 | AC21: =0+(0/60) -> 0 | AD21: 350 | AE21: =+AC21*AD21 -> 0 | AG21: =+K21+L21+M21+N21+R21+S21+T21+V21+W21+X21+Y21+Z21 -> 0.27430556 | AH21: =1+(48/60) -> 1.8 | AI21: 350 | AJ21: =+AH21*AI21 -> 630
A22: Total | B22: PC1250-02 | E22: =E8+E15 -> 0 | F22: =F8+F15 -> 0 | J22: =J8+J15 -> 0.11666667 | K22: =K8+K15 -> 0 | L22: =L8+L15 -> 0 | M22: =M8+M15 -> 0.0013888889 | N22: =N8+N15 -> 0 | O22: =O8+O15 -> 0.015277778 | P22: =P8+P15 -> 0 | Q22: =Q8+Q15 -> 0 | ... Z22: =Z8+Z15 -> 0 | AA22: =SUM(J22:Z22) -> 0.43402778 | AB22: Total loss time RM | AF22: =+AF15+AF8 -> 4683.6833 | AG22: Total loss time Produksi | AK22: =+AK15+AK8 -> 18850.833
B23: PC1250-05 | E23: =E9+E16 -> 0 | F23: =F9+F16 -> 0 | J23: =J9+J16 -> 0.21388889 | K23: =K9+K16 -> 0 | L23: =L9+L16 -> 0 | M23: =M9+M16 -> 0.0055555556 | N23: =N9+N16 -> 0.0069444444 | O23: =O9+O16 -> 0 | P23: =P9+P16 -> 0 | Q23: =Q9+Q16 -> 0 | ... Z23: =Z9+Z16 -> 0 | AA23: =SUM(J23:Z23) -> 0.51111111
B24: PC1250-06 | E24: =E10+E17 -> 0 | F24: =F10+F17 -> 0 | J24: =J10+J17 -> 0 | K24: =K10+K17 -> 0 | L24: =L10+L17 -> 0 | M24: =M10+M17 -> 0 | N24: =N10+N17 -> 0 | O24: =O10+O17 -> 0 | P24: =P10+P17 -> 0 | Q24: =Q10+Q17 -> 0 | ... Z24: =Z10+Z17 -> 0 | AA24: =SUM(J24:Z24) -> 0
B25: PC1250-07 | E25: =E11+E18 -> 0 | F25: =F11+F18 -> 0 | J25: =J11+J18 -> 0.076388889 | K25: =K11+K18 -> 0 | L25: =L11+L18 -> 0 | M25: =M11+M18 -> 0.0048611111 | N25: =N11+N18 -> 0.0034722222 | O25: =O11+O18 -> 0 | P25: =P11+P18 -> 0 | Q25: =Q11+Q18 -> 0 | ... Z25: =Z11+Z18 -> 0 | AA25: =SUM(J25:Z25) -> 0.45694444
B26: PC1250-10 | E26: =E12+E19 -> 0 | F26: =F12+F19 -> 0 | J26: =J12+J19 -> 0.010416667 | K26: =K12+K19 -> 0.013888889 | L26: =L12+L19 -> 0 | M26: =M12+M19 -> 0.00069444444 | N26: =N12+N19 -> 0.0027777778 | O26: =O12+O19 -> 0 | P26: =P12+P19 -> 0 | Q26: =Q12+Q19 -> 0 | ... Z26: =Z12+Z19 -> 0 | AA26: =SUM(J26:Z26) -> 0.43263889
B27: CAT395-02 | E27: =E13+E20 -> 0 | F27: =F13+F20 -> 0 | J27: =J13+J20 -> 0.020833333 | K27: =K13+K20 -> 0 | L27: =L13+L20 -> 0 | M27: =M13+M20 -> 0.00625 | N27: =N13+N20 -> 0.0069444444 | O27: =O13+O20 -> 0 | P27: =P13+P20 -> 0 | Q27: =Q13+Q20 -> 0 | ... Z27: =Z13+Z20 -> 0 | AA27: =SUM(J27:Z27) -> 0.39027778
B28: EC750-02 | E28: =E14+E21 -> 0 | F28: =F14+F21 -> 0 | J28: =J14+J21 -> 0.082638889 | K28: =K14+K21 -> 0 | L28: =L14+L21 -> 0 | M28: =M14+M21 -> 0.0027777778 | N28: =N14+N21 -> 0.0034722222 | O28: =O14+O21 -> 0 | P28: =P14+P21 -> 0 | Q28: =Q14+Q21 -> 0 | ... Z28: =Z14+Z21 -> 0 | AA28: =SUM(J28:Z28) -> 0.36319444

Sheet 19
A3: LOST TIME EXCAVATOR PIT 55
A4: PERIODE DESEMBER 204
A5: Tanggal : | B5: 45645
A6: Shift | B6: No Unit | C6: HM Awal | D6: HM Akhir | E6: Total HM | F6: EWH | G6: Prodty | H6: PA | I6: UA | J6: DELAY OPERATION
J7: BD | K7: Perbaikan Front | L7: Pindah Front | M7: Stop loading menjelang istirahat | N7: Stop loading akhir shift | O7: Greasing | P7: Travel | Q7: Oli hydrolik & coolant | R7: Blasting | S7: Hujan | T7: Slippery | U7: Pengisian Fuel | V7: General | W7: STB | X7: Perbaikan Jalan | Y7: Washing | AA7: Total Loss Time
A8: Pagi | B8: PC1250-02 | J8: 0.066666667 | M8: 0.0041666667 | T8: 0.074305556 | AA8: =SUM(J8:Z8) -> 0.14513889
B9: PC1250-05 | M9: 0.0027777778 | N9: 0.0055555556 | T9: 0.075694444 | AA9: =SUM(J9:Z9) -> 0.084027778
B10: PC1250-06 | AA10: =SUM(J10:Z10) -> 0
B11: PC1250-07 | J11: 0.17847222 | N11: 0.0069444444 | T11: 0.069444444 | AA11: =SUM(J11:Z11) -> 0.25486111
B12: PC1250-10 | K12: 0.0027777778 | M12: 0.0048611111 | N12: 0.0069444444 | T12: 0.031944444 | U12: 0.01875 | AA12: =SUM(J12:Z12) -> 0.065277778
B13: CAT395-02 | J13: 0.10486111 | K13: 0.0041666667 | M13: 0.00069444444 | N13: 0.0048611111 | AA13: =SUM(J13:Z13) -> 0.11458333
B14: EC750-02 | K14: 0.0083333333 | M14: 0.0069444444 | N14: 0.0055555556 | AA14: =SUM(J14:Z14) -> 0.020833333
A15: Malam | B15: PC1250-02 | J15: 0.39166667 | AA15: =SUM(J15:Z15) -> 0.39166667
B16: PC1250-05 | K16: 0.00625 | L16: 0.0090277778 | M16: 0.0055555556 | N16: 0.0055555556 | AA16: =SUM(J16:Z16) -> 0.026388889
B17: PC1250-06 | AA17: =SUM(J17:Z17) -> 0
B18: PC1250-07 | J18: 0.078472222 | N18: 0.00069444444 | AA18: =SUM(J18:Z18) -> 0.079166667
B19: PC1250-10 | K19: 0.0083333333 | M19: 0.00069444444 | N19: 0.0069444444 | AA19: =SUM(J19:Z19) -> 0.015972222
B20: CAT395-02 | J20: 0.29444444 | M20: 0.0013888889 | AA20: =SUM(J20:Z20) -> 0.29583333
B21: EC750-02 | J21: 0.30277778 | AA21: =SUM(J21:Z21) -> 0.30277778
A22: Total | B22: PC1250-02 | E22: =E8+E15 -> 0 | F22: =F8+F15 -> 0 | J22: =J8+J15 -> 0.45833333 | K22: =K8+K15 -> 0 | L22: =L8+L15 -> 0 | M22: =M8+M15 -> 0.0041666667 | N22: =N8+N15 -> 0 | O22: =O8+O15 -> 0 | P22: =P8+P15 -> 0 | Q22: =Q8+Q15 -> 0 | ... Z22: =Z8+Z15 -> 0 | AA22: =SUM(J22:Z22) -> 0.53680556
B23: PC1250-05 | E23: =E9+E16 -> 0 | F23: =F9+F16 -> 0 | J23: =J9+J16 -> 0 | K23: =K9+K16 -> 0.00625 | L23: =L9+L16 -> 0.0090277778 | M23: =M9+M16 -> 0.0083333333 | N23: =N9+N16 -> 0.011111111 | O23: =O9+O16 -> 0 | P23: =P9+P16 -> 0 | Q23: =Q9+Q16 -> 0 | ... Z23: =Z9+Z16 -> 0 | AA23: =SUM(J23:Z23) -> 0.11041667
B24: PC1250-06 | E24: =E10+E17 -> 0 | F24: =F10+F17 -> 0 | J24: =J10+J17 -> 0 | K24: =K10+K17 -> 0 | L24: =L10+L17 -> 0 | M24: =M10+M17 -> 0 | N24: =N10+N17 -> 0 | O24: =O10+O17 -> 0 | P24: =P10+P17 -> 0 | Q24: =Q10+Q17 -> 0 | ... Z24: =Z10+Z17 -> 0 | AA24: =SUM(J24:Z24) -> 0
B25: PC1250-07 | E25: =E11+E18 -> 0 | F25: =F11+F18 -> 0 | J25: =J11+J18 -> 0.25694444 | K25: =K11+K18 -> 0 | L25: =L11+L18 -> 0 | M25: =M11+M18 -> 0 | N25: =N11+N18 -> 0.0076388889 | O25: =O11+O18 -> 0 | P25: =P11+P18 -> 0 | Q25: =Q11+Q18 -> 0 | ... Z25: =Z11+Z18 -> 0 | AA25: =SUM(J25:Z25) -> 0.33402778
B26: PC1250-10 | E26: =E12+E19 -> 0 | F26: =F12+F19 -> 0 | J26: =J12+J19 -> 0 | K26: =K12+K19 -> 0.011111111 | L26: =L12+L19 -> 0 | M26: =M12+M19 -> 0.0055555556 | N26: =N12+N19 -> 0.013888889 | O26: =O12+O19 -> 0 | P26: =P12+P19 -> 0 | Q26: =Q12+Q19 -> 0 | ... Z26: =Z12+Z19 -> 0 | AA26: =SUM(J26:Z26) -> 0.08125
B27: CAT395-02 | E27: =E13+E20 -> 0 | F27: =F13+F20 -> 0 | J27: =J13+J20 -> 0.39930556 | K27: =K13+K20 -> 0.0041666667 | L27: =L13+L20 -> 0 | M27: =M13+M20 -> 0.0020833333 | N27: =N13+N20 -> 0.0048611111 | O27: =O13+O20 -> 0 | P27: =P13+P20 -> 0 | Q27: =Q13+Q20 -> 0 | ... Z27: =Z13+Z20 -> 0 | AA27: =SUM(J27:Z27) -> 0.41041667
B28: EC750-02 | E28: =E14+E21 -> 0 | F28: =F14+F21 -> 0 | J28: =J14+J21 -> 0.30277778 | K28: =K14+K21 -> 0.0083333333 | L28: =L14+L21 -> 0 | M28: =M14+M21 -> 0.0069444444 | N28: =N14+N21 -> 0.0055555556 | O28: =O14+O21 -> 0 | P28: =P14+P21 -> 0 | Q28: =Q14+Q21 -> 0 | ... Z28: =Z14+Z21 -> 0 | AA28: =SUM(J28:Z28) -> 0.32361111

Sheet 20
A3: LOST TIME EXCAVATOR PIT 55
A4: PERIODE DESEMBER 204
A5: Tanggal : | B5: 45646
A6: Shift | B6: No Unit | C6: HM Awal | D6: HM Akhir | E6: Total HM | F6: EWH | G6: Prodty | H6: PA | I6: UA | J6: DELAY OPERATION
J7: BD | K7: Perbaikan Front | L7: Pindah Front | M7: Stop loading menjelang istirahat | N7: Stop loading akhir shift | O7: Greasing | P7: Travel | Q7: Oli hydrolik & coolant | R7: Blasting | S7: Hujan | T7: Slippery | U7: Pengisian Fuel | V7: General | W7: STB | X7: Perbaikan Jalan | Y7: Washing | Z7: LOADING SETELAH SHOLAT JUMAT | AA7: Total Loss Time
A8: Pagi | B8: PC1250-02 | J8: 0.35833333 | S8: 0.041666667 | AA8: =SUM(J8:Z8) -> 0.4
B9: PC1250-05 | J9: 0.029861111 | M9: 0.013888889 | O9: 0.013888889 | S9: 0.041666667 | Z9: 0.018055556 | AA9: =SUM(J9:Z9) -> 0.11736111
B10: PC1250-06 | AA10: =SUM(J10:Z10) -> 0
B11: PC1250-07 | J11: 0.054166667 | M11: 0.015277778 | S11: 0.041666667 | Z11: 0.013888889 | AA11: =SUM(J11:Z11) -> 0.125
B12: PC1250-10 | K12: 0.011111111 | L12: 0.014583333 | M12: 0.013888889 | S12: 0.041666667 | Z12: 0.011111111 | AA12: =SUM(J12:Z12) -> 0.092361111
B13: CAT395-02 | J13: 0.375 | S13: 0.041666667 | AA13: =SUM(J13:Z13) -> 0.41666667
B14: EC750-02 | J14: 0.375 | S14: 0.041666667 | AA14: =SUM(J14:Z14) -> 0.41666667
A15: Malam | B15: PC1250-02 | N15: 0.00625 | S15: 0.18402778 | T15: 0.17013889 | AA15: =SUM(J15:Z15) -> 0.36041667
B16: PC1250-05 | N16: 0.0069444444 | S16: 0.18402778 | T16: 0.065972222 | AA16: =SUM(J16:Z16) -> 0.25694444
B17: PC1250-06 | AA17: =SUM(J17:Z17) -> 0
B18: PC1250-07 | S18: 0.18402778 | W18: 0.23263889 | AA18: =SUM(J18:Z18) -> 0.41666667
B19: PC1250-10 | S19: 0.18402778 | W19: 0.23263889 | AA19: =SUM(J19:Z19) -> 0.41666667
B20: CAT395-02 | S20: 0.18402778 | W20: 0.23263889 | AA20: =SUM(J20:Z20) -> 0.41666667
B21: EC750-02 | J21: 0.23263889 | S21: 0.18402778 | AA21: =SUM(J21:Z21) -> 0.41666667
A22: Total | B22: PC1250-02 | E22: =E8+E15 -> 0 | F22: =F8+F15 -> 0 | J22: =J8+J15 -> 0.35833333 | K22: =K8+K15 -> 0 | L22: =L8+L15 -> 0 | M22: =M8+M15 -> 0 | N22: =N8+N15 -> 0.00625 | O22: =O8+O15 -> 0 | P22: =P8+P15 -> 0 | Q22: =Q8+Q15 -> 0 | ... Z22: =Z8+Z15 -> 0 | AA22: =SUM(J22:Z22) -> 0.76041667
B23: PC1250-05 | E23: =E9+E16 -> 0 | F23: =F9+F16 -> 0 | J23: =J9+J16 -> 0.029861111 | K23: =K9+K16 -> 0 | L23: =L9+L16 -> 0 | M23: =M9+M16 -> 0.013888889 | N23: =N9+N16 -> 0.0069444444 | O23: =O9+O16 -> 0.013888889 | P23: =P9+P16 -> 0 | Q23: =Q9+Q16 -> 0 | ... Z23: =Z9+Z16 -> 0.018055556 | AA23: =SUM(J23:Z23) -> 0.37430556
B24: PC1250-06 | E24: =E10+E17 -> 0 | F24: =F10+F17 -> 0 | J24: =J10+J17 -> 0 | K24: =K10+K17 -> 0 | L24: =L10+L17 -> 0 | M24: =M10+M17 -> 0 | N24: =N10+N17 -> 0 | O24: =O10+O17 -> 0 | P24: =P10+P17 -> 0 | Q24: =Q10+Q17 -> 0 | ... Z24: =Z10+Z17 -> 0 | AA24: =SUM(J24:Z24) -> 0
B25: PC1250-07 | E25: =E11+E18 -> 0 | F25: =F11+F18 -> 0 | J25: =J11+J18 -> 0.054166667 | K25: =K11+K18 -> 0 | L25: =L11+L18 -> 0 | M25: =M11+M18 -> 0.015277778 | N25: =N11+N18 -> 0 | O25: =O11+O18 -> 0 | P25: =P11+P18 -> 0 | Q25: =Q11+Q18 -> 0 | ... Z25: =Z11+Z18 -> 0.013888889 | AA25: =SUM(J25:Z25) -> 0.54166667
B26: PC1250-10 | E26: =E12+E19 -> 0 | F26: =F12+F19 -> 0 | J26: =J12+J19 -> 0 | K26: =K12+K19 -> 0.011111111 | L26: =L12+L19 -> 0.014583333 | M26: =M12+M19 -> 0.013888889 | N26: =N12+N19 -> 0 | O26: =O12+O19 -> 0 | P26: =P12+P19 -> 0 | Q26: =Q12+Q19 -> 0 | ... Z26: =Z12+Z19 -> 0.011111111 | AA26: =SUM(J26:Z26) -> 0.50902778
B27: CAT395-02 | E27: =E13+E20 -> 0 | F27: =F13+F20 -> 0 | J27: =J13+J20 -> 0.375 | K27: =K13+K20 -> 0 | L27: =L13+L20 -> 0 | M27: =M13+M20 -> 0 | N27: =N13+N20 -> 0 | O27: =O13+O20 -> 0 | P27: =P13+P20 -> 0 | Q27: =Q13+Q20 -> 0 | ... Z27: =Z13+Z20 -> 0 | AA27: =SUM(J27:Z27) -> 0.83333333
B28: EC750-02 | E28: =E14+E21 -> 0 | F28: =F14+F21 -> 0 | J28: =J14+J21 -> 0.60763889 | K28: =K14+K21 -> 0 | L28: =L14+L21 -> 0 | M28: =M14+M21 -> 0 | N28: =N14+N21 -> 0 | O28: =O14+O21 -> 0 | P28: =P14+P21 -> 0 | Q28: =Q14+Q21 -> 0 | ... Z28: =Z14+Z21 -> 0 | AA28: =SUM(J28:Z28) -> 0.83333333

Sheet 21
A3: LOST TIME EXCAVATOR PIT 55
A4: PERIODE DESEMBER 204
A5: Tanggal : | B5: 45647
A6: Shift | B6: No Unit | C6: HM Awal | D6: HM Akhir | E6: Total HM | F6: EWH | G6: Prodty | H6: PA | I6: UA | J6: DELAY OPERATION
J7: BD | K7: Perbaikan Front | L7: Pindah Front | M7: Stop loading menjelang istirahat | N7: Stop loading akhir shift | O7: Greasing | P7: Travel | Q7: Oli hydrolik & coolant | R7: Blasting | S7: Hujan | T7: Slippery | U7: Pengisian Fuel | V7: General | W7: STB | X7: Perbaikan Jalan | Y7: Washing | AA7: Total Loss Time | AB7: LOSS TIME RM | AG7: LOSS TIME PROD
A8: Pagi | B8: PC1250-02 | K8: 0.0027777778 | M8: 0.0034722222 | N8: 0.0069444444 | AA8: =SUM(J8:Z8) -> 0.013194444 | AB8: =+J8+O8+Q8+U8 -> 0 | AC8: =0+(0/60) -> 0 | AD8: 400 | AE8: =+AC8*AD8 -> 0 | AF8: =SUM(AE8:AE14) -> 458.33333 | AG8: =+K8+L8+M8+N8+R8+S8+T8+V8+W8+X8+Y8+Z8 -> 0.013194444 | AH8: =3+(31/60) -> 3.5166667 | AI8: 400 | AJ8: =+AH8*AI8 -> 1406.6667 | AK8: =SUM(AJ8:AJ14) -> 6234.1667
B9: PC1250-05 | K9: 0.0020833333 | M9: 0.0034722222 | N9: 0.0034722222 | AA9: =SUM(J9:Z9) -> 0.0090277778 | AB9: =+J9+O9+Q9+U9 -> 0 | AC9: =0+(0/60) -> 0 | AD9: 400 | AE9: =+AC9*AD9 -> 0 | AG9: =+K9+L9+M9+N9+R9+S9+T9+V9+W9+X9+Y9+Z9 -> 0.0090277778 | AH9: =2+(49/60) -> 2.8166667 | AI9: 400 | AJ9: =+AH9*AI9 -> 1126.6667
B10: PC1250-06 | AA10: =SUM(J10:Z10) -> 0 | AB10: =+J10+O10+Q10+U10 -> 0 | AC10: =0+(0/60) -> 0 | AD10: 401 | AE10: =+AC10*AD10 -> 0 | AG10: =+K10+L10+M10+N10+R10+S10+T10+V10+W10+X10+Y10+Z10 -> 0 | AH10: =0+(33/60) -> 0.55 | AI10: 400 | AJ10: =+AH10*AI10 -> 220
B11: PC1250-07 | K11: 0.0027777778 | M11: 0.0034722222 | N11: 0.0034722222 | AA11: =SUM(J11:Z11) -> 0.0097222222 | AB11: =+J11+O11+Q11+U11 -> 0 | AC11: =0+(0/60) -> 0 | AD11: 402 | AE11: =+AC11*AD11 -> 0 | AG11: =+K11+L11+M11+N11+R11+S11+T11+V11+W11+X11+Y11+Z11 -> 0.0097222222 | AH11: =0+(0/60) -> 0 | AI11: 400 | AJ11: =+AH11*AI11 -> 0
B12: PC1250-10 | J12: 0.041666667 | M12: 0.00625 | N12: 0.0069444444 | O12: 0.016666667 | U12: 0.0083333333 | AA12: =SUM(J12:Z12) -> 0.079861111 | AB12: =+J12+O12+Q12+U12 -> 0.066666667 | AC12: =0+(0/60) -> 0 | AD12: 403 | AE12: =+AC12*AD12 -> 0 | AG12: =+K12+L12+M12+N12+R12+S12+T12+V12+W12+X12+Y12+Z12 -> 0.013194444 | AH12: =2+(42/60) -> 2.7 | AI12: 400 | AJ12: =+AH12*AI12 -> 1080
B13: CAT395-02 | K13: 0.0034722222 | M13: 0.0034722222 | N13: 0.0069444444 | V13: 0.036111111 | AA13: =SUM(J13:Z13) -> 0.05 | AB13: =+J13+O13+Q13+U13 -> 0 | AC13: =0+(30/60) -> 0.5 | AD13: 450 | AE13: =+AC13*AD13 -> 225 | AG13: =+K13+L13+M13+N13+R13+S13+T13+V13+W13+X13+Y13+Z13 -> 0.05 | AH13: =2+(57/60) -> 2.95 | AI13: 450 | AJ13: =+AH13*AI13 -> 1327.5
B14: EC750-02 | J14: 0.23611111 | K14: 0.0076388889 | P14: 0.0083333333 | V14: 0.020833333 | W14: 0.033333333 | AA14: =SUM(J14:Z14) -> 0.30625 | AB14: =+J14+O14+Q14+U14 -> 0.23611111 | AC14: =0+(40/60) -> 0.66666667 | AD14: 350 | AE14: =+AC14*AD14 -> 233.33333 | AG14: =+K14+L14+M14+N14+R14+S14+T14+V14+W14+X14+Y14+Z14 -> 0.061805556 | AH14: =3+(4/60) -> 3.0666667 | AI14: 350 | AJ14: =+AH14*AI14 -> 1073.3333
A15: Malam | B15: PC1250-02 | S15: 0.17013889 | T15: 0.041666667 | W15: 0.048611111 | AA15: =SUM(J15:Z15) -> 0.26041667 | AB15: =+J15+O15+Q15+U15 -> 0 | AC15: =0+(0/60) -> 0 | AD15: 400 | AE15: =+AC15*AD15 -> 0 | AF15: =SUM(AE15:AE21) -> 2466.6667 | AG15: =+K15+L15+M15+N15+R15+S15+T15+V15+W15+X15+Y15+Z15 -> 0.26041667 | AH15: =0+(12/60) -> 0.2 | AI15: 400 | AJ15: =+AH15*AI15 -> 80 | AK15: =SUM(AJ15:AJ21) -> 2823.3333
B16: PC1250-05 | Q16: 0.010416667 | S16: 0.17013889 | T16: 0.048611111 | AA16: =SUM(J16:Z16) -> 0.22916667 | AB16: =+J16+O16+Q16+U16 -> 0.010416667 | AC16: =2+(48/60) -> 2.8 | AD16: 400 | AE16: =+AC16*AD16 -> 1120 | AG16: =+K16+L16+M16+N16+R16+S16+T16+V16+W16+X16+Y16+Z16 -> 0.21875 | AH16: =0+(1/60) -> 0.016666667 | AI16: 400 | AJ16: =+AH16*AI16 -> 6.6666667
B17: PC1250-06 | AA17: =SUM(J17:Z17) -> 0 | AB17: =+J17+O17+Q17+U17 -> 0 | AC17: =2+(11/60) -> 2.1833333 | AD17: 400 | AE17: =+AC17*AD17 -> 873.33333 | AG17: =+K17+L17+M17+N17+R17+S17+T17+V17+W17+X17+Y17+Z17 -> 0 | AH17: =1+(16/60) -> 1.2666667 | AI17: 400 | AJ17: =+AH17*AI17 -> 506.66667
B18: PC1250-07 | S18: 0.17013889 | T18: 0.048611111 | W18: 0.048611111 | AA18: =SUM(J18:Z18) -> 0.26736111 | AB18: =+J18+O18+Q18+U18 -> 0 | AC18: =0+(0/60) -> 0 | AD18: 400 | AE18: =+AC18*AD18 -> 0 | AG18: =+K18+L18+M18+N18+R18+S18+T18+V18+W18+X18+Y18+Z18 -> 0.26736111 | AH18: =0+(0/60) -> 0 | AI18: 400 | AJ18: =+AH18*AI18 -> 0
B19: PC1250-10 | K19: 0.024305556 | S19: 0.17013889 | T19: 0.024305556 | W19: 0.10416667 | X19: 0.015972222 | AA19: =SUM(J19:Z19) -> 0.33888889 | AB19: =+J19+O19+Q19+U19 -> 0 | AC19: =1+(11/60) -> 1.1833333 | AD19: 400 | AE19: =+AC19*AD19 -> 473.33333 | AG19: =+K19+L19+M19+N19+R19+S19+T19+V19+W19+X19+Y19+Z19 -> 0.33888889 | AH19: =0+(32/60) -> 0.53333333 | AI19: 400 | AJ19: =+AH19*AI19 -> 213.33333
B20: CAT395-02 | S20: 0.17013889 | T20: 0.024305556 | W20: 0.10069444 | AA20: =SUM(J20:Z20) -> 0.29513889 | AB20: =+J20+O20+Q20+U20 -> 0 | AC20: =0+(0/60) -> 0 | AD20: 450 | AE20: =+AC20*AD20 -> 0 | AG20: =+K20+L20+M20+N20+R20+S20+T20+V20+W20+X20+Y20+Z20 -> 0.29513889 | AH20: =0+(6/60) -> 0.1 | AI20: 450 | AJ20: =+AH20*AI20 -> 45
B21: EC750-02 | J21: 0.045833333 | V21: 0.22847222 | AA21: =SUM(J21:Z21) -> 0.27430556 | AB21: =+J21+O21+Q21+U21 -> 0.045833333 | AC21: =0+(0/60) -> 0 | AD21: 350 | AE21: =+AC21*AD21 -> 0 | AG21: =+K21+L21+M21+N21+R21+S21+T21+V21+W21+X21+Y21+Z21 -> 0.22847222 | AH21: =5+(38/60) -> 5.6333333 | AI21: 350 | AJ21: =+AH21*AI21 -> 1971.6667
A22: Total | B22: PC1250-02 | E22: =E8+E15 -> 0 | F22: =F8+F15 -> 0 | J22: =J8+J15 -> 0 | K22: =K8+K15 -> 0.0027777778 | L22: =L8+L15 -> 0 | M22: =M8+M15 -> 0.0034722222 | N22: =N8+N15 -> 0.0069444444 | O22: =O8+O15 -> 0 | P22: =P8+P15 -> 0 | Q22: =Q8+Q15 -> 0 | ... Z22: =Z8+Z15 -> 0 | AA22: =SUM(J22:Z22) -> 0.27361111 | AB22: Total loss time RM | AF22: =+AF15+AF8 -> 2925 | AG22: Total loss time Produksi | AK22: =+AK15+AK8 -> 9057.5
B23: PC1250-05 | E23: =E9+E16 -> 0 | F23: =F9+F16 -> 0 | J23: =J9+J16 -> 0 | K23: =K9+K16 -> 0.0020833333 | L23: =L9+L16 -> 0 | M23: =M9+M16 -> 0.0034722222 | N23: =N9+N16 -> 0.0034722222 | O23: =O9+O16 -> 0 | P23: =P9+P16 -> 0 | Q23: =Q9+Q16 -> 0.010416667 | ... Z23: =Z9+Z16 -> 0 | AA23: =SUM(J23:Z23) -> 0.23819444
B24: PC1250-06 | E24: =E10+E17 -> 0 | F24: =F10+F17 -> 0 | J24: =J10+J17 -> 0 | K24: =K10+K17 -> 0 | L24: =L10+L17 -> 0 | M24: =M10+M17 -> 0 | N24: =N10+N17 -> 0 | O24: =O10+O17 -> 0 | P24: =P10+P17 -> 0 | Q24: =Q10+Q17 -> 0 | ... Z24: =Z10+Z17 -> 0 | AA24: =SUM(J24:Z24) -> 0
B25: PC1250-07 | E25: =E11+E18 -> 0 | F25: =F11+F18 -> 0 | J25: =J11+J18 -> 0 | K25: =K11+K18 -> 0.0027777778 | L25: =L11+L18 -> 0 | M25: =M11+M18 -> 0.0034722222 | N25: =N11+N18 -> 0.0034722222 | O25: =O11+O18 -> 0 | P25: =P11+P18 -> 0 | Q25: =Q11+Q18 -> 0 | ... Z25: =Z11+Z18 -> 0 | AA25: =SUM(J25:Z25) -> 0.27708333
B26: PC1250-10 | E26: =E12+E19 -> 0 | F26: =F12+F19 -> 0 | J26: =J12+J19 -> 0.041666667 | K26: =K12+K19 -> 0.024305556 | L26: =L12+L19 -> 0 | M26: =M12+M19 -> 0.00625 | N26: =N12+N19 -> 0.0069444444 | O26: =O12+O19 -> 0.016666667 | P26: =P12+P19 -> 0 | Q26: =Q12+Q19 -> 0 | ... Z26: =Z12+Z19 -> 0 | AA26: =SUM(J26:Z26) -> 0.41875
B27: CAT395-02 | E27: =E13+E20 -> 0 | F27: =F13+F20 -> 0 | J27: =J13+J20 -> 0 | K27: =K13+K20 -> 0.0034722222 | L27: =L13+L20 -> 0 | M27: =M13+M20 -> 0.0034722222 | N27: =N13+N20 -> 0.0069444444 | O27: =O13+O20 -> 0 | P27: =P13+P20 -> 0 | Q27: =Q13+Q20 -> 0 | ... Z27: =Z13+Z20 -> 0 | AA27: =SUM(J27:Z27) -> 0.34513889
B28: EC750-02 | E28: =E14+E21 -> 0 | F28: =F14+F21 -> 0 | J28: =J14+J21 -> 0.28194444 | K28: =K14+K21 -> 0.0076388889 | L28: =L14+L21 -> 0 | M28: =M14+M21 -> 0 | N28: =N14+N21 -> 0 | O28: =O14+O21 -> 0 | P28: =P14+P21 -> 0.0083333333 | Q28: =Q14+Q21 -> 0 | ... Z28: =Z14+Z21 -> 0 | AA28: =SUM(J28:Z28) -> 0.58055556

Sheet 22
A3: LOST TIME EXCAVATOR PIT 55
A4: PERIODE DESEMBER 204
A5: Tanggal : | B5: 45648
A6: Shift | B6: No Unit | C6: HM Awal | D6: HM Akhir | E6: Total HM | F6: EWH | G6: Prodty | H6: PA | I6: UA | J6: DELAY OPERATION
J7: BD | K7: Perbaikan Front | L7: Pindah Front | M7: Stop loading menjelang istirahat | N7: Stop loading akhir shift | O7: Greasing | P7: Travel | Q7: Oli hydrolik & coolant | R7: Blasting | S7: Hujan | T7: Slippery | U7: Pengisian Fuel | V7: General | W7: STB | X7: Perbaikan Jalan | Y7: Washing | AA7: Total Loss Time
A8: Pagi | B8: PC1250-02 | K8: 0.0048611111 | M8: 0.0034722222 | N8: 0.0034722222 | S8: 0.013888889 | T8: 0.027777778 | AA8: =SUM(J8:Z8) -> 0.053472222
B9: PC1250-05 | M9: 0.0020833333 | N9: 0.0069444444 | S9: 0.013888889 | T9: 0.045138889 | AA9: =SUM(J9:Z9) -> 0.068055556
B10: PC1250-06 | AA10: =SUM(J10:Z10) -> 0
B11: PC1250-07 | L11: 0.0069444444 | M11: 0.00625 | N11: 0.0055555556 | S11: 0.013888889 | T11: 0.020138889 | AA11: =SUM(J11:Z11) -> 0.052777778
B12: PC1250-10 | M12: 0.0034722222 | N12: 0.0069444444 | S12: 0.013888889 | T12: 0.090972222 | U12: 0.0090277778 | AA12: =SUM(J12:Z12) -> 0.12430556
B13: CAT395-02 | M13: 0.0069444444 | N13: 0.0041666667 | S13: 0.013888889 | T13: 0.090277778 | U13: 0.0027777778 | AA13: =SUM(J13:Z13) -> 0.11805556
B14: EC750-02 | V14: 0.22222222 | AA14: =SUM(J14:Z14) -> 0.22222222
A15: Malam | B15: PC1250-02 | M15: 0.00625 | N15: 0.0069444444 | W15: 0.039583333 | AA15: =SUM(J15:Z15) -> 0.052777778
B16: PC1250-05 | M16: 0.0041666667 | N16: 0.0069444444 | AA16: =SUM(J16:Z16) -> 0.011111111
B17: PC1250-06 | AA17: =SUM(J17:Z17) -> 0
B18: PC1250-07 | J18: 0.17083333 | M18: 0.0048611111 | AA18: =SUM(J18:Z18) -> 0.17569444
B19: PC1250-10 | M19: 0.0013888889 | N19: 0.0069444444 | AA19: =SUM(J19:Z19) -> 0.0083333333
B20: CAT395-02 | M20: 0.00625 | N20: 0.0069444444 | AA20: =SUM(J20:Z20) -> 0.013194444
B21: EC750-02 | J21: 0.083333333 | M21: 0.0041666667 | V21: 0.0125 | AA21: =SUM(J21:Z21) -> 0.1
A22: Total | B22: PC1250-02 | E22: =E8+E15 -> 0 | F22: =F8+F15 -> 0 | J22: =J8+J15 -> 0 | K22: =K8+K15 -> 0.0048611111 | L22: =L8+L15 -> 0 | M22: =M8+M15 -> 0.0097222222 | N22: =N8+N15 -> 0.010416667 | O22: =O8+O15 -> 0 | P22: =P8+P15 -> 0 | Q22: =Q8+Q15 -> 0 | ... Z22: =Z8+Z15 -> 0 | AA22: =SUM(J22:Z22) -> 0.10625
B23: PC1250-05 | E23: =E9+E16 -> 0 | F23: =F9+F16 -> 0 | J23: =J9+J16 -> 0 | K23: =K9+K16 -> 0 | L23: =L9+L16 -> 0 | M23: =M9+M16 -> 0.00625 | N23: =N9+N16 -> 0.013888889 | O23: =O9+O16 -> 0 | P23: =P9+P16 -> 0 | Q23: =Q9+Q16 -> 0 | ... Z23: =Z9+Z16 -> 0 | AA23: =SUM(J23:Z23) -> 0.079166667
B24: PC1250-06 | E24: =E10+E17 -> 0 | F24: =F10+F17 -> 0 | J24: =J10+J17 -> 0 | K24: =K10+K17 -> 0 | L24: =L10+L17 -> 0 | M24: =M10+M17 -> 0 | N24: =N10+N17 -> 0 | O24: =O10+O17 -> 0 | P24: =P10+P17 -> 0 | Q24: =Q10+Q17 -> 0 | ... Z24: =Z10+Z17 -> 0 | AA24: =SUM(J24:Z24) -> 0
B25: PC1250-07 | E25: =E11+E18 -> 0 | F25: =F11+F18 -> 0 | J25: =J11+J18 -> 0.17083333 | K25: =K11+K18 -> 0 | L25: =L11+L18 -> 0.0069444444 | M25: =M11+M18 -> 0.011111111 | N25: =N11+N18 -> 0.0055555556 | O25: =O11+O18 -> 0 | P25: =P11+P18 -> 0 | Q25: =Q11+Q18 -> 0 | ... Z25: =Z11+Z18 -> 0 | AA25: =SUM(J25:Z25) -> 0.22847222
B26: PC1250-10 | E26: =E12+E19 -> 0 | F26: =F12+F19 -> 0 | J26: =J12+J19 -> 0 | K26: =K12+K19 -> 0 | L26: =L12+L19 -> 0 | M26: =M12+M19 -> 0.0048611111 | N26: =N12+N19 -> 0.013888889 | O26: =O12+O19 -> 0 | P26: =P12+P19 -> 0 | Q26: =Q12+Q19 -> 0 | ... Z26: =Z12+Z19 -> 0 | AA26: =SUM(J26:Z26) -> 0.13263889
B27: CAT395-02 | E27: =E13+E20 -> 0 | F27: =F13+F20 -> 0 | J27: =J13+J20 -> 0 | K27: =K13+K20 -> 0 | L27: =L13+L20 -> 0 | M27: =M13+M20 -> 0.013194444 | N27: =N13+N20 -> 0.011111111 | O27: =O13+O20 -> 0 | P27: =P13+P20 -> 0 | Q27: =Q13+Q20 -> 0 | ... Z27: =Z13+Z20 -> 0 | AA27: =SUM(J27:Z27) -> 0.13125
B28: EC750-02 | E28: =E14+E21 -> 0 | F28: =F14+F21 -> 0 | J28: =J14+J21 -> 0.083333333 | K28: =K14+K21 -> 0 | L28: =L14+L21 -> 0 | M28: =M14+M21 -> 0.0041666667 | N28: =N14+N21 -> 0 | O28: =O14+O21 -> 0 | P28: =P14+P21 -> 0 | Q28: =Q14+Q21 -> 0 | ... Z28: =Z14+Z21 -> 0 | AA28: =SUM(J28:Z28) -> 0.32222222

Sheet 23
A3: LOST TIME EXCAVATOR PIT 55
A4: PERIODE DESEMBER 204
A5: Tanggal : | B5: 45649
A6: Shift | B6: No Unit | C6: HM Awal | D6: HM Akhir | E6: Total HM | F6: EWH | G6: Prodty | H6: PA | I6: UA | J6: DELAY OPERATION
J7: BD | K7: Perbaikan Front | L7: Pindah Front | M7: Stop loading menjelang istirahat | N7: Stop loading akhir shift | O7: Greasing | P7: Travel | Q7: Oli hydrolik & coolant | R7: Blasting | S7: Hujan | T7: Slippery | U7: Pengisian Fuel | V7: General | W7: STB | X7: Perbaikan Jalan | Y7: Washing | AA7: Total Loss Time
A8: Pagi | B8: PC1250-02 | M8: 0.0020833333 | N8: 0.0055555556 | V8: 0.029861111 | AA8: =SUM(J8:Z8) -> 0.0375
B9: PC1250-05 | J9: 0.083333333 | K9: 0.0027777778 | M9: 0.0020833333 | N9: 0.0069444444 | AA9: =SUM(J9:Z9) -> 0.095138889
B10: PC1250-06 | AA10: =SUM(J10:Z10) -> 0
B11: PC1250-07 | J11: 0.41666667 | AA11: =SUM(J11:Z11) -> 0.41666667
B12: PC1250-10 | J12: 0.28819444 | K12: 0.013888889 | M12: 0.0048611111 | N12: 0.0034722222 | AA12: =SUM(J12:Z12) -> 0.31041667
B13: CAT395-02 | M13: 0.0034722222 | N13: 0.0069444444 | AA13: =SUM(J13:Z13) -> 0.010416667
B14: EC750-02 | J14: 0.18819444 | N14: 0.0069444444 | P14: 0.034722222 | AA14: =SUM(J14:Z14) -> 0.22986111
A15: Malam | B15: PC1250-02 | M15: 0.0041666667 | N15: 0.0069444444 | S15: 0.13541667 | T15: 0.064583333 | W15: 0.029861111 | AA15: =SUM(J15:Z15) -> 0.24097222
B16: PC1250-05 | M16: 0.0020833333 | N16: 0 | S16: 0.11458333 | T16: 0.049305556 | AA16: =SUM(J16:Z16) -> 0.16597222
B17: PC1250-06 | AA17: =SUM(J17:Z17) -> 0
B18: PC1250-07 | J18: 0.41666667 | AA18: =SUM(J18:Z18) -> 0.41666667
B19: PC1250-10 | M19: 0.00069444444 | N19: 0.0069444444 | S19: 0.13541667 | T19: 0.072222222 | AA19: =SUM(J19:Z19) -> 0.21527778
B20: CAT395-02 | M20: 0.0034722222 | S20: 0.13541667 | T20: 0.038194444 | AA20: =SUM(J20:Z20) -> 0.17708333
B21: EC750-02 | M21: 0.0027777778 | S21: 0.13541667 | T21: 0.063194444 | AA21: =SUM(J21:Z21) -> 0.20138889
A22: Total | B22: PC1250-02 | E22: =E8+E15 -> 0 | F22: =F8+F15 -> 0 | J22: =J8+J15 -> 0 | K22: =K8+K15 -> 0 | L22: =L8+L15 -> 0 | M22: =M8+M15 -> 0.00625 | N22: =N8+N15 -> 0.0125 | O22: =O8+O15 -> 0 | P22: =P8+P15 -> 0 | Q22: =Q8+Q15 -> 0 | ... Z22: =Z8+Z15 -> 0 | AA22: =SUM(J22:Z22) -> 0.27847222
B23: PC1250-05 | E23: =E9+E16 -> 0 | F23: =F9+F16 -> 0 | J23: =J9+J16 -> 0.083333333 | K23: =K9+K16 -> 0.0027777778 | L23: =L9+L16 -> 0 | M23: =M9+M16 -> 0.0041666667 | N23: =N9+N16 -> 0.0069444444 | O23: =O9+O16 -> 0 | P23: =P9+P16 -> 0 | Q23: =Q9+Q16 -> 0 | ... Z23: =Z9+Z16 -> 0 | AA23: =SUM(J23:Z23) -> 0.26111111
B24: PC1250-06 | E24: =E10+E17 -> 0 | F24: =F10+F17 -> 0 | J24: =J10+J17 -> 0 | K24: =K10+K17 -> 0 | L24: =L10+L17 -> 0 | M24: =M10+M17 -> 0 | N24: =N10+N17 -> 0 | O24: =O10+O17 -> 0 | P24: =P10+P17 -> 0 | Q24: =Q10+Q17 -> 0 | ... Z24: =Z10+Z17 -> 0 | AA24: =SUM(J24:Z24) -> 0
B25: PC1250-07 | E25: =E11+E18 -> 0 | F25: =F11+F18 -> 0 | J25: =J11+J18 -> 0.83333333 | K25: =K11+K18 -> 0 | L25: =L11+L18 -> 0 | M25: =M11+M18 -> 0 | N25: =N11+N18 -> 0 | O25: =O11+O18 -> 0 | P25: =P11+P18 -> 0 | Q25: =Q11+Q18 -> 0 | ... Z25: =Z11+Z18 -> 0 | AA25: =SUM(J25:Z25) -> 0.83333333
B26: PC1250-10 | E26: =E12+E19 -> 0 | F26: =F12+F19 -> 0 | J26: =J12+J19 -> 0.28819444 | K26: =K12+K19 -> 0.013888889 | L26: =L12+L19 -> 0 | M26: =M12+M19 -> 0.0055555556 | N26: =N12+N19 -> 0.010416667 | O26: =O12+O19 -> 0 | P26: =P12+P19 -> 0 | Q26: =Q12+Q19 -> 0 | ... Z26: =Z12+Z19 -> 0 | AA26: =SUM(J26:Z26) -> 0.52569444
B27: CAT395-02 | E27: =E13+E20 -> 0 | F27: =F13+F20 -> 0 | J27: =J13+J20 -> 0 | K27: =K13+K20 -> 0 | L27: =L13+L20 -> 0 | M27: =M13+M20 -> 0.0069444444 | N27: =N13+N20 -> 0.0069444444 | O27: =O13+O20 -> 0 | P27: =P13+P20 -> 0 | Q27: =Q13+Q20 -> 0 | ... Z27: =Z13+Z20 -> 0 | AA27: =SUM(J27:Z27) -> 0.1875
B28: EC750-02 | E28: =E14+E21 -> 0 | F28: =F14+F21 -> 0 | J28: =J14+J21 -> 0.18819444 | K28: =K14+K21 -> 0 | L28: =L14+L21 -> 0 | M28: =M14+M21 -> 0.0027777778 | N28: =N14+N21 -> 0.0069444444 | O28: =O14+O21 -> 0 | P28: =P14+P21 -> 0.034722222 | Q28: =Q14+Q21 -> 0 | ... Z28: =Z14+Z21 -> 0 | AA28: =SUM(J28:Z28) -> 0.43125

Sheet 24
A3: LOST TIME EXCAVATOR PIT 55
A4: PERIODE DESEMBER 204
A5: Tanggal : | B5: 45650
A6: Shift | B6: No Unit | C6: HM Awal | D6: HM Akhir | E6: Total HM | F6: EWH | G6: Prodty | H6: PA | I6: UA | J6: DELAY OPERATION
J7: BD | K7: Perbaikan Front | L7: Pindah Front | M7: Stop loading menjelang istirahat | N7: Stop loading akhir shift | O7: Greasing | P7: Travel | Q7: Oli hydrolik & coolant | R7: Blasting | S7: Hujan | T7: Slippery | U7: Pengisian Fuel | V7: General | W7: STB | X7: Perbaikan Jalan | Y7: Washing | AA7: Total Loss Time
A8: Pagi | B8: PC1250-02 | M8: 0.0034722222 | N8: 0.00069444444 | S8: 0.027777778 | T8: 0.022916667 | V8: 0.18888889 | AA8: =SUM(J8:Z8) -> 0.24375
B9: PC1250-05 | J9: 0.027777778 | S9: 0.050694444 | T9: 0.069444444 | AA9: =SUM(J9:Z9) -> 0.14791667
B10: PC1250-06 | AA10: =SUM(J10:Z10) -> 0
B11: PC1250-07 | J11: 0.36597222 | S11: 0.050694444 | AA11: =SUM(J11:Z11) -> 0.41666667
B12: PC1250-10 | K12: 0.0020833333 | L12: 0.0090277778 | M12: 0.0055555556 | S12: 0.022916667 | T12: 0.060416667 | W12: 0.11805556 | AA12: =SUM(J12:Z12) -> 0.21805556
B13: CAT395-02 | M13: 0.0041666667 | N13: 0.0069444444 | S13: 0.050694444 | T13: 0.079861111 | AA13: =SUM(J13:Z13) -> 0.14166667
B14: EC750-02 | M14: 0.0041666667 | N14: 0.0069444444 | S14: 0.050694444 | T14: 0.070138889 | AA14: =SUM(J14:Z14) -> 0.13194444
A15: Malam | B15: PC1250-02 | K15: 0.0027777778 | M15: 0.0020833333 | N15: 0.0048611111 | AA15: =SUM(J15:Z15) -> 0.0097222222
B16: PC1250-05 | J16: 0.0034722222 | M16: 0.0055555556 | N16: 0.0069444444 | AA16: =SUM(J16:Z16) -> 0.015972222
B17: PC1250-06 | AA17: =SUM(J17:Z17) -> 0
B18: PC1250-07 | J18: 0.41666667 | AA18: =SUM(J18:Z18) -> 0.41666667
B19: PC1250-10 | K19: 0.0097222222 | M19: 0.0020833333 | N19: 0.0069444444 | AA19: =SUM(J19:Z19) -> 0.01875
B20: CAT395-02 | J20: 0.045138889 | M20: 0.0027777778 | N20: 0.0069444444 | AA20: =SUM(J20:Z20) -> 0.054861111
B21: EC750-02 | J21: 0.25 | M21: 0.0055555556 | AA21: =SUM(J21:Z21) -> 0.25555556
A22: Total | B22: PC1250-02 | E22: =E8+E15 -> 0 | F22: =F8+F15 -> 0 | J22: =J8+J15 -> 0 | K22: =K8+K15 -> 0.0027777778 | L22: =L8+L15 -> 0 | M22: =M8+M15 -> 0.0055555556 | N22: =N8+N15 -> 0.0055555556 | O22: =O8+O15 -> 0 | P22: =P8+P15 -> 0 | Q22: =Q8+Q15 -> 0 | ... Z22: =Z8+Z15 -> 0 | AA22: =SUM(J22:Z22) -> 0.25347222
B23: PC1250-05 | E23: =E9+E16 -> 0 | F23: =F9+F16 -> 0 | J23: =J9+J16 -> 0.03125 | K23: =K9+K16 -> 0 | L23: =L9+L16 -> 0 | M23: =M9+M16 -> 0.0055555556 | N23: =N9+N16 -> 0.0069444444 | O23: =O9+O16 -> 0 | P23: =P9+P16 -> 0 | Q23: =Q9+Q16 -> 0 | ... Z23: =Z9+Z16 -> 0 | AA23: =SUM(J23:Z23) -> 0.16388889
B24: PC1250-06 | E24: =E10+E17 -> 0 | F24: =F10+F17 -> 0 | J24: =J10+J17 -> 0 | K24: =K10+K17 -> 0 | L24: =L10+L17 -> 0 | M24: =M10+M17 -> 0 | N24: =N10+N17 -> 0 | O24: =O10+O17 -> 0 | P24: =P10+P17 -> 0 | Q24: =Q10+Q17 -> 0 | ... Z24: =Z10+Z17 -> 0 | AA24: =SUM(J24:Z24) -> 0
B25: PC1250-07 | E25: =E11+E18 -> 0 | F25: =F11+F18 -> 0 | J25: =J11+J18 -> 0.78263889 | K25: =K11+K18 -> 0 | L25: =L11+L18 -> 0 | M25: =M11+M18 -> 0 | N25: =N11+N18 -> 0 | O25: =O11+O18 -> 0 | P25: =P11+P18 -> 0 | Q25: =Q11+Q18 -> 0 | ... Z25: =Z11+Z18 -> 0 | AA25: =SUM(J25:Z25) -> 0.83333333
B26: PC1250-10 | E26: =E12+E19 -> 0 | F26: =F12+F19 -> 0 | J26: =J12+J19 -> 0 | K26: =K12+K19 -> 0.011805556 | L26: =L12+L19 -> 0.0090277778 | M26: =M12+M19 -> 0.0076388889 | N26: =N12+N19 -> 0.0069444444 | O26: =O12+O19 -> 0 | P26: =P12+P19 -> 0 | Q26: =Q12+Q19 -> 0 | ... Z26: =Z12+Z19 -> 0 | AA26: =SUM(J26:Z26) -> 0.23680556
B27: CAT395-02 | E27: =E13+E20 -> 0 | F27: =F13+F20 -> 0 | J27: =J13+J20 -> 0.045138889 | K27: =K13+K20 -> 0 | L27: =L13+L20 -> 0 | M27: =M13+M20 -> 0.0069444444 | N27: =N13+N20 -> 0.013888889 | O27: =O13+O20 -> 0 | P27: =P13+P20 -> 0 | Q27: =Q13+Q20 -> 0 | ... Z27: =Z13+Z20 -> 0 | AA27: =SUM(J27:Z27) -> 0.19652778
B28: EC750-02 | E28: =E14+E21 -> 0 | F28: =F14+F21 -> 0 | J28: =J14+J21 -> 0.25 | K28: =K14+K21 -> 0 | L28: =L14+L21 -> 0 | M28: =M14+M21 -> 0.0097222222 | N28: =N14+N21 -> 0.0069444444 | O28: =O14+O21 -> 0 | P28: =P14+P21 -> 0 | Q28: =Q14+Q21 -> 0 | ... Z28: =Z14+Z21 -> 0 | AA28: =SUM(J28:Z28) -> 0.3875

Sheet 25
A3: LOST TIME EXCAVATOR PIT 55
A4: PERIODE DESEMBER 204
A5: Tanggal : | B5: 45651
A6: Shift | B6: No Unit | C6: HM Awal | D6: HM Akhir | E6: Total HM | F6: EWH | G6: Prodty | H6: PA | I6: UA | J6: DELAY OPERATION
J7: BD | K7: Perbaikan Front | L7: Pindah Front | M7: Stop loading menjelang istirahat | N7: Stop loading akhir shift | O7: Greasing | P7: Travel | Q7: Oli hydrolik & coolant | R7: Blasting | S7: Hujan | T7: Slippery | U7: Pengisian Fuel | V7: General | W7: STB | X7: Perbaikan Jalan | Y7: Washing | AA7: Total Loss Time | AB7: LOSS TIME RM | AG7: LOSS TIME PROD
A8: Pagi | B8: PC1250-02 | AA8: =SUM(J8:Z8) -> 0 | AB8: =+J8+O8+Q8+U8 -> 0 | AC8: =1+(28/60) -> 1.4666667 | AD8: 400 | AE8: =+AC8*AD8 -> 586.66667 | AF8: =SUM(AE8:AE14) -> 5078.05 | AG8: =+K8+L8+M8+N8+R8+S8+T8+V8+W8+X8+Y8+Z8 -> 0 | AH8: =1+(28/60) -> 1.4666667 | AI8: 400 | AJ8: =+AH8*AI8 -> 586.66667 | AK8: =SUM(AJ8:AJ14) -> 1268.3333
B9: PC1250-05 | AA9: =SUM(J9:Z9) -> 0 | AB9: =+J9+O9+Q9+U9 -> 0 | AC9: =0+(0/60) -> 0 | AD9: 400 | AE9: =+AC9*AD9 -> 0 | AG9: =+K9+L9+M9+N9+R9+S9+T9+V9+W9+X9+Y9+Z9 -> 0 | AH9: =0+(0/60) -> 0 | AI9: 400 | AJ9: =+AH9*AI9 -> 0
B10: PC1250-06 | AA10: =SUM(J10:Z10) -> 0 | AB10: =+J10+O10+Q10+U10 -> 0 | AC10: =0+(0/60) -> 0 | AD10: 401 | AE10: =+AC10*AD10 -> 0 | AG10: =+K10+L10+M10+N10+R10+S10+T10+V10+W10+X10+Y10+Z10 -> 0 | AH10: =0+(0/60) -> 0 | AI10: 400 | AJ10: =+AH10*AI10 -> 0
B11: PC1250-07 | AA11: =SUM(J11:Z11) -> 0 | AB11: =+J11+O11+Q11+U11 -> 0 | AC11: =0+(0/60) -> 0 | AD11: 402 | AE11: =+AC11*AD11 -> 0 | AG11: =+K11+L11+M11+N11+R11+S11+T11+V11+W11+X11+Y11+Z11 -> 0 | AH11: =0+(0/60) -> 0 | AI11: 400 | AJ11: =+AH11*AI11 -> 0
B12: PC1250-10 | AA12: =SUM(J12:Z12) -> 0 | AB12: =+J12+O12+Q12+U12 -> 0 | AC12: =3+(31/60) -> 3.5166667 | AD12: 403 | AE12: =+AC12*AD12 -> 1417.2167 | AG12: =+K12+L12+M12+N12+R12+S12+T12+V12+W12+X12+Y12+Z12 -> 0 | AH12: =0+(10/60) -> 0.16666667 | AI12: 400 | AJ12: =+AH12*AI12 -> 66.666667
B13: CAT395-02 | M13: 0.0048611111 | N13: 0.0069444444 | AA13: =SUM(J13:Z13) -> 0.011805556 | AB13: =+J13+O13+Q13+U13 -> 0 | AC13: =0+(0/60) -> 0 | AD13: 450 | AE13: =+AC13*AD13 -> 0 | AG13: =+K13+L13+M13+N13+R13+S13+T13+V13+W13+X13+Y13+Z13 -> 0.011805556 | AH13: =1+(22/60) -> 1.3666667 | AI13: 450 | AJ13: =+AH13*AI13 -> 615
B14: EC750-02 | AA14: =SUM(J14:Z14) -> 0 | AB14: =+J14+O14+Q14+U14 -> 0 | AC14: =8+(47/60) -> 8.7833333 | AD14: 350 | AE14: =+AC14*AD14 -> 3074.1667 | AG14: =+K14+L14+M14+N14+R14+S14+T14+V14+W14+X14+Y14+Z14 -> 0 | AH14: =0+(0/60) -> 0 | AI14: 350 | AJ14: =+AH14*AI14 -> 0
A15: Malam | B15: PC1250-02 | M15: 0.0027777778 | S15: 0.25 | AA15: =SUM(J15:Z15) -> 0.25277778 | AB15: =+J15+O15+Q15+U15 -> 0 | AC15: =0+(0/60) -> 0 | AD15: 400 | AE15: =+AC15*AD15 -> 0 | AF15: =SUM(AE15:AE21) -> 1773.3333 | AG15: =+K15+L15+M15+N15+R15+S15+T15+V15+W15+X15+Y15+Z15 -> 0.25277778 | AH15: =0+(23/60) -> 0.38333333 | AI15: 400 | AJ15: =+AH15*AI15 -> 153.33333 | AK15: =SUM(AJ15:AJ21) -> 572.5
B16: PC1250-05 | S16: 0.25 | W16: 0.16666667 | AA16: =SUM(J16:Z16) -> 0.41666667 | AB16: =+J16+O16+Q16+U16 -> 0 | AC16: =0+(39/60) -> 0.65 | AD16: 400 | AE16: =+AC16*AD16 -> 260 | AG16: =+K16+L16+M16+N16+R16+S16+T16+V16+W16+X16+Y16+Z16 -> 0.41666667 | AH16: =0+(17/60) -> 0.28333333 | AI16: 400 | AJ16: =+AH16*AI16 -> 113.33333
B17: PC1250-06 | AA17: =SUM(J17:Z17) -> 0 | AB17: =+J17+O17+Q17+U17 -> 0 | AC17: =0+(23/60) -> 0.38333333 | AD17: 400 | AE17: =+AC17*AD17 -> 153.33333 | AG17: =+K17+L17+M17+N17+R17+S17+T17+V17+W17+X17+Y17+Z17 -> 0 | AH17: =0+(28/60) -> 0.46666667 | AI17: 400 | AJ17: =+AH17*AI17 -> 186.66667
B18: PC1250-07 | J18: 0.16666667 | S18: 0.25 | AA18: =SUM(J18:Z18) -> 0.41666667 | AB18: =+J18+O18+Q18+U18 -> 0.16666667 | AC18: =0+(0/60) -> 0 | AD18: 400 | AE18: =+AC18*AD18 -> 0 | AG18: =+K18+L18+M18+N18+R18+S18+T18+V18+W18+X18+Y18+Z18 -> 0.25 | AH18: =0+(0/60) -> 0 | AI18: 400 | AJ18: =+AH18*AI18 -> 0
B19: PC1250-10 | W19: 0.16666667 | AA19: =SUM(J19:Z19) -> 0.16666667 | AB19: =+J19+O19+Q19+U19 -> 0 | AC19: =3+(24/60) -> 3.4 | AD19: 400 | AE19: =+AC19*AD19 -> 1360 | AG19: =+K19+L19+M19+N19+R19+S19+T19+V19+W19+X19+Y19+Z19 -> 0.16666667 | AH19: =0+(10/60) -> 0.16666667 | AI19: 400 | AJ19: =+AH19*AI19 -> 66.666667
B20: CAT395-02 | K20: 0.0048611111 | M20: 0.0069444444 | S20: 0.25 | AA20: =SUM(J20:Z20) -> 0.26180556 | AB20: =+J20+O20+Q20+U20 -> 0 | AC20: =0+(0/60) -> 0 | AD20: 450 | AE20: =+AC20*AD20 -> 0 | AG20: =+K20+L20+M20+N20+R20+S20+T20+V20+W20+X20+Y20+Z20 -> 0.26180556 | AH20: =0+(7/60) -> 0.11666667 | AI20: 450 | AJ20: =+AH20*AI20 -> 52.5
B21: EC750-02 | S21: 0.25 | W21: 0.16666667 | AA21: =SUM(J21:Z21) -> 0.41666667 | AB21: =+J21+O21+Q21+U21 -> 0 | AC21: =0+(0/60) -> 0 | AD21: 350 | AE21: =+AC21*AD21 -> 0 | AG21: =+K21+L21+M21+N21+R21+S21+T21+V21+W21+X21+Y21+Z21 -> 0.41666667 | AH21: =0+(0/60) -> 0 | AI21: 350 | AJ21: =+AH21*AI21 -> 0
A22: Total | B22: PC1250-02 | E22: =E8+E15 -> 0 | F22: =F8+F15 -> 0 | J22: =J8+J15 -> 0 | K22: =K8+K15 -> 0 | L22: =L8+L15 -> 0 | M22: =M8+M15 -> 0.0027777778 | N22: =N8+N15 -> 0 | O22: =O8+O15 -> 0 | P22: =P8+P15 -> 0 | Q22: =Q8+Q15 -> 0 | ... Z22: =Z8+Z15 -> 0 | AA22: =SUM(J22:Z22) -> 0.25277778 | AB22: Total loss time RM | AF22: =+AF15+AF8 -> 6851.3833 | AG22: Total loss time Produksi | AK22: =+AK15+AK8 -> 1840.8333
B23: PC1250-05 | E23: =E9+E16 -> 0 | F23: =F9+F16 -> 0 | J23: =J9+J16 -> 0 | K23: =K9+K16 -> 0 | L23: =L9+L16 -> 0 | M23: =M9+M16 -> 0 | N23: =N9+N16 -> 0 | O23: =O9+O16 -> 0 | P23: =P9+P16 -> 0 | Q23: =Q9+Q16 -> 0 | ... Z23: =Z9+Z16 -> 0 | AA23: =SUM(J23:Z23) -> 0.41666667
B24: PC1250-06 | E24: =E10+E17 -> 0 | F24: =F10+F17 -> 0 | J24: =J10+J17 -> 0 | K24: =K10+K17 -> 0 | L24: =L10+L17 -> 0 | M24: =M10+M17 -> 0 | N24: =N10+N17 -> 0 | O24: =O10+O17 -> 0 | P24: =P10+P17 -> 0 | Q24: =Q10+Q17 -> 0 | ... Z24: =Z10+Z17 -> 0 | AA24: =SUM(J24:Z24) -> 0
B25: PC1250-07 | E25: =E11+E18 -> 0 | F25: =F11+F18 -> 0 | J25: =J11+J18 -> 0.16666667 | K25: =K11+K18 -> 0 | L25: =L11+L18 -> 0 | M25: =M11+M18 -> 0 | N25: =N11+N18 -> 0 | O25: =O11+O18 -> 0 | P25: =P11+P18 -> 0 | Q25: =Q11+Q18 -> 0 | ... Z25: =Z11+Z18 -> 0 | AA25: =SUM(J25:Z25) -> 0.41666667
B26: PC1250-10 | E26: =E12+E19 -> 0 | F26: =F12+F19 -> 0 | J26: =J12+J19 -> 0 | K26: =K12+K19 -> 0 | L26: =L12+L19 -> 0 | M26: =M12+M19 -> 0 | N26: =N12+N19 -> 0 | O26: =O12+O19 -> 0 | P26: =P12+P19 -> 0 | Q26: =Q12+Q19 -> 0 | ... Z26: =Z12+Z19 -> 0 | AA26: =SUM(J26:Z26) -> 0.16666667
B27: CAT395-02 | E27: =E13+E20 -> 0 | F27: =F13+F20 -> 0 | J27: =J13+J20 -> 0 | K27: =K13+K20 -> 0.0048611111 | L27: =L13+L20 -> 0 | M27: =M13+M20 -> 0.011805556 | N27: =N13+N20 -> 0.0069444444 | O27: =O13+O20 -> 0 | P27: =P13+P20 -> 0 | Q27: =Q13+Q20 -> 0 | ... Z27: =Z13+Z20 -> 0 | AA27: =SUM(J27:Z27) -> 0.27361111
B28: EC750-02 | E28: =E14+E21 -> 0 | F28: =F14+F21 -> 0 | J28: =J14+J21 -> 0 | K28: =K14+K21 -> 0 | L28: =L14+L21 -> 0 | M28: =M14+M21 -> 0 | N28: =N14+N21 -> 0 | O28: =O14+O21 -> 0 | P28: =P14+P21 -> 0 | Q28: =Q14+Q21 -> 0 | ... Z28: =Z14+Z21 -> 0 | AA28: =SUM(J28:Z28) -> 0.41666667

Sheet 26
A3: LOST TIME EXCAVATOR PIT 55
A4: PERIODE DESEMBER 204
A5: Tanggal : | B5: 45652
A6: Shift | B6: No Unit | C6: HM Awal | D6: HM Akhir | E6: Total HM | F6: EWH | G6: Prodty | H6: PA | I6: UA | J6: DELAY OPERATION
J7: BD | K7: Perbaikan Front | L7: Pindah Front | M7: Stop loading menjelang istirahat | N7: Stop loading akhir shift | O7: Greasing | P7: Travel | Q7: Oli hydrolik & coolant | R7: Blasting | S7: Hujan | T7: Slippery | U7: Pengisian Fuel | V7: General | W7: STB | X7: Perbaikan Jalan | Y7: Washing | AA7: Total Loss Time
A8: Pagi | B8: PC1250-02 | M8: 0.0048611111 | N8: 0.0069444444 | S8: 0.024305556 | T8: 0.076388889 | AA8: =SUM(J8:Z8) -> 0.1125
B9: PC1250-05 | J9: 0.093055556 | K9: 0.0041666667 | M9: 0.0027777778 | N9: 0.0013888889 | S9: 0.024305556 | T9: 0.025 | AA9: =SUM(J9:Z9) -> 0.15069444
B10: PC1250-06 | AA10: =SUM(J10:Z10) -> 0
B11: PC1250-07 | J11: 0.39236111 | S11: 0.024305556 | AA11: =SUM(J11:Z11) -> 0.41666667
B12: PC1250-10 | N12: 0.00625 | R12: 0.01875 | S12: 0.024305556 | T12: 0.055555556 | W12: 0.086111111 | AA12: =SUM(J12:Z12) -> 0.19097222
B13: CAT395-02 | N13: 0.00625 | R13: 0.029166667 | S13: 0.024305556 | T13: 0.055555556 | W13: 0.086111111 | AA13: =SUM(J13:Z13) -> 0.20138889
B14: EC750-02 | M14: 0.0048611111 | N14: 0.0069444444 | V14: 0.10416667 | AA14: =SUM(J14:Z14) -> 0.11597222
A15: Malam | B15: PC1250-02 | K15: 0.0041666667 | M15: 0.0055555556 | N15: 0.00625 | AA15: =SUM(J15:Z15) -> 0.015972222
B16: PC1250-05 | K16: 0.0027777778 | M16: 0.0069444444 | N16: 0.0055555556 | AA16: =SUM(J16:Z16) -> 0.015277778
B17: PC1250-06 | AA17: =SUM(J17:Z17) -> 0
B18: PC1250-07 | J18: 0.41666667 | AA18: =SUM(J18:Z18) -> 0.41666667
B19: PC1250-10 | K19: 0.010416667 | M19: 0.0069444444 | N19: 0.0034722222 | AA19: =SUM(J19:Z19) -> 0.020833333
B20: CAT395-02 | K20: 0.0097222222 | M20: 0.0020833333 | N20: 0.0048611111 | AA20: =SUM(J20:Z20) -> 0.016666667
B21: EC750-02 | K21: 0.00625 | M21: 0.00625 | N21: 0.0069444444 | AA21: =SUM(J21:Z21) -> 0.019444444
A22: Total | B22: PC1250-02 | E22: =E8+E15 -> 0 | F22: =F8+F15 -> 0 | J22: =J8+J15 -> 0 | K22: =K8+K15 -> 0.0041666667 | L22: =L8+L15 -> 0 | M22: =M8+M15 -> 0.010416667 | N22: =N8+N15 -> 0.013194444 | O22: =O8+O15 -> 0 | P22: =P8+P15 -> 0 | Q22: =Q8+Q15 -> 0 | ... Z22: =Z8+Z15 -> 0 | AA22: =SUM(J22:Z22) -> 0.12847222
B23: PC1250-05 | E23: =E9+E16 -> 0 | F23: =F9+F16 -> 0 | J23: =J9+J16 -> 0.093055556 | K23: =K9+K16 -> 0.0069444444 | L23: =L9+L16 -> 0 | M23: =M9+M16 -> 0.0097222222 | N23: =N9+N16 -> 0.0069444444 | O23: =O9+O16 -> 0 | P23: =P9+P16 -> 0 | Q23: =Q9+Q16 -> 0 | ... Z23: =Z9+Z16 -> 0 | AA23: =SUM(J23:Z23) -> 0.16597222
B24: PC1250-06 | E24: =E10+E17 -> 0 | F24: =F10+F17 -> 0 | J24: =J10+J17 -> 0 | K24: =K10+K17 -> 0 | L24: =L10+L17 -> 0 | M24: =M10+M17 -> 0 | N24: =N10+N17 -> 0 | O24: =O10+O17 -> 0 | P24: =P10+P17 -> 0 | Q24: =Q10+Q17 -> 0 | ... Z24: =Z10+Z17 -> 0 | AA24: =SUM(J24:Z24) -> 0
B25: PC1250-07 | E25: =E11+E18 -> 0 | F25: =F11+F18 -> 0 | J25: =J11+J18 -> 0.80902778 | K25: =K11+K18 -> 0 | L25: =L11+L18 -> 0 | M25: =M11+M18 -> 0 | N25: =N11+N18 -> 0 | O25: =O11+O18 -> 0 | P25: =P11+P18 -> 0 | Q25: =Q11+Q18 -> 0 | ... Z25: =Z11+Z18 -> 0 | AA25: =SUM(J25:Z25) -> 0.83333333
B26: PC1250-10 | E26: =E12+E19 -> 0 | F26: =F12+F19 -> 0 | J26: =J12+J19 -> 0 | K26: =K12+K19 -> 0.010416667 | L26: =L12+L19 -> 0 | M26: =M12+M19 -> 0.0069444444 | N26: =N12+N19 -> 0.0097222222 | O26: =O12+O19 -> 0 | P26: =P12+P19 -> 0 | Q26: =Q12+Q19 -> 0 | ... Z26: =Z12+Z19 -> 0 | AA26: =SUM(J26:Z26) -> 0.21180556
B27: CAT395-02 | E27: =E13+E20 -> 0 | F27: =F13+F20 -> 0 | J27: =J13+J20 -> 0 | K27: =K13+K20 -> 0.0097222222 | L27: =L13+L20 -> 0 | M27: =M13+M20 -> 0.0020833333 | N27: =N13+N20 -> 0.011111111 | O27: =O13+O20 -> 0 | P27: =P13+P20 -> 0 | Q27: =Q13+Q20 -> 0 | ... Z27: =Z13+Z20 -> 0 | AA27: =SUM(J27:Z27) -> 0.21805556
B28: EC750-02 | E28: =E14+E21 -> 0 | F28: =F14+F21 -> 0 | J28: =J14+J21 -> 0 | K28: =K14+K21 -> 0.00625 | L28: =L14+L21 -> 0 | M28: =M14+M21 -> 0.011111111 | N28: =N14+N21 -> 0.013888889 | O28: =O14+O21 -> 0 | P28: =P14+P21 -> 0 | Q28: =Q14+Q21 -> 0 | ... Z28: =Z14+Z21 -> 0 | AA28: =SUM(J28:Z28) -> 0.13541667

Sheet 27
A3: LOST TIME EXCAVATOR PIT 55
A4: PERIODE DESEMBER 204
A5: Tanggal : | B5: 45653
A6: Shift | B6: No Unit | C6: HM Awal | D6: HM Akhir | E6: Total HM | F6: EWH | G6: Prodty | H6: PA | I6: UA | J6: DELAY OPERATION
J7: BD | K7: Perbaikan Front | L7: Pindah Front | M7: Stop loading menjelang istirahat | N7: Stop loading akhir shift | O7: Greasing | P7: Travel | Q7: Oli hydrolik & coolant | R7: Blasting | S7: Hujan | T7: Slippery | U7: Pengisian Fuel | V7: General | W7: STB | X7: Perbaikan Jalan | Y7: Washing | Z7: Loading setelah istirahat | AA7: Total Loss Time
A8: Pagi | B8: PC1250-02 | J8: 0.034722222 | M8: 0.01875 | N8: 0.0069444444 | O8: 0.014583333 | Z8: 0.0097222222 | AA8: =SUM(J8:Z8) -> 0.084722222
B9: PC1250-05 | J9: 0.020833333 | L9: 0.0125 | M9: 0.016666667 | N9: 0.0055555556 | Z9: 0.0090277778 | AA9: =SUM(J9:Z9) -> 0.064583333
B10: PC1250-06 | AA10: =SUM(J10:Z10) -> 0
B11: PC1250-07 | J11: 0.41666667 | AA11: =SUM(J11:Z11) -> 0.41666667
B12: PC1250-10 | J12: 0.026388889 | M12: 0.00625 | N12: 0.0013888889 | R12: 0.027777778 | Z12: 0.017361111 | AA12: =SUM(J12:Z12) -> 0.079166667
B13: CAT395-02 | M13: 0.01875 | N13: 0.0055555556 | R13: 0.020833333 | Z13: 0.022222222 | AA13: =SUM(J13:Z13) -> 0.067361111
B14: EC750-02 | M14: 0.015972222 | N14: 0.0069444444 | V14: 0.025 | Z14: 0.017361111 | AA14: =SUM(J14:Z14) -> 0.065277778
A15: Malam | B15: PC1250-02 | S15: 0.34444444 | T15: 0.043055556 | AA15: =SUM(J15:Z15) -> 0.3875
B16: PC1250-05 | S16: 0.34444444 | T16: 0.043055556 | AA16: =SUM(J16:Z16) -> 0.3875
B17: PC1250-06 | AA17: =SUM(J17:Z17) -> 0
B18: PC1250-07 | J18: 0.072222222 | S18: 0.34444444 | AA18: =SUM(J18:Z18) -> 0.41666667
B19: PC1250-10 | K19: 0.0069444444 | S19: 0.34444444 | T19: 0.043055556 | AA19: =SUM(J19:Z19) -> 0.39444444
B20: CAT395-02 | S20: 0.34444444 | T20: 0.043055556 | U20: 0.0125 | AA20: =SUM(J20:Z20) -> 0.4
B21: EC750-02 | S21: 0.34444444 | T21: 0.043055556 | AA21: =SUM(J21:Z21) -> 0.3875
A22: Total | B22: PC1250-02 | E22: =E8+E15 -> 0 | F22: =F8+F15 -> 0 | J22: =J8+J15 -> 0.034722222 | K22: =K8+K15 -> 0 | L22: =L8+L15 -> 0 | M22: =M8+M15 -> 0.01875 | N22: =N8+N15 -> 0.0069444444 | O22: =O8+O15 -> 0.014583333 | P22: =P8+P15 -> 0 | Q22: =Q8+Q15 -> 0 | ... Z22: =Z8+Z15 -> 0.0097222222 | AA22: =SUM(J22:Z22) -> 0.47222222
B23: PC1250-05 | E23: =E9+E16 -> 0 | F23: =F9+F16 -> 0 | J23: =J9+J16 -> 0.020833333 | K23: =K9+K16 -> 0 | L23: =L9+L16 -> 0.0125 | M23: =M9+M16 -> 0.016666667 | N23: =N9+N16 -> 0.0055555556 | O23: =O9+O16 -> 0 | P23: =P9+P16 -> 0 | Q23: =Q9+Q16 -> 0 | ... Z23: =Z9+Z16 -> 0.0090277778 | AA23: =SUM(J23:Z23) -> 0.45208333
B24: PC1250-06 | E24: =E10+E17 -> 0 | F24: =F10+F17 -> 0 | J24: =J10+J17 -> 0 | K24: =K10+K17 -> 0 | L24: =L10+L17 -> 0 | M24: =M10+M17 -> 0 | N24: =N10+N17 -> 0 | O24: =O10+O17 -> 0 | P24: =P10+P17 -> 0 | Q24: =Q10+Q17 -> 0 | ... Z24: =Z10+Z17 -> 0 | AA24: =SUM(J24:Z24) -> 0
B25: PC1250-07 | E25: =E11+E18 -> 0 | F25: =F11+F18 -> 0 | J25: =J11+J18 -> 0.48888889 | K25: =K11+K18 -> 0 | L25: =L11+L18 -> 0 | M25: =M11+M18 -> 0 | N25: =N11+N18 -> 0 | O25: =O11+O18 -> 0 | P25: =P11+P18 -> 0 | Q25: =Q11+Q18 -> 0 | ... Z25: =Z11+Z18 -> 0 | AA25: =SUM(J25:Z25) -> 0.83333333
B26: PC1250-10 | E26: =E12+E19 -> 0 | F26: =F12+F19 -> 0 | J26: =J12+J19 -> 0.026388889 | K26: =K12+K19 -> 0.0069444444 | L26: =L12+L19 -> 0 | M26: =M12+M19 -> 0.00625 | N26: =N12+N19 -> 0.0013888889 | O26: =O12+O19 -> 0 | P26: =P12+P19 -> 0 | Q26: =Q12+Q19 -> 0 | ... Z26: =Z12+Z19 -> 0.017361111 | AA26: =SUM(J26:Z26) -> 0.47361111
B27: CAT395-02 | E27: =E13+E20 -> 0 | F27: =F13+F20 -> 0 | J27: =J13+J20 -> 0 | K27: =K13+K20 -> 0 | L27: =L13+L20 -> 0 | M27: =M13+M20 -> 0.01875 | N27: =N13+N20 -> 0.0055555556 | O27: =O13+O20 -> 0 | P27: =P13+P20 -> 0 | Q27: =Q13+Q20 -> 0 | ... Z27: =Z13+Z20 -> 0.022222222 | AA27: =SUM(J27:Z27) -> 0.46736111
B28: EC750-02 | E28: =E14+E21 -> 0 | F28: =F14+F21 -> 0 | J28: =J14+J21 -> 0 | K28: =K14+K21 -> 0 | L28: =L14+L21 -> 0 | M28: =M14+M21 -> 0.015972222 | N28: =N14+N21 -> 0.0069444444 | O28: =O14+O21 -> 0 | P28: =P14+P21 -> 0 | Q28: =Q14+Q21 -> 0 | ... Z28: =Z14+Z21 -> 0.017361111 | AA28: =SUM(J28:Z28) -> 0.45277778

Sheet 28
A3: LOST TIME EXCAVATOR PIT 55
A4: PERIODE DESEMBER 204
A5: Tanggal : | B5: 45624
A6: Shift | B6: No Unit | C6: HM Awal | D6: HM Akhir | E6: Total HM | F6: EWH | G6: Prodty | H6: PA | I6: UA | J6: DELAY OPERATION
J7: BD | K7: Perbaikan Front | L7: Pindah Front | M7: Stop loading menjelang istirahat | N7: Stop loading akhir shift | O7: Greasing | P7: Travel | Q7: Oli hydrolik & coolant | R7: Blasting | S7: Hujan | T7: Slippery | U7: Pengisian Fuel | V7: General | W7: STB | X7: Perbaikan Jalan | Y7: Washing | AA7: Total Loss Time
A8: Pagi | B8: PC1250-02 | AA8: =SUM(J8:Z8) -> 0
B9: PC1250-05 | AA9: =SUM(J9:Z9) -> 0
B10: PC1250-06 | AA10: =SUM(J10:Z10) -> 0
B11: PC1250-07 | AA11: =SUM(J11:Z11) -> 0
B12: PC1250-10 | AA12: =SUM(J12:Z12) -> 0
B13: CAT395-02 | AA13: =SUM(J13:Z13) -> 0
B14: EC750-02 | AA14: =SUM(J14:Z14) -> 0
A15: Malam | B15: PC1250-02 | AA15: =SUM(J15:Z15) -> 0
B16: PC1250-05 | AA16: =SUM(J16:Z16) -> 0
B17: PC1250-06 | AA17: =SUM(J17:Z17) -> 0
B18: PC1250-07 | AA18: =SUM(J18:Z18) -> 0
B19: PC1250-10 | AA19: =SUM(J19:Z19) -> 0
B20: CAT395-02 | AA20: =SUM(J20:Z20) -> 0
B21: EC750-02 | AA21: =SUM(J21:Z21) -> 0
A22: Total | B22: PC1250-02 | E22: =E8+E15 -> 0 | F22: =F8+F15 -> 0 | J22: =J8+J15 -> 0 | K22: =K8+K15 -> 0 | L22: =L8+L15 -> 0 | M22: =M8+M15 -> 0 | N22: =N8+N15 -> 0 | O22: =O8+O15 -> 0 | P22: =P8+P15 -> 0 | Q22: =Q8+Q15 -> 0 | ... Z22: =Z8+Z15 -> 0 | AA22: =SUM(J22:Z22) -> 0
B23: PC1250-05 | E23: =E9+E16 -> 0 | F23: =F9+F16 -> 0 | J23: =J9+J16 -> 0 | K23: =K9+K16 -> 0 | L23: =L9+L16 -> 0 | M23: =M9+M16 -> 0 | N23: =N9+N16 -> 0 | O23: =O9+O16 -> 0 | P23: =P9+P16 -> 0 | Q23: =Q9+Q16 -> 0 | ... Z23: =Z9+Z16 -> 0 | AA23: =SUM(J23:Z23) -> 0
B24: PC1250-06 | E24: =E10+E17 -> 0 | F24: =F10+F17 -> 0 | J24: =J10+J17 -> 0 | K24: =K10+K17 -> 0 | L24: =L10+L17 -> 0 | M24: =M10+M17 -> 0 | N24: =N10+N17 -> 0 | O24: =O10+O17 -> 0 | P24: =P10+P17 -> 0 | Q24: =Q10+Q17 -> 0 | ... Z24: =Z10+Z17 -> 0 | AA24: =SUM(J24:Z24) -> 0
B25: PC1250-07 | E25: =E11+E18 -> 0 | F25: =F11+F18 -> 0 | J25: =J11+J18 -> 0 | K25: =K11+K18 -> 0 | L25: =L11+L18 -> 0 | M25: =M11+M18 -> 0 | N25: =N11+N18 -> 0 | O25: =O11+O18 -> 0 | P25: =P11+P18 -> 0 | Q25: =Q11+Q18 -> 0 | ... Z25: =Z11+Z18 -> 0 | AA25: =SUM(J25:Z25) -> 0
B26: PC1250-10 | E26: =E12+E19 -> 0 | F26: =F12+F19 -> 0 | J26: =J12+J19 -> 0 | K26: =K12+K19 -> 0 | L26: =L12+L19 -> 0 | M26: =M12+M19 -> 0 | N26: =N12+N19 -> 0 | O26: =O12+O19 -> 0 | P26: =P12+P19 -> 0 | Q26: =Q12+Q19 -> 0 | ... Z26: =Z12+Z19 -> 0 | AA26: =SUM(J26:Z26) -> 0
B27: CAT395-02 | E27: =E13+E20 -> 0 | F27: =F13+F20 -> 0 | J27: =J13+J20 -> 0 | K27: =K13+K20 -> 0 | L27: =L13+L20 -> 0 | M27: =M13+M20 -> 0 | N27: =N13+N20 -> 0 | O27: =O13+O20 -> 0 | P27: =P13+P20 -> 0 | Q27: =Q13+Q20 -> 0 | ... Z27: =Z13+Z20 -> 0 | AA27: =SUM(J27:Z27) -> 0
B28: EC750-02 | E28: =E14+E21 -> 0 | F28: =F14+F21 -> 0 | J28: =J14+J21 -> 0 | K28: =K14+K21 -> 0 | L28: =L14+L21 -> 0 | M28: =M14+M21 -> 0 | N28: =N14+N21 -> 0 | O28: =O14+O21 -> 0 | P28: =P14+P21 -> 0 | Q28: =Q14+Q21 -> 0 | ... Z28: =Z14+Z21 -> 0 | AA28: =SUM(J28:Z28) -> 0

Sheet 29
A3: LOST TIME EXCAVATOR PIT 55
A4: PERIODE DESEMBER 204
A5: Tanggal : | B5: 45625
A6: Shift | B6: No Unit | C6: HM Awal | D6: HM Akhir | E6: Total HM | F6: EWH | G6: Prodty | H6: PA | I6: UA | J6: DELAY OPERATION
J7: BD | K7: Perbaikan Front | L7: Pindah Front | M7: Stop loading menjelang istirahat | N7: Stop loading akhir shift | O7: Greasing | P7: Travel | Q7: Oli hydrolik & coolant | R7: Blasting | S7: Hujan | T7: Slippery | U7: Pengisian Fuel | V7: General | W7: STB | X7: Perbaikan Jalan | Y7: Washing | AA7: Total Loss Time
A8: Pagi | B8: PC1250-02 | AA8: =SUM(J8:Z8) -> 0
B9: PC1250-05 | AA9: =SUM(J9:Z9) -> 0
B10: PC1250-06 | AA10: =SUM(J10:Z10) -> 0
B11: PC1250-07 | AA11: =SUM(J11:Z11) -> 0
B12: PC1250-10 | AA12: =SUM(J12:Z12) -> 0
B13: CAT395-02 | AA13: =SUM(J13:Z13) -> 0
B14: EC750-02 | AA14: =SUM(J14:Z14) -> 0
A15: Malam | B15: PC1250-02 | AA15: =SUM(J15:Z15) -> 0
B16: PC1250-05 | AA16: =SUM(J16:Z16) -> 0
B17: PC1250-06 | AA17: =SUM(J17:Z17) -> 0
B18: PC1250-07 | AA18: =SUM(J18:Z18) -> 0
B19: PC1250-10 | AA19: =SUM(J19:Z19) -> 0
B20: CAT395-02 | AA20: =SUM(J20:Z20) -> 0
B21: EC750-02 | AA21: =SUM(J21:Z21) -> 0
A22: Total | B22: PC1250-02 | E22: =E8+E15 -> 0 | F22: =F8+F15 -> 0 | J22: =J8+J15 -> 0 | K22: =K8+K15 -> 0 | L22: =L8+L15 -> 0 | M22: =M8+M15 -> 0 | N22: =N8+N15 -> 0 | O22: =O8+O15 -> 0 | P22: =P8+P15 -> 0 | Q22: =Q8+Q15 -> 0 | ... Z22: =Z8+Z15 -> 0 | AA22: =SUM(J22:Z22) -> 0
B23: PC1250-05 | E23: =E9+E16 -> 0 | F23: =F9+F16 -> 0 | J23: =J9+J16 -> 0 | K23: =K9+K16 -> 0 | L23: =L9+L16 -> 0 | M23: =M9+M16 -> 0 | N23: =N9+N16 -> 0 | O23: =O9+O16 -> 0 | P23: =P9+P16 -> 0 | Q23: =Q9+Q16 -> 0 | ... Z23: =Z9+Z16 -> 0 | AA23: =SUM(J23:Z23) -> 0
B24: PC1250-06 | E24: =E10+E17 -> 0 | F24: =F10+F17 -> 0 | J24: =J10+J17 -> 0 | K24: =K10+K17 -> 0 | L24: =L10+L17 -> 0 | M24: =M10+M17 -> 0 | N24: =N10+N17 -> 0 | O24: =O10+O17 -> 0 | P24: =P10+P17 -> 0 | Q24: =Q10+Q17 -> 0 | ... Z24: =Z10+Z17 -> 0 | AA24: =SUM(J24:Z24) -> 0
B25: PC1250-07 | E25: =E11+E18 -> 0 | F25: =F11+F18 -> 0 | J25: =J11+J18 -> 0 | K25: =K11+K18 -> 0 | L25: =L11+L18 -> 0 | M25: =M11+M18 -> 0 | N25: =N11+N18 -> 0 | O25: =O11+O18 -> 0 | P25: =P11+P18 -> 0 | Q25: =Q11+Q18 -> 0 | ... Z25: =Z11+Z18 -> 0 | AA25: =SUM(J25:Z25) -> 0
B26: PC1250-10 | E26: =E12+E19 -> 0 | F26: =F12+F19 -> 0 | J26: =J12+J19 -> 0 | K26: =K12+K19 -> 0 | L26: =L12+L19 -> 0 | M26: =M12+M19 -> 0 | N26: =N12+N19 -> 0 | O26: =O12+O19 -> 0 | P26: =P12+P19 -> 0 | Q26: =Q12+Q19 -> 0 | ... Z26: =Z12+Z19 -> 0 | AA26: =SUM(J26:Z26) -> 0
B27: CAT395-02 | E27: =E13+E20 -> 0 | F27: =F13+F20 -> 0 | J27: =J13+J20 -> 0 | K27: =K13+K20 -> 0 | L27: =L13+L20 -> 0 | M27: =M13+M20 -> 0 | N27: =N13+N20 -> 0 | O27: =O13+O20 -> 0 | P27: =P13+P20 -> 0 | Q27: =Q13+Q20 -> 0 | ... Z27: =Z13+Z20 -> 0 | AA27: =SUM(J27:Z27) -> 0
B28: EC750-02 | E28: =E14+E21 -> 0 | F28: =F14+F21 -> 0 | J28: =J14+J21 -> 0 | K28: =K14+K21 -> 0 | L28: =L14+L21 -> 0 | M28: =M14+M21 -> 0 | N28: =N14+N21 -> 0 | O28: =O14+O21 -> 0 | P28: =P14+P21 -> 0 | Q28: =Q14+Q21 -> 0 | ... Z28: =Z14+Z21 -> 0 | AA28: =SUM(J28:Z28) -> 0

Sheet 30
A3: LOST TIME EXCAVATOR PIT 55
A4: PERIODE DESEMBER 204
A5: Tanggal :
A6: Shift | B6: No Unit | C6: HM Awal | D6: HM Akhir | E6: Total HM | F6: EWH | G6: Prodty | H6: PA | I6: UA | J6: DELAY OPERATION
J7: BD | K7: Perbaikan Front | L7: Pindah Front | M7: Stop loading menjelang istirahat | N7: Stop loading akhir shift | O7: Greasing | P7: Travel | Q7: Oli hydrolik & coolant | R7: Blasting | S7: Hujan | T7: Slippery | U7: Pengisian Fuel | V7: General | W7: STB | X7: Perbaikan Jalan | Y7: Washing | AA7: Total Loss Time
A8: Pagi | B8: PC1250-02 | AA8: =SUM(J8:Z8) -> 0
B9: PC1250-05 | AA9: =SUM(J9:Z9) -> 0
B10: PC1250-06 | AA10: =SUM(J10:Z10) -> 0
B11: PC1250-07 | AA11: =SUM(J11:Z11) -> 0
B12: PC1250-10 | AA12: =SUM(J12:Z12) -> 0
B13: CAT395-02 | AA13: =SUM(J13:Z13) -> 0
B14: EC750-02 | AA14: =SUM(J14:Z14) -> 0
A15: Malam | B15: PC1250-02 | AA15: =SUM(J15:Z15) -> 0
B16: PC1250-05 | AA16: =SUM(J16:Z16) -> 0
B17: PC1250-06 | AA17: =SUM(J17:Z17) -> 0
B18: PC1250-07 | AA18: =SUM(J18:Z18) -> 0
B19: PC1250-10 | AA19: =SUM(J19:Z19) -> 0
B20: CAT395-02 | AA20: =SUM(J20:Z20) -> 0
B21: EC750-02 | AA21: =SUM(J21:Z21) -> 0
A22: Total | B22: PC1250-02 | E22: =E8+E15 -> 0 | F22: =F8+F15 -> 0 | J22: =J8+J15 -> 0 | K22: =K8+K15 -> 0 | L22: =L8+L15 -> 0 | M22: =M8+M15 -> 0 | N22: =N8+N15 -> 0 | O22: =O8+O15 -> 0 | P22: =P8+P15 -> 0 | Q22: =Q8+Q15 -> 0 | ... Z22: =Z8+Z15 -> 0 | AA22: =SUM(J22:Z22) -> 0
B23: PC1250-05 | E23: =E9+E16 -> 0 | F23: =F9+F16 -> 0 | J23: =J9+J16 -> 0 | K23: =K9+K16 -> 0 | L23: =L9+L16 -> 0 | M23: =M9+M16 -> 0 | N23: =N9+N16 -> 0 | O23: =O9+O16 -> 0 | P23: =P9+P16 -> 0 | Q23: =Q9+Q16 -> 0 | ... Z23: =Z9+Z16 -> 0 | AA23: =SUM(J23:Z23) -> 0
B24: PC1250-06 | E24: =E10+E17 -> 0 | F24: =F10+F17 -> 0 | J24: =J10+J17 -> 0 | K24: =K10+K17 -> 0 | L24: =L10+L17 -> 0 | M24: =M10+M17 -> 0 | N24: =N10+N17 -> 0 | O24: =O10+O17 -> 0 | P24: =P10+P17 -> 0 | Q24: =Q10+Q17 -> 0 | ... Z24: =Z10+Z17 -> 0 | AA24: =SUM(J24:Z24) -> 0
B25: PC1250-07 | E25: =E11+E18 -> 0 | F25: =F11+F18 -> 0 | J25: =J11+J18 -> 0 | K25: =K11+K18 -> 0 | L25: =L11+L18 -> 0 | M25: =M11+M18 -> 0 | N25: =N11+N18 -> 0 | O25: =O11+O18 -> 0 | P25: =P11+P18 -> 0 | Q25: =Q11+Q18 -> 0 | ... Z25: =Z11+Z18 -> 0 | AA25: =SUM(J25:Z25) -> 0
B26: PC1250-10 | E26: =E12+E19 -> 0 | F26: =F12+F19 -> 0 | J26: =J12+J19 -> 0 | K26: =K12+K19 -> 0 | L26: =L12+L19 -> 0 | M26: =M12+M19 -> 0 | N26: =N12+N19 -> 0 | O26: =O12+O19 -> 0 | P26: =P12+P19 -> 0 | Q26: =Q12+Q19 -> 0 | ... Z26: =Z12+Z19 -> 0 | AA26: =SUM(J26:Z26) -> 0
B27: CAT395-02 | E27: =E13+E20 -> 0 | F27: =F13+F20 -> 0 | J27: =J13+J20 -> 0 | K27: =K13+K20 -> 0 | L27: =L13+L20 -> 0 | M27: =M13+M20 -> 0 | N27: =N13+N20 -> 0 | O27: =O13+O20 -> 0 | P27: =P13+P20 -> 0 | Q27: =Q13+Q20 -> 0 | ... Z27: =Z13+Z20 -> 0 | AA27: =SUM(J27:Z27) -> 0
B28: EC750-02 | E28: =E14+E21 -> 0 | F28: =F14+F21 -> 0 | J28: =J14+J21 -> 0 | K28: =K14+K21 -> 0 | L28: =L14+L21 -> 0 | M28: =M14+M21 -> 0 | N28: =N14+N21 -> 0 | O28: =O14+O21 -> 0 | P28: =P14+P21 -> 0 | Q28: =Q14+Q21 -> 0 | ... Z28: =Z14+Z21 -> 0 | AA28: =SUM(J28:Z28) -> 0

Sheet 31
A3: LOST TIME EXCAVATOR PIT 55
A4: PERIODE DESEMBER 204
A5: Tanggal :
A6: Shift | B6: No Unit | C6: HM Awal | D6: HM Akhir | E6: Total HM | F6: EWH | G6: Prodty | H6: PA | I6: UA | J6: DELAY OPERATION
J7: BD | K7: Perbaikan Front | L7: Pindah Front | M7: Stop loading menjelang istirahat | N7: Stop loading akhir shift | O7: Greasing | P7: Travel | Q7: Oli hydrolik & coolant | R7: Blasting | S7: Hujan | T7: Slippery | U7: Pengisian Fuel | V7: General | W7: STB | X7: Perbaikan Jalan | Y7: Washing | AA7: Total Loss Time
A8: Pagi | B8: PC1250-02 | AA8: =SUM(J8:Z8) -> 0
B9: PC1250-05 | AA9: =SUM(J9:Z9) -> 0
B10: PC1250-06 | AA10: =SUM(J10:Z10) -> 0
B11: PC1250-07 | AA11: =SUM(J11:Z11) -> 0
B12: PC1250-10 | AA12: =SUM(J12:Z12) -> 0
B13: CAT395-02 | AA13: =SUM(J13:Z13) -> 0
B14: EC750-02 | AA14: =SUM(J14:Z14) -> 0
A15: Malam | B15: PC1250-02 | AA15: =SUM(J15:Z15) -> 0
B16: PC1250-05 | AA16: =SUM(J16:Z16) -> 0
B17: PC1250-06 | AA17: =SUM(J17:Z17) -> 0
B18: PC1250-07 | AA18: =SUM(J18:Z18) -> 0
B19: PC1250-10 | AA19: =SUM(J19:Z19) -> 0
B20: CAT395-02 | AA20: =SUM(J20:Z20) -> 0
B21: EC750-02 | AA21: =SUM(J21:Z21) -> 0
A22: Total | B22: PC1250-02 | E22: =E8+E15 -> 0 | F22: =F8+F15 -> 0 | J22: =J8+J15 -> 0 | K22: =K8+K15 -> 0 | L22: =L8+L15 -> 0 | M22: =M8+M15 -> 0 | N22: =N8+N15 -> 0 | O22: =O8+O15 -> 0 | P22: =P8+P15 -> 0 | Q22: =Q8+Q15 -> 0 | ... Z22: =Z8+Z15 -> 0 | AA22: =SUM(J22:Z22) -> 0
B23: PC1250-05 | E23: =E9+E16 -> 0 | F23: =F9+F16 -> 0 | J23: =J9+J16 -> 0 | K23: =K9+K16 -> 0 | L23: =L9+L16 -> 0 | M23: =M9+M16 -> 0 | N23: =N9+N16 -> 0 | O23: =O9+O16 -> 0 | P23: =P9+P16 -> 0 | Q23: =Q9+Q16 -> 0 | ... Z23: =Z9+Z16 -> 0 | AA23: =SUM(J23:Z23) -> 0
B24: PC1250-06 | E24: =E10+E17 -> 0 | F24: =F10+F17 -> 0 | J24: =J10+J17 -> 0 | K24: =K10+K17 -> 0 | L24: =L10+L17 -> 0 | M24: =M10+M17 -> 0 | N24: =N10+N17 -> 0 | O24: =O10+O17 -> 0 | P24: =P10+P17 -> 0 | Q24: =Q10+Q17 -> 0 | ... Z24: =Z10+Z17 -> 0 | AA24: =SUM(J24:Z24) -> 0
B25: PC1250-07 | E25: =E11+E18 -> 0 | F25: =F11+F18 -> 0 | J25: =J11+J18 -> 0 | K25: =K11+K18 -> 0 | L25: =L11+L18 -> 0 | M25: =M11+M18 -> 0 | N25: =N11+N18 -> 0 | O25: =O11+O18 -> 0 | P25: =P11+P18 -> 0 | Q25: =Q11+Q18 -> 0 | ... Z25: =Z11+Z18 -> 0 | AA25: =SUM(J25:Z25) -> 0
B26: PC1250-10 | E26: =E12+E19 -> 0 | F26: =F12+F19 -> 0 | J26: =J12+J19 -> 0 | K26: =K12+K19 -> 0 | L26: =L12+L19 -> 0 | M26: =M12+M19 -> 0 | N26: =N12+N19 -> 0 | O26: =O12+O19 -> 0 | P26: =P12+P19 -> 0 | Q26: =Q12+Q19 -> 0 | ... Z26: =Z12+Z19 -> 0 | AA26: =SUM(J26:Z26) -> 0
B27: CAT395-02 | E27: =E13+E20 -> 0 | F27: =F13+F20 -> 0 | J27: =J13+J20 -> 0 | K27: =K13+K20 -> 0 | L27: =L13+L20 -> 0 | M27: =M13+M20 -> 0 | N27: =N13+N20 -> 0 | O27: =O13+O20 -> 0 | P27: =P13+P20 -> 0 | Q27: =Q13+Q20 -> 0 | ... Z27: =Z13+Z20 -> 0 | AA27: =SUM(J27:Z27) -> 0
B28: EC750-02 | E28: =E14+E21 -> 0 | F28: =F14+F21 -> 0 | J28: =J14+J21 -> 0 | K28: =K14+K21 -> 0 | L28: =L14+L21 -> 0 | M28: =M14+M21 -> 0 | N28: =N14+N21 -> 0 | O28: =O14+O21 -> 0 | P28: =P14+P21 -> 0 | Q28: =Q14+Q21 -> 0 | ... Z28: =Z14+Z21 -> 0 | AA28: =SUM(J28:Z28) -> 0

Sheet SUMMARY
A3: LOST TIME EXCAVATOR PIT 55
A4: PERIODE DESEMBER 2024
A5: Shift | B5: No Unit | C5: HM Awal | D5: HM Akhir | E5: Total HM | F5: EWH | G5: Prodty | H5: PA | I5: UA | J5: DELAY OPERATION
J6: BD | K6: Perbaikan Front | L6: Pindah Front | M6: Stop loading menjelang istirahat | N6: Stop loading akhir shift | O6: Greasing | P6: Travel | Q6: Oli hydrolik & coolant | R6: Blasting | S6: Hujan | T6: Slippery | U6: Pengisian Fuel | V6: General | W6: STB | X6: Perbaikan Jalan | Y6: Washing | Z6: Start loading setealh sholat jumat | AA6: Total Loss Time
A7: Pagi | B7: PC1250-02 | J7: ='01'!J8+'02'!J8+'03'!J8+'04'!J8+'05'!J8+'06'!J8+'07'!J8+'08'!J8+'09'!J8+'10'!J8+'11'!J8+'12'!J8+'13'!J8+'14'!J8+'15'!J8+'16'!J8+'17'!J8+'18'!J8+'19'!J8+'20'!J8+'21'!J8+'22'!J8+'23'!J8+'24'!J8+'25'!J8+'26'!J8+'27'!J8+'28'!J8+'29'!J8+'30'!J8+'31'!J8 -> 3.7388889 | K7: ='01'!K8+'02'!K8+'03'!K8+'04'!K8+'05'!K8+'06'!K8+'07'!K8+'08'!K8+'09'!K8+'10'!K8+'11'!K8+'12'!K8+'13'!K8+'14'!K8+'15'!K8+'16'!K8+'17'!K8+'18'!K8+'19'!K8+'20'!K8+'21'!K8+'22'!K8+'23'!K8+'24'!K8+'25'!K8+'26'!K8+'27'!K8+'28'!K8+'29'!K8+'30'!K8+'31'!K8 -> 0.051388889 | L7: ='01'!L8+'02'!L8+'03'!L8+'04'!L8+'05'!L8+'06'!L8+'07'!L8+'08'!L8+'09'!L8+'10'!L8+'11'!L8+'12'!L8+'13'!L8+'14'!L8+'15'!L8+'16'!L8+'17'!L8+'18'!L8+'19'!L8+'20'!L8+'21'!L8+'22'!L8+'23'!L8+'24'!L8+'25'!L8+'26'!L8+'27'!L8+'28'!L8+'29'!L8+'30'!L8+'31'!L8 -> 0 | M7: ='01'!M8+'02'!M8+'03'!M8+'04'!M8+'05'!M8+'06'!M8+'07'!M8+'08'!M8+'09'!M8+'10'!M8+'11'!M8+'12'!M8+'13'!M8+'14'!M8+'15'!M8+'16'!M8+'17'!M8+'18'!M8+'19'!M8+'20'!M8+'21'!M8+'22'!M8+'23'!M8+'24'!M8+'25'!M8+'26'!M8+'27'!M8+'28'!M8+'29'!M8+'30'!M8+'31'!M8 -> 0.075 | N7: ='01'!N8+'02'!N8+'03'!N8+'04'!N8+'05'!N8+'06'!N8+'07'!N8+'08'!N8+'09'!N8+'10'!N8+'11'!N8+'12'!N8+'13'!N8+'14'!N8+'15'!N8+'16'!N8+'17'!N8+'18'!N8+'19'!N8+'20'!N8+'21'!N8+'22'!N8+'23'!N8+'24'!N8+'25'!N8+'26'!N8+'27'!N8+'28'!N8+'29'!N8+'30'!N8+'31'!N8 -> 0.077083333 | O7: ='01'!O8+'02'!O8+'03'!O8+'04'!O8+'05'!O8+'06'!O8+'07'!O8+'08'!O8+'09'!O8+'10'!O8+'11'!O8+'12'!O8+'13'!O8+'14'!O8+'15'!O8+'16'!O8+'17'!O8+'18'!O8+'19'!O8+'20'!O8+'21'!O8+'22'!O8+'23'!O8+'24'!O8+'25'!O8+'26'!O8+'27'!O8+'28'!O8+'29'!O8+'30'!O8+'31'!O8 -> 0.029861111 | P7: ='01'!P8+'02'!P8+'03'!P8+'04'!P8+'05'!P8+'06'!P8+'07'!P8+'08'!P8+'09'!P8+'10'!P8+'11'!P8+'12'!P8+'13'!P8+'14'!P8+'15'!P8+'16'!P8+'17'!P8+'18'!P8+'19'!P8+'20'!P8+'21'!P8+'22'!P8+'23'!P8+'24'!P8+'25'!P8+'26'!P8+'27'!P8+'28'!P8+'29'!P8+'30'!P8+'31'!P8 -> 0.12708333 | Q7: ='01'!Q8+'02'!Q8+'03'!Q8+'04'!Q8+'05'!Q8+'06'!Q8+'07'!Q8+'08'!Q8+'09'!Q8+'10'!Q8+'11'!Q8+'12'!Q8+'13'!Q8+'14'!Q8+'15'!Q8+'16'!Q8+'17'!Q8+'18'!Q8+'19'!Q8+'20'!Q8+'21'!Q8+'22'!Q8+'23'!Q8+'24'!Q8+'25'!Q8+'26'!Q8+'27'!Q8+'28'!Q8+'29'!Q8+'30'!Q8+'31'!Q8 -> 0 | ... Z7: ='01'!Z8+'02'!Z8+'03'!Z8+'04'!Z8+'05'!Z8+'06'!Z8+'07'!Z8+'08'!Z8+'09'!Z8+'10'!Z8+'11'!Z8+'12'!Z8+'13'!Z8+'14'!Z8+'15'!Z8+'16'!Z8+'17'!Z8+'18'!Z8+'19'!Z8+'20'!Z8+'21'!Z8+'22'!Z8+'23'!Z8+'24'!Z8+'25'!Z8+'26'!Z8+'27'!Z8+'28'!Z8+'29'!Z8+'30'!Z8+'31'!Z8 -> 0.0097222222 | AA7: =SUM(J7:Z7) -> 5.3944444
B8: PC1250-05 | J8: ='01'!J9+'02'!J9+'03'!J9+'04'!J9+'05'!J9+'06'!J9+'07'!J9+'08'!J9+'09'!J9+'10'!J9+'11'!J9+'12'!J9+'13'!J9+'14'!J9+'15'!J9+'16'!J9+'17'!J9+'18'!J9+'19'!J9+'20'!J9+'21'!J9+'22'!J9+'23'!J9+'24'!J9+'25'!J9+'26'!J9+'27'!J9+'28'!J9+'29'!J9+'30'!J9+'31'!J9 -> 1.6236111 | K8: ='01'!K9+'02'!K9+'03'!K9+'04'!K9+'05'!K9+'06'!K9+'07'!K9+'08'!K9+'09'!K9+'10'!K9+'11'!K9+'12'!K9+'13'!K9+'14'!K9+'15'!K9+'16'!K9+'17'!K9+'18'!K9+'19'!K9+'20'!K9+'21'!K9+'22'!K9+'23'!K9+'24'!K9+'25'!K9+'26'!K9+'27'!K9+'28'!K9+'29'!K9+'30'!K9+'31'!K9 -> 0.1 | L8: ='01'!L9+'02'!L9+'03'!L9+'04'!L9+'05'!L9+'06'!L9+'07'!L9+'08'!L9+'09'!L9+'10'!L9+'11'!L9+'12'!L9+'13'!L9+'14'!L9+'15'!L9+'16'!L9+'17'!L9+'18'!L9+'19'!L9+'20'!L9+'21'!L9+'22'!L9+'23'!L9+'24'!L9+'25'!L9+'26'!L9+'27'!L9+'28'!L9+'29'!L9+'30'!L9+'31'!L9 -> 0.089583333 | M8: ='01'!M9+'02'!M9+'03'!M9+'04'!M9+'05'!M9+'06'!M9+'07'!M9+'08'!M9+'09'!M9+'10'!M9+'11'!M9+'12'!M9+'13'!M9+'14'!M9+'15'!M9+'16'!M9+'17'!M9+'18'!M9+'19'!M9+'20'!M9+'21'!M9+'22'!M9+'23'!M9+'24'!M9+'25'!M9+'26'!M9+'27'!M9+'28'!M9+'29'!M9+'30'!M9+'31'!M9 -> 0.12361111 | N8: ='01'!N9+'02'!N9+'03'!N9+'04'!N9+'05'!N9+'06'!N9+'07'!N9+'08'!N9+'09'!N9+'10'!N9+'11'!N9+'12'!N9+'13'!N9+'14'!N9+'15'!N9+'16'!N9+'17'!N9+'18'!N9+'19'!N9+'20'!N9+'21'!N9+'22'!N9+'23'!N9+'24'!N9+'25'!N9+'26'!N9+'27'!N9+'28'!N9+'29'!N9+'30'!N9+'31'!N9 -> 0.10069444 | O8: ='01'!O9+'02'!O9+'03'!O9+'04'!O9+'05'!O9+'06'!O9+'07'!O9+'08'!O9+'09'!O9+'10'!O9+'11'!O9+'12'!O9+'13'!O9+'14'!O9+'15'!O9+'16'!O9+'17'!O9+'18'!O9+'19'!O9+'20'!O9+'21'!O9+'22'!O9+'23'!O9+'24'!O9+'25'!O9+'26'!O9+'27'!O9+'28'!O9+'29'!O9+'30'!O9+'31'!O9 -> 0.036805556 | P8: ='01'!P9+'02'!P9+'03'!P9+'04'!P9+'05'!P9+'06'!P9+'07'!P9+'08'!P9+'09'!P9+'10'!P9+'11'!P9+'12'!P9+'13'!P9+'14'!P9+'15'!P9+'16'!P9+'17'!P9+'18'!P9+'19'!P9+'20'!P9+'21'!P9+'22'!P9+'23'!P9+'24'!P9+'25'!P9+'26'!P9+'27'!P9+'28'!P9+'29'!P9+'30'!P9+'31'!P9 -> 0 | Q8: ='01'!Q9+'02'!Q9+'03'!Q9+'04'!Q9+'05'!Q9+'06'!Q9+'07'!Q9+'08'!Q9+'09'!Q9+'10'!Q9+'11'!Q9+'12'!Q9+'13'!Q9+'14'!Q9+'15'!Q9+'16'!Q9+'17'!Q9+'18'!Q9+'19'!Q9+'20'!Q9+'21'!Q9+'22'!Q9+'23'!Q9+'24'!Q9+'25'!Q9+'26'!Q9+'27'!Q9+'28'!Q9+'29'!Q9+'30'!Q9+'31'!Q9 -> 0 | ... Z8: ='01'!Z9+'02'!Z9+'03'!Z9+'04'!Z9+'05'!Z9+'06'!Z9+'07'!Z9+'08'!Z9+'09'!Z9+'10'!Z9+'11'!Z9+'12'!Z9+'13'!Z9+'14'!Z9+'15'!Z9+'16'!Z9+'17'!Z9+'18'!Z9+'19'!Z9+'20'!Z9+'21'!Z9+'22'!Z9+'23'!Z9+'24'!Z9+'25'!Z9+'26'!Z9+'27'!Z9+'28'!Z9+'29'!Z9+'30'!Z9+'31'!Z9 -> 0.050694444 | AA8: =SUM(J8:Z8) -> 3.7638889
B9: PC1250-06 | J9: ='01'!J10+'02'!J10+'03'!J10+'04'!J10+'05'!J10+'06'!J10+'07'!J10+'08'!J10+'09'!J10+'10'!J10+'11'!J10+'12'!J10+'13'!J10+'14'!J10+'15'!J10+'16'!J10+'17'!J10+'18'!J10+'19'!J10+'20'!J10+'21'!J10+'22'!J10+'23'!J10+'24'!J10+'25'!J10+'26'!J10+'27'!J10+'28'!J10+'29'!J10+'30'!J10+'31'!J10 -> 0 | K9: ='01'!K10+'02'!K10+'03'!K10+'04'!K10+'05'!K10+'06'!K10+'07'!K10+'08'!K10+'09'!K10+'10'!K10+'11'!K10+'12'!K10+'13'!K10+'14'!K10+'15'!K10+'16'!K10+'17'!K10+'18'!K10+'19'!K10+'20'!K10+'21'!K10+'22'!K10+'23'!K10+'24'!K10+'25'!K10+'26'!K10+'27'!K10+'28'!K10+'29'!K10+'30'!K10+'31'!K10 -> 0 | L9: ='01'!L10+'02'!L10+'03'!L10+'04'!L10+'05'!L10+'06'!L10+'07'!L10+'08'!L10+'09'!L10+'10'!L10+'11'!L10+'12'!L10+'13'!L10+'14'!L10+'15'!L10+'16'!L10+'17'!L10+'18'!L10+'19'!L10+'20'!L10+'21'!L10+'22'!L10+'23'!L10+'24'!L10+'25'!L10+'26'!L10+'27'!L10+'28'!L10+'29'!L10+'30'!L10+'31'!L10 -> 0 | M9: ='01'!M10+'02'!M10+'03'!M10+'04'!M10+'05'!M10+'06'!M10+'07'!M10+'08'!M10+'09'!M10+'10'!M10+'11'!M10+'12'!M10+'13'!M10+'14'!M10+'15'!M10+'16'!M10+'17'!M10+'18'!M10+'19'!M10+'20'!M10+'21'!M10+'22'!M10+'23'!M10+'24'!M10+'25'!M10+'26'!M10+'27'!M10+'28'!M10+'29'!M10+'30'!M10+'31'!M10 -> 0 | N9: ='01'!N10+'02'!N10+'03'!N10+'04'!N10+'05'!N10+'06'!N10+'07'!N10+'08'!N10+'09'!N10+'10'!N10+'11'!N10+'12'!N10+'13'!N10+'14'!N10+'15'!N10+'16'!N10+'17'!N10+'18'!N10+'19'!N10+'20'!N10+'21'!N10+'22'!N10+'23'!N10+'24'!N10+'25'!N10+'26'!N10+'27'!N10+'28'!N10+'29'!N10+'30'!N10+'31'!N10 -> 0 | O9: ='01'!O10+'02'!O10+'03'!O10+'04'!O10+'05'!O10+'06'!O10+'07'!O10+'08'!O10+'09'!O10+'10'!O10+'11'!O10+'12'!O10+'13'!O10+'14'!O10+'15'!O10+'16'!O10+'17'!O10+'18'!O10+'19'!O10+'20'!O10+'21'!O10+'22'!O10+'23'!O10+'24'!O10+'25'!O10+'26'!O10+'27'!O10+'28'!O10+'29'!O10+'30'!O10+'31'!O10 -> 0 | P9: ='01'!P10+'02'!P10+'03'!P10+'04'!P10+'05'!P10+'06'!P10+'07'!P10+'08'!P10+'09'!P10+'10'!P10+'11'!P10+'12'!P10+'13'!P10+'14'!P10+'15'!P10+'16'!P10+'17'!P10+'18'!P10+'19'!P10+'20'!P10+'21'!P10+'22'!P10+'23'!P10+'24'!P10+'25'!P10+'26'!P10+'27'!P10+'28'!P10+'29'!P10+'30'!P10+'31'!P10 -> 0 | Q9: ='01'!Q10+'02'!Q10+'03'!Q10+'04'!Q10+'05'!Q10+'06'!Q10+'07'!Q10+'08'!Q10+'09'!Q10+'10'!Q10+'11'!Q10+'12'!Q10+'13'!Q10+'14'!Q10+'15'!Q10+'16'!Q10+'17'!Q10+'18'!Q10+'19'!Q10+'20'!Q10+'21'!Q10+'22'!Q10+'23'!Q10+'24'!Q10+'25'!Q10+'26'!Q10+'27'!Q10+'28'!Q10+'29'!Q10+'30'!Q10+'31'!Q10 -> 0 | ... Z9: ='01'!Z10+'02'!Z10+'03'!Z10+'04'!Z10+'05'!Z10+'06'!Z10+'07'!Z10+'08'!Z10+'09'!Z10+'10'!Z10+'11'!Z10+'12'!Z10+'13'!Z10+'14'!Z10+'15'!Z10+'16'!Z10+'17'!Z10+'18'!Z10+'19'!Z10+'20'!Z10+'21'!Z10+'22'!Z10+'23'!Z10+'24'!Z10+'25'!Z10+'26'!Z10+'27'!Z10+'28'!Z10+'29'!Z10+'30'!Z10+'31'!Z10 -> 0 | AA9: =SUM(J9:Z9) -> 0
B10: PC1250-07 | J10: ='01'!J11+'02'!J11+'03'!J11+'04'!J11+'05'!J11+'06'!J11+'07'!J11+'08'!J11+'09'!J11+'10'!J11+'11'!J11+'12'!J11+'13'!J11+'14'!J11+'15'!J11+'16'!J11+'17'!J11+'18'!J11+'19'!J11+'20'!J11+'21'!J11+'22'!J11+'23'!J11+'24'!J11+'25'!J11+'26'!J11+'27'!J11+'28'!J11+'29'!J11+'30'!J11+'31'!J11 -> 2.3611111 | K10: ='01'!K11+'02'!K11+'03'!K11+'04'!K11+'05'!K11+'06'!K11+'07'!K11+'08'!K11+'09'!K11+'10'!K11+'11'!K11+'12'!K11+'13'!K11+'14'!K11+'15'!K11+'16'!K11+'17'!K11+'18'!K11+'19'!K11+'20'!K11+'21'!K11+'22'!K11+'23'!K11+'24'!K11+'25'!K11+'26'!K11+'27'!K11+'28'!K11+'29'!K11+'30'!K11+'31'!K11 -> 0.023611111 | L10: ='01'!L11+'02'!L11+'03'!L11+'04'!L11+'05'!L11+'06'!L11+'07'!L11+'08'!L11+'09'!L11+'10'!L11+'11'!L11+'12'!L11+'13'!L11+'14'!L11+'15'!L11+'16'!L11+'17'!L11+'18'!L11+'19'!L11+'20'!L11+'21'!L11+'22'!L11+'23'!L11+'24'!L11+'25'!L11+'26'!L11+'27'!L11+'28'!L11+'29'!L11+'30'!L11+'31'!L11 -> 0.0069444444 | M10: ='01'!M11+'02'!M11+'03'!M11+'04'!M11+'05'!M11+'06'!M11+'07'!M11+'08'!M11+'09'!M11+'10'!M11+'11'!M11+'12'!M11+'13'!M11+'14'!M11+'15'!M11+'16'!M11+'17'!M11+'18'!M11+'19'!M11+'20'!M11+'21'!M11+'22'!M11+'23'!M11+'24'!M11+'25'!M11+'26'!M11+'27'!M11+'28'!M11+'29'!M11+'30'!M11+'31'!M11 -> 0.12083333 | N10: ='01'!N11+'02'!N11+'03'!N11+'04'!N11+'05'!N11+'06'!N11+'07'!N11+'08'!N11+'09'!N11+'10'!N11+'11'!N11+'12'!N11+'13'!N11+'14'!N11+'15'!N11+'16'!N11+'17'!N11+'18'!N11+'19'!N11+'20'!N11+'21'!N11+'22'!N11+'23'!N11+'24'!N11+'25'!N11+'26'!N11+'27'!N11+'28'!N11+'29'!N11+'30'!N11+'31'!N11 -> 0.10972222 | O10: ='01'!O11+'02'!O11+'03'!O11+'04'!O11+'05'!O11+'06'!O11+'07'!O11+'08'!O11+'09'!O11+'10'!O11+'11'!O11+'12'!O11+'13'!O11+'14'!O11+'15'!O11+'16'!O11+'17'!O11+'18'!O11+'19'!O11+'20'!O11+'21'!O11+'22'!O11+'23'!O11+'24'!O11+'25'!O11+'26'!O11+'27'!O11+'28'!O11+'29'!O11+'30'!O11+'31'!O11 -> 0.0055555556 | P10: ='01'!P11+'02'!P11+'03'!P11+'04'!P11+'05'!P11+'06'!P11+'07'!P11+'08'!P11+'09'!P11+'10'!P11+'11'!P11+'12'!P11+'13'!P11+'14'!P11+'15'!P11+'16'!P11+'17'!P11+'18'!P11+'19'!P11+'20'!P11+'21'!P11+'22'!P11+'23'!P11+'24'!P11+'25'!P11+'26'!P11+'27'!P11+'28'!P11+'29'!P11+'30'!P11+'31'!P11 -> 0 | Q10: ='01'!Q11+'02'!Q11+'03'!Q11+'04'!Q11+'05'!Q11+'06'!Q11+'07'!Q11+'08'!Q11+'09'!Q11+'10'!Q11+'11'!Q11+'12'!Q11+'13'!Q11+'14'!Q11+'15'!Q11+'16'!Q11+'17'!Q11+'18'!Q11+'19'!Q11+'20'!Q11+'21'!Q11+'22'!Q11+'23'!Q11+'24'!Q11+'25'!Q11+'26'!Q11+'27'!Q11+'28'!Q11+'29'!Q11+'30'!Q11+'31'!Q11 -> 0 | ... Z10: ='01'!Z11+'02'!Z11+'03'!Z11+'04'!Z11+'05'!Z11+'06'!Z11+'07'!Z11+'08'!Z11+'09'!Z11+'10'!Z11+'11'!Z11+'12'!Z11+'13'!Z11+'14'!Z11+'15'!Z11+'16'!Z11+'17'!Z11+'18'!Z11+'19'!Z11+'20'!Z11+'21'!Z11+'22'!Z11+'23'!Z11+'24'!Z11+'25'!Z11+'26'!Z11+'27'!Z11+'28'!Z11+'29'!Z11+'30'!Z11+'31'!Z11 -> 0.045138889 | AA10: =SUM(J10:Z10) -> 4.9138889
B11: PC1250-10 | J11: ='01'!J12+'02'!J12+'03'!J12+'04'!J12+'05'!J12+'06'!J12+'07'!J12+'08'!J12+'09'!J12+'10'!J12+'11'!J12+'12'!J12+'13'!J12+'14'!J12+'15'!J12+'16'!J12+'17'!J12+'18'!J12+'19'!J12+'20'!J12+'21'!J12+'22'!J12+'23'!J12+'24'!J12+'25'!J12+'26'!J12+'27'!J12+'28'!J12+'29'!J12+'30'!J12+'31'!J12 -> 1.3354167 | K11: ='01'!K12+'02'!K12+'03'!K12+'04'!K12+'05'!K12+'06'!K12+'07'!K12+'08'!K12+'09'!K12+'10'!K12+'11'!K12+'12'!K12+'13'!K12+'14'!K12+'15'!K12+'16'!K12+'17'!K12+'18'!K12+'19'!K12+'20'!K12+'21'!K12+'22'!K12+'23'!K12+'24'!K12+'25'!K12+'26'!K12+'27'!K12+'28'!K12+'29'!K12+'30'!K12+'31'!K12 -> 0.092361111 | L11: ='01'!L12+'02'!L12+'03'!L12+'04'!L12+'05'!L12+'06'!L12+'07'!L12+'08'!L12+'09'!L12+'10'!L12+'11'!L12+'12'!L12+'13'!L12+'14'!L12+'15'!L12+'16'!L12+'17'!L12+'18'!L12+'19'!L12+'20'!L12+'21'!L12+'22'!L12+'23'!L12+'24'!L12+'25'!L12+'26'!L12+'27'!L12+'28'!L12+'29'!L12+'30'!L12+'31'!L12 -> 0.041666667 | M11: ='01'!M12+'02'!M12+'03'!M12+'04'!M12+'05'!M12+'06'!M12+'07'!M12+'08'!M12+'09'!M12+'10'!M12+'11'!M12+'12'!M12+'13'!M12+'14'!M12+'15'!M12+'16'!M12+'17'!M12+'18'!M12+'19'!M12+'20'!M12+'21'!M12+'22'!M12+'23'!M12+'24'!M12+'25'!M12+'26'!M12+'27'!M12+'28'!M12+'29'!M12+'30'!M12+'31'!M12 -> 0.15555556 | N11: ='01'!N12+'02'!N12+'03'!N12+'04'!N12+'05'!N12+'06'!N12+'07'!N12+'08'!N12+'09'!N12+'10'!N12+'11'!N12+'12'!N12+'13'!N12+'14'!N12+'15'!N12+'16'!N12+'17'!N12+'18'!N12+'19'!N12+'20'!N12+'21'!N12+'22'!N12+'23'!N12+'24'!N12+'25'!N12+'26'!N12+'27'!N12+'28'!N12+'29'!N12+'30'!N12+'31'!N12 -> 0.12638889 | O11: ='01'!O12+'02'!O12+'03'!O12+'04'!O12+'05'!O12+'06'!O12+'07'!O12+'08'!O12+'09'!O12+'10'!O12+'11'!O12+'12'!O12+'13'!O12+'14'!O12+'15'!O12+'16'!O12+'17'!O12+'18'!O12+'19'!O12+'20'!O12+'21'!O12+'22'!O12+'23'!O12+'24'!O12+'25'!O12+'26'!O12+'27'!O12+'28'!O12+'29'!O12+'30'!O12+'31'!O12 -> 0.027777778 | P11: ='01'!P12+'02'!P12+'03'!P12+'04'!P12+'05'!P12+'06'!P12+'07'!P12+'08'!P12+'09'!P12+'10'!P12+'11'!P12+'12'!P12+'13'!P12+'14'!P12+'15'!P12+'16'!P12+'17'!P12+'18'!P12+'19'!P12+'20'!P12+'21'!P12+'22'!P12+'23'!P12+'24'!P12+'25'!P12+'26'!P12+'27'!P12+'28'!P12+'29'!P12+'30'!P12+'31'!P12 -> 0 | Q11: ='01'!Q12+'02'!Q12+'03'!Q12+'04'!Q12+'05'!Q12+'06'!Q12+'07'!Q12+'08'!Q12+'09'!Q12+'10'!Q12+'11'!Q12+'12'!Q12+'13'!Q12+'14'!Q12+'15'!Q12+'16'!Q12+'17'!Q12+'18'!Q12+'19'!Q12+'20'!Q12+'21'!Q12+'22'!Q12+'23'!Q12+'24'!Q12+'25'!Q12+'26'!Q12+'27'!Q12+'28'!Q12+'29'!Q12+'30'!Q12+'31'!Q12 -> 0 | ... Z11: ='01'!Z12+'02'!Z12+'03'!Z12+'04'!Z12+'05'!Z12+'06'!Z12+'07'!Z12+'08'!Z12+'09'!Z12+'10'!Z12+'11'!Z12+'12'!Z12+'13'!Z12+'14'!Z12+'15'!Z12+'16'!Z12+'17'!Z12+'18'!Z12+'19'!Z12+'20'!Z12+'21'!Z12+'22'!Z12+'23'!Z12+'24'!Z12+'25'!Z12+'26'!Z12+'27'!Z12+'28'!Z12+'29'!Z12+'30'!Z12+'31'!Z12 -> 0.072222222 | AA11: =SUM(J11:Z11) -> 3.7965278
B12: CAT395-02 | J12: ='01'!J13+'02'!J13+'03'!J13+'04'!J13+'05'!J13+'06'!J13+'07'!J13+'08'!J13+'09'!J13+'10'!J13+'11'!J13+'12'!J13+'13'!J13+'14'!J13+'15'!J13+'16'!J13+'17'!J13+'18'!J13+'19'!J13+'20'!J13+'21'!J13+'22'!J13+'23'!J13+'24'!J13+'25'!J13+'26'!J13+'27'!J13+'28'!J13+'29'!J13+'30'!J13+'31'!J13 -> 0.77708333 | K12: ='01'!K13+'02'!K13+'03'!K13+'04'!K13+'05'!K13+'06'!K13+'07'!K13+'08'!K13+'09'!K13+'10'!K13+'11'!K13+'12'!K13+'13'!K13+'14'!K13+'15'!K13+'16'!K13+'17'!K13+'18'!K13+'19'!K13+'20'!K13+'21'!K13+'22'!K13+'23'!K13+'24'!K13+'25'!K13+'26'!K13+'27'!K13+'28'!K13+'29'!K13+'30'!K13+'31'!K13 -> 0.075 | L12: ='01'!L13+'02'!L13+'03'!L13+'04'!L13+'05'!L13+'06'!L13+'07'!L13+'08'!L13+'09'!L13+'10'!L13+'11'!L13+'12'!L13+'13'!L13+'14'!L13+'15'!L13+'16'!L13+'17'!L13+'18'!L13+'19'!L13+'20'!L13+'21'!L13+'22'!L13+'23'!L13+'24'!L13+'25'!L13+'26'!L13+'27'!L13+'28'!L13+'29'!L13+'30'!L13+'31'!L13 -> 0.036111111 | M12: ='01'!M13+'02'!M13+'03'!M13+'04'!M13+'05'!M13+'06'!M13+'07'!M13+'08'!M13+'09'!M13+'10'!M13+'11'!M13+'12'!M13+'13'!M13+'14'!M13+'15'!M13+'16'!M13+'17'!M13+'18'!M13+'19'!M13+'20'!M13+'21'!M13+'22'!M13+'23'!M13+'24'!M13+'25'!M13+'26'!M13+'27'!M13+'28'!M13+'29'!M13+'30'!M13+'31'!M13 -> 0.13125 | N12: ='01'!N13+'02'!N13+'03'!N13+'04'!N13+'05'!N13+'06'!N13+'07'!N13+'08'!N13+'09'!N13+'10'!N13+'11'!N13+'12'!N13+'13'!N13+'14'!N13+'15'!N13+'16'!N13+'17'!N13+'18'!N13+'19'!N13+'20'!N13+'21'!N13+'22'!N13+'23'!N13+'24'!N13+'25'!N13+'26'!N13+'27'!N13+'28'!N13+'29'!N13+'30'!N13+'31'!N13 -> 0.12708333 | O12: ='01'!O13+'02'!O13+'03'!O13+'04'!O13+'05'!O13+'06'!O13+'07'!O13+'08'!O13+'09'!O13+'10'!O13+'11'!O13+'12'!O13+'13'!O13+'14'!O13+'15'!O13+'16'!O13+'17'!O13+'18'!O13+'19'!O13+'20'!O13+'21'!O13+'22'!O13+'23'!O13+'24'!O13+'25'!O13+'26'!O13+'27'!O13+'28'!O13+'29'!O13+'30'!O13+'31'!O13 -> 0 | P12: ='01'!P13+'02'!P13+'03'!P13+'04'!P13+'05'!P13+'06'!P13+'07'!P13+'08'!P13+'09'!P13+'10'!P13+'11'!P13+'12'!P13+'13'!P13+'14'!P13+'15'!P13+'16'!P13+'17'!P13+'18'!P13+'19'!P13+'20'!P13+'21'!P13+'22'!P13+'23'!P13+'24'!P13+'25'!P13+'26'!P13+'27'!P13+'28'!P13+'29'!P13+'30'!P13+'31'!P13 -> 0 | Q12: ='01'!Q13+'02'!Q13+'03'!Q13+'04'!Q13+'05'!Q13+'06'!Q13+'07'!Q13+'08'!Q13+'09'!Q13+'10'!Q13+'11'!Q13+'12'!Q13+'13'!Q13+'14'!Q13+'15'!Q13+'16'!Q13+'17'!Q13+'18'!Q13+'19'!Q13+'20'!Q13+'21'!Q13+'22'!Q13+'23'!Q13+'24'!Q13+'25'!Q13+'26'!Q13+'27'!Q13+'28'!Q13+'29'!Q13+'30'!Q13+'31'!Q13 -> 0 | ... Z12: ='01'!Z13+'02'!Z13+'03'!Z13+'04'!Z13+'05'!Z13+'06'!Z13+'07'!Z13+'08'!Z13+'09'!Z13+'10'!Z13+'11'!Z13+'12'!Z13+'13'!Z13+'14'!Z13+'15'!Z13+'16'!Z13+'17'!Z13+'18'!Z13+'19'!Z13+'20'!Z13+'21'!Z13+'22'!Z13+'23'!Z13+'24'!Z13+'25'!Z13+'26'!Z13+'27'!Z13+'28'!Z13+'29'!Z13+'30'!Z13+'31'!Z13 -> 0.042361111 | AA12: =SUM(J12:Z12) -> 3.2027778
B13: EC750-02 | J13: ='01'!J14+'02'!J14+'03'!J14+'04'!J14+'05'!J14+'06'!J14+'07'!J14+'08'!J14+'09'!J14+'10'!J14+'11'!J14+'12'!J14+'13'!J14+'14'!J14+'15'!J14+'16'!J14+'17'!J14+'18'!J14+'19'!J14+'20'!J14+'21'!J14+'22'!J14+'23'!J14+'24'!J14+'25'!J14+'26'!J14+'27'!J14+'28'!J14+'29'!J14+'30'!J14+'31'!J14 -> 1.1243056 | K13: ='01'!K14+'02'!K14+'03'!K14+'04'!K14+'05'!K14+'06'!K14+'07'!K14+'08'!K14+'09'!K14+'10'!K14+'11'!K14+'12'!K14+'13'!K14+'14'!K14+'15'!K14+'16'!K14+'17'!K14+'18'!K14+'19'!K14+'20'!K14+'21'!K14+'22'!K14+'23'!K14+'24'!K14+'25'!K14+'26'!K14+'27'!K14+'28'!K14+'29'!K14+'30'!K14+'31'!K14 -> 0.090972222 | L13: ='01'!L14+'02'!L14+'03'!L14+'04'!L14+'05'!L14+'06'!L14+'07'!L14+'08'!L14+'09'!L14+'10'!L14+'11'!L14+'12'!L14+'13'!L14+'14'!L14+'15'!L14+'16'!L14+'17'!L14+'18'!L14+'19'!L14+'20'!L14+'21'!L14+'22'!L14+'23'!L14+'24'!L14+'25'!L14+'26'!L14+'27'!L14+'28'!L14+'29'!L14+'30'!L14+'31'!L14 -> 0 | M13: ='01'!M14+'02'!M14+'03'!M14+'04'!M14+'05'!M14+'06'!M14+'07'!M14+'08'!M14+'09'!M14+'10'!M14+'11'!M14+'12'!M14+'13'!M14+'14'!M14+'15'!M14+'16'!M14+'17'!M14+'18'!M14+'19'!M14+'20'!M14+'21'!M14+'22'!M14+'23'!M14+'24'!M14+'25'!M14+'26'!M14+'27'!M14+'28'!M14+'29'!M14+'30'!M14+'31'!M14 -> 0.12361111 | N13: ='01'!N14+'02'!N14+'03'!N14+'04'!N14+'05'!N14+'06'!N14+'07'!N14+'08'!N14+'09'!N14+'10'!N14+'11'!N14+'12'!N14+'13'!N14+'14'!N14+'15'!N14+'16'!N14+'17'!N14+'18'!N14+'19'!N14+'20'!N14+'21'!N14+'22'!N14+'23'!N14+'24'!N14+'25'!N14+'26'!N14+'27'!N14+'28'!N14+'29'!N14+'30'!N14+'31'!N14 -> 0.10763889 | O13: ='01'!O14+'02'!O14+'03'!O14+'04'!O14+'05'!O14+'06'!O14+'07'!O14+'08'!O14+'09'!O14+'10'!O14+'11'!O14+'12'!O14+'13'!O14+'14'!O14+'15'!O14+'16'!O14+'17'!O14+'18'!O14+'19'!O14+'20'!O14+'21'!O14+'22'!O14+'23'!O14+'24'!O14+'25'!O14+'26'!O14+'27'!O14+'28'!O14+'29'!O14+'30'!O14+'31'!O14 -> 0 | P13: ='01'!P14+'02'!P14+'03'!P14+'04'!P14+'05'!P14+'06'!P14+'07'!P14+'08'!P14+'09'!P14+'10'!P14+'11'!P14+'12'!P14+'13'!P14+'14'!P14+'15'!P14+'16'!P14+'17'!P14+'18'!P14+'19'!P14+'20'!P14+'21'!P14+'22'!P14+'23'!P14+'24'!P14+'25'!P14+'26'!P14+'27'!P14+'28'!P14+'29'!P14+'30'!P14+'31'!P14 -> 0.043055556 | Q13: ='01'!Q14+'02'!Q14+'03'!Q14+'04'!Q14+'05'!Q14+'06'!Q14+'07'!Q14+'08'!Q14+'09'!Q14+'10'!Q14+'11'!Q14+'12'!Q14+'13'!Q14+'14'!Q14+'15'!Q14+'16'!Q14+'17'!Q14+'18'!Q14+'19'!Q14+'20'!Q14+'21'!Q14+'22'!Q14+'23'!Q14+'24'!Q14+'25'!Q14+'26'!Q14+'27'!Q14+'28'!Q14+'29'!Q14+'30'!Q14+'31'!Q14 -> 0 | ... Z13: ='01'!Z14+'02'!Z14+'03'!Z14+'04'!Z14+'05'!Z14+'06'!Z14+'07'!Z14+'08'!Z14+'09'!Z14+'10'!Z14+'11'!Z14+'12'!Z14+'13'!Z14+'14'!Z14+'15'!Z14+'16'!Z14+'17'!Z14+'18'!Z14+'19'!Z14+'20'!Z14+'21'!Z14+'22'!Z14+'23'!Z14+'24'!Z14+'25'!Z14+'26'!Z14+'27'!Z14+'28'!Z14+'29'!Z14+'30'!Z14+'31'!Z14 -> 0.021527778 | AA13: =SUM(J13:Z13) -> 3.9131944
A14: Malam | B14: PC1250-02 | J14: ='01'!J15+'02'!J15+'03'!J15+'04'!J15+'05'!J15+'06'!J15+'07'!J15+'08'!J15+'09'!J15+'10'!J15+'11'!J15+'12'!J15+'13'!J15+'14'!J15+'15'!J15+'16'!J15+'17'!J15+'18'!J15+'19'!J15+'20'!J15+'21'!J15+'22'!J15+'23'!J15+'24'!J15+'25'!J15+'26'!J15+'27'!J15+'28'!J15+'29'!J15+'30'!J15+'31'!J15 -> 3.4930556 | K14: ='01'!K15+'02'!K15+'03'!K15+'04'!K15+'05'!K15+'06'!K15+'07'!K15+'08'!K15+'09'!K15+'10'!K15+'11'!K15+'12'!K15+'13'!K15+'14'!K15+'15'!K15+'16'!K15+'17'!K15+'18'!K15+'19'!K15+'20'!K15+'21'!K15+'22'!K15+'23'!K15+'24'!K15+'25'!K15+'26'!K15+'27'!K15+'28'!K15+'29'!K15+'30'!K15+'31'!K15 -> 0.049305556 | L14: ='01'!L15+'02'!L15+'03'!L15+'04'!L15+'05'!L15+'06'!L15+'07'!L15+'08'!L15+'09'!L15+'10'!L15+'11'!L15+'12'!L15+'13'!L15+'14'!L15+'15'!L15+'16'!L15+'17'!L15+'18'!L15+'19'!L15+'20'!L15+'21'!L15+'22'!L15+'23'!L15+'24'!L15+'25'!L15+'26'!L15+'27'!L15+'28'!L15+'29'!L15+'30'!L15+'31'!L15 -> 0.0055555556 | M14: ='01'!M15+'02'!M15+'03'!M15+'04'!M15+'05'!M15+'06'!M15+'07'!M15+'08'!M15+'09'!M15+'10'!M15+'11'!M15+'12'!M15+'13'!M15+'14'!M15+'15'!M15+'16'!M15+'17'!M15+'18'!M15+'19'!M15+'20'!M15+'21'!M15+'22'!M15+'23'!M15+'24'!M15+'25'!M15+'26'!M15+'27'!M15+'28'!M15+'29'!M15+'30'!M15+'31'!M15 -> 0.041666667 | N14: ='01'!N15+'02'!N15+'03'!N15+'04'!N15+'05'!N15+'06'!N15+'07'!N15+'08'!N15+'09'!N15+'10'!N15+'11'!N15+'12'!N15+'13'!N15+'14'!N15+'15'!N15+'16'!N15+'17'!N15+'18'!N15+'19'!N15+'20'!N15+'21'!N15+'22'!N15+'23'!N15+'24'!N15+'25'!N15+'26'!N15+'27'!N15+'28'!N15+'29'!N15+'30'!N15+'31'!N15 -> 0.049305556 | O14: ='01'!O15+'02'!O15+'03'!O15+'04'!O15+'05'!O15+'06'!O15+'07'!O15+'08'!O15+'09'!O15+'10'!O15+'11'!O15+'12'!O15+'13'!O15+'14'!O15+'15'!O15+'16'!O15+'17'!O15+'18'!O15+'19'!O15+'20'!O15+'21'!O15+'22'!O15+'23'!O15+'24'!O15+'25'!O15+'26'!O15+'27'!O15+'28'!O15+'29'!O15+'30'!O15+'31'!O15 -> 0 | P14: ='01'!P15+'02'!P15+'03'!P15+'04'!P15+'05'!P15+'06'!P15+'07'!P15+'08'!P15+'09'!P15+'10'!P15+'11'!P15+'12'!P15+'13'!P15+'14'!P15+'15'!P15+'16'!P15+'17'!P15+'18'!P15+'19'!P15+'20'!P15+'21'!P15+'22'!P15+'23'!P15+'24'!P15+'25'!P15+'26'!P15+'27'!P15+'28'!P15+'29'!P15+'30'!P15+'31'!P15 -> 0.060416667 | Q14: ='01'!Q15+'02'!Q15+'03'!Q15+'04'!Q15+'05'!Q15+'06'!Q15+'07'!Q15+'08'!Q15+'09'!Q15+'10'!Q15+'11'!Q15+'12'!Q15+'13'!Q15+'14'!Q15+'15'!Q15+'16'!Q15+'17'!Q15+'18'!Q15+'19'!Q15+'20'!Q15+'21'!Q15+'22'!Q15+'23'!Q15+'24'!Q15+'25'!Q15+'26'!Q15+'27'!Q15+'28'!Q15+'29'!Q15+'30'!Q15+'31'!Q15 -> 0 | ... Z14: ='01'!Z15+'02'!Z15+'03'!Z15+'04'!Z15+'05'!Z15+'06'!Z15+'07'!Z15+'08'!Z15+'09'!Z15+'10'!Z15+'11'!Z15+'12'!Z15+'13'!Z15+'14'!Z15+'15'!Z15+'16'!Z15+'17'!Z15+'18'!Z15+'19'!Z15+'20'!Z15+'21'!Z15+'22'!Z15+'23'!Z15+'24'!Z15+'25'!Z15+'26'!Z15+'27'!Z15+'28'!Z15+'29'!Z15+'30'!Z15+'31'!Z15 -> 0 | AA14: =SUM(J14:Z14) -> 6.68125
B15: PC1250-05 | J15: ='01'!J16+'02'!J16+'03'!J16+'04'!J16+'05'!J16+'06'!J16+'07'!J16+'08'!J16+'09'!J16+'10'!J16+'11'!J16+'12'!J16+'13'!J16+'14'!J16+'15'!J16+'16'!J16+'17'!J16+'18'!J16+'19'!J16+'20'!J16+'21'!J16+'22'!J16+'23'!J16+'24'!J16+'25'!J16+'26'!J16+'27'!J16+'28'!J16+'29'!J16+'30'!J16+'31'!J16 -> 1.7909722 | K15: ='01'!K16+'02'!K16+'03'!K16+'04'!K16+'05'!K16+'06'!K16+'07'!K16+'08'!K16+'09'!K16+'10'!K16+'11'!K16+'12'!K16+'13'!K16+'14'!K16+'15'!K16+'16'!K16+'17'!K16+'18'!K16+'19'!K16+'20'!K16+'21'!K16+'22'!K16+'23'!K16+'24'!K16+'25'!K16+'26'!K16+'27'!K16+'28'!K16+'29'!K16+'30'!K16+'31'!K16 -> 0.040972222 | L15: ='01'!L16+'02'!L16+'03'!L16+'04'!L16+'05'!L16+'06'!L16+'07'!L16+'08'!L16+'09'!L16+'10'!L16+'11'!L16+'12'!L16+'13'!L16+'14'!L16+'15'!L16+'16'!L16+'17'!L16+'18'!L16+'19'!L16+'20'!L16+'21'!L16+'22'!L16+'23'!L16+'24'!L16+'25'!L16+'26'!L16+'27'!L16+'28'!L16+'29'!L16+'30'!L16+'31'!L16 -> 0.0090277778 | M15: ='01'!M16+'02'!M16+'03'!M16+'04'!M16+'05'!M16+'06'!M16+'07'!M16+'08'!M16+'09'!M16+'10'!M16+'11'!M16+'12'!M16+'13'!M16+'14'!M16+'15'!M16+'16'!M16+'17'!M16+'18'!M16+'19'!M16+'20'!M16+'21'!M16+'22'!M16+'23'!M16+'24'!M16+'25'!M16+'26'!M16+'27'!M16+'28'!M16+'29'!M16+'30'!M16+'31'!M16 -> 0.085416667 | N15: ='01'!N16+'02'!N16+'03'!N16+'04'!N16+'05'!N16+'06'!N16+'07'!N16+'08'!N16+'09'!N16+'10'!N16+'11'!N16+'12'!N16+'13'!N16+'14'!N16+'15'!N16+'16'!N16+'17'!N16+'18'!N16+'19'!N16+'20'!N16+'21'!N16+'22'!N16+'23'!N16+'24'!N16+'25'!N16+'26'!N16+'27'!N16+'28'!N16+'29'!N16+'30'!N16+'31'!N16 -> 0.08125 | O15: ='01'!O16+'02'!O16+'03'!O16+'04'!O16+'05'!O16+'06'!O16+'07'!O16+'08'!O16+'09'!O16+'10'!O16+'11'!O16+'12'!O16+'13'!O16+'14'!O16+'15'!O16+'16'!O16+'17'!O16+'18'!O16+'19'!O16+'20'!O16+'21'!O16+'22'!O16+'23'!O16+'24'!O16+'25'!O16+'26'!O16+'27'!O16+'28'!O16+'29'!O16+'30'!O16+'31'!O16 -> 0 | P15: ='01'!P16+'02'!P16+'03'!P16+'04'!P16+'05'!P16+'06'!P16+'07'!P16+'08'!P16+'09'!P16+'10'!P16+'11'!P16+'12'!P16+'13'!P16+'14'!P16+'15'!P16+'16'!P16+'17'!P16+'18'!P16+'19'!P16+'20'!P16+'21'!P16+'22'!P16+'23'!P16+'24'!P16+'25'!P16+'26'!P16+'27'!P16+'28'!P16+'29'!P16+'30'!P16+'31'!P16 -> 0 | Q15: ='01'!Q16+'02'!Q16+'03'!Q16+'04'!Q16+'05'!Q16+'06'!Q16+'07'!Q16+'08'!Q16+'09'!Q16+'10'!Q16+'11'!Q16+'12'!Q16+'13'!Q16+'14'!Q16+'15'!Q16+'16'!Q16+'17'!Q16+'18'!Q16+'19'!Q16+'20'!Q16+'21'!Q16+'22'!Q16+'23'!Q16+'24'!Q16+'25'!Q16+'26'!Q16+'27'!Q16+'28'!Q16+'29'!Q16+'30'!Q16+'31'!Q16 -> 0.010416667 | ... Z15: ='01'!Z16+'02'!Z16+'03'!Z16+'04'!Z16+'05'!Z16+'06'!Z16+'07'!Z16+'08'!Z16+'09'!Z16+'10'!Z16+'11'!Z16+'12'!Z16+'13'!Z16+'14'!Z16+'15'!Z16+'16'!Z16+'17'!Z16+'18'!Z16+'19'!Z16+'20'!Z16+'21'!Z16+'22'!Z16+'23'!Z16+'24'!Z16+'25'!Z16+'26'!Z16+'27'!Z16+'28'!Z16+'29'!Z16+'30'!Z16+'31'!Z16 -> 0 | AA15: =SUM(J15:Z15) -> 5.2486111
B16: PC1250-06 | J16: ='01'!J17+'02'!J17+'03'!J17+'04'!J17+'05'!J17+'06'!J17+'07'!J17+'08'!J17+'09'!J17+'10'!J17+'11'!J17+'12'!J17+'13'!J17+'14'!J17+'15'!J17+'16'!J17+'17'!J17+'18'!J17+'19'!J17+'20'!J17+'21'!J17+'22'!J17+'23'!J17+'24'!J17+'25'!J17+'26'!J17+'27'!J17+'28'!J17+'29'!J17+'30'!J17+'31'!J17 -> 0 | K16: ='01'!K17+'02'!K17+'03'!K17+'04'!K17+'05'!K17+'06'!K17+'07'!K17+'08'!K17+'09'!K17+'10'!K17+'11'!K17+'12'!K17+'13'!K17+'14'!K17+'15'!K17+'16'!K17+'17'!K17+'18'!K17+'19'!K17+'20'!K17+'21'!K17+'22'!K17+'23'!K17+'24'!K17+'25'!K17+'26'!K17+'27'!K17+'28'!K17+'29'!K17+'30'!K17+'31'!K17 -> 0 | L16: ='01'!L17+'02'!L17+'03'!L17+'04'!L17+'05'!L17+'06'!L17+'07'!L17+'08'!L17+'09'!L17+'10'!L17+'11'!L17+'12'!L17+'13'!L17+'14'!L17+'15'!L17+'16'!L17+'17'!L17+'18'!L17+'19'!L17+'20'!L17+'21'!L17+'22'!L17+'23'!L17+'24'!L17+'25'!L17+'26'!L17+'27'!L17+'28'!L17+'29'!L17+'30'!L17+'31'!L17 -> 0 | M16: ='01'!M17+'02'!M17+'03'!M17+'04'!M17+'05'!M17+'06'!M17+'07'!M17+'08'!M17+'09'!M17+'10'!M17+'11'!M17+'12'!M17+'13'!M17+'14'!M17+'15'!M17+'16'!M17+'17'!M17+'18'!M17+'19'!M17+'20'!M17+'21'!M17+'22'!M17+'23'!M17+'24'!M17+'25'!M17+'26'!M17+'27'!M17+'28'!M17+'29'!M17+'30'!M17+'31'!M17 -> 0 | N16: ='01'!N17+'02'!N17+'03'!N17+'04'!N17+'05'!N17+'06'!N17+'07'!N17+'08'!N17+'09'!N17+'10'!N17+'11'!N17+'12'!N17+'13'!N17+'14'!N17+'15'!N17+'16'!N17+'17'!N17+'18'!N17+'19'!N17+'20'!N17+'21'!N17+'22'!N17+'23'!N17+'24'!N17+'25'!N17+'26'!N17+'27'!N17+'28'!N17+'29'!N17+'30'!N17+'31'!N17 -> 0 | O16: ='01'!O17+'02'!O17+'03'!O17+'04'!O17+'05'!O17+'06'!O17+'07'!O17+'08'!O17+'09'!O17+'10'!O17+'11'!O17+'12'!O17+'13'!O17+'14'!O17+'15'!O17+'16'!O17+'17'!O17+'18'!O17+'19'!O17+'20'!O17+'21'!O17+'22'!O17+'23'!O17+'24'!O17+'25'!O17+'26'!O17+'27'!O17+'28'!O17+'29'!O17+'30'!O17+'31'!O17 -> 0 | P16: ='01'!P17+'02'!P17+'03'!P17+'04'!P17+'05'!P17+'06'!P17+'07'!P17+'08'!P17+'09'!P17+'10'!P17+'11'!P17+'12'!P17+'13'!P17+'14'!P17+'15'!P17+'16'!P17+'17'!P17+'18'!P17+'19'!P17+'20'!P17+'21'!P17+'22'!P17+'23'!P17+'24'!P17+'25'!P17+'26'!P17+'27'!P17+'28'!P17+'29'!P17+'30'!P17+'31'!P17 -> 0 | Q16: ='01'!Q17+'02'!Q17+'03'!Q17+'04'!Q17+'05'!Q17+'06'!Q17+'07'!Q17+'08'!Q17+'09'!Q17+'10'!Q17+'11'!Q17+'12'!Q17+'13'!Q17+'14'!Q17+'15'!Q17+'16'!Q17+'17'!Q17+'18'!Q17+'19'!Q17+'20'!Q17+'21'!Q17+'22'!Q17+'23'!Q17+'24'!Q17+'25'!Q17+'26'!Q17+'27'!Q17+'28'!Q17+'29'!Q17+'30'!Q17+'31'!Q17 -> 0 | ... Z16: ='01'!Z17+'02'!Z17+'03'!Z17+'04'!Z17+'05'!Z17+'06'!Z17+'07'!Z17+'08'!Z17+'09'!Z17+'10'!Z17+'11'!Z17+'12'!Z17+'13'!Z17+'14'!Z17+'15'!Z17+'16'!Z17+'17'!Z17+'18'!Z17+'19'!Z17+'20'!Z17+'21'!Z17+'22'!Z17+'23'!Z17+'24'!Z17+'25'!Z17+'26'!Z17+'27'!Z17+'28'!Z17+'29'!Z17+'30'!Z17+'31'!Z17 -> 0 | AA16: =SUM(J16:Z16) -> 0
