Workbook

Sheet Daily All PIT
B2: PT. SUMBER MITRA JAYA | AE2: SMJ(B)-S-MA-PR-V-01 | AJ2: =12891+17157+10856+4825+10248+4903 -> 60880
B3: REKAP DAILY REPORT APRIL 2024
B4: PIT 55 GAR & PIT 50 GAR | AK4: U/FUEL
B5: TGL | C5: OVERBURDEN (BCM) | M5: BATUBARA (TON) | T5: TOTAL MATERIAL (BCM) | U5: NON VOLUME (BCM) | X5: Solar Pagi | Y5: Solar malam | Z5: PEMAKAIAN SOLAR (LTR) | AA5: SR | AD5: FR PAGI | AE5: FR MALAM | AF5: FR | AG5: RAIN | AH5: SLIPERY | AI5: PEMAKAIAN SOLAR (LTR) (Jetty) | AK5: TOTAL MATERIAL (BCM) | AL5: Total Material Pagi | AM5: Total Material Malam
C6: PLAN | K6: % | M6: PLAN | N6: ACTUAL | Q6: % | R6: ACTUAL
D7: PAGI | G7: MALAM | H7: Fleet | J7: TOTAL | L7: % | N7: PAGI | O7: MALAM | P7: TOTAL | R7: RIT | S7: (BCM) | U7: PAGI | V7: MALAM | W7: TOTAL | AA7: PLAN | AB7: ACT | AC7: %ACH
B8: 45383 | C8: ='55 REV-'!D9+'50 REV'!D8 -> 90000 | D8: ='55 REV-'!M9+'50 REV'!L8 -> 70028 | E8: ='55 REV-'!H9+'50 REV'!G8 -> 11 | F8: fleet | G8: ='55 REV-'!J9+'50 REV'!I8 -> 36720 | H8: ='55 REV-'!K9+'50 REV'!J8 -> 11 | I8: fleet | J8: =+G8+D8 -> 106748 | K8: =IFERROR(+J8/C8,"") -> 1.1860889 | L8: =IFERROR(J8/C8,"") -> 1.1860889 | M8: ='55 REV-'!R9+'50 REV'!O8 -> 6300 | N8: ='55 REV-'!T9+'50 REV'!Q8 -> 2966.04 | O8: ='55 REV-'!U9+'50 REV'!R8 -> 1744.13 | P8: =+O8+N8 -> 4710.17 | Q8: =IFERROR(+P8/M8,"") -> 0.74764603 | R8: =+'[1]Daily All PIT'!$O$8 -> 76 | S8: =+P8/1.27 -> 3708.7953 | T8: =J8+S8 -> 110456.8 | U8: =+'PIT GAR 42'!R8+#REF! -> #REF! | V8: =+'PIT GAR 42'!S8+#REF! -> #REF! | W8: =U8+V8 -> #REF! | X8: ='55 REV-'!Z9+'50 REV'!W8 -> 38914 | Y8: ='55 REV-'!AA9+'50 REV'!X8 -> 33182 | Z8: =+X8+Y8 -> 72096 | AA8: =+IFERROR(C8/M8,0) -> 14.285714 | AB8: =+IFERROR(J8/P8,0) -> 22.663301 | AC8: =IFERROR(+AB8/AA8,"") -> 1.5864311 | AD8: =+X8/(D8+(N8/1.27)) -> 0.53775756 | AE8: =+Y8/(G8+(O8/1.27)) -> 0.87107111 | AF8: =+Z8/(J8+(P8/1.27)) -> 0.65270769 | AJ8: =AI8+Z8 -> 72096 | AK8: =+AL8+AM8 -> 110456.8 | AL8: =+AN8+D8 -> 72363.465 | AM8: =+AO8+G8 -> 38093.331 | AN8: =+N8/1.27 -> 2335.4646 | AO8: =+O8/1.27 -> 1373.3307 | AP8: =+AO8+AN8 -> 3708.7953 | AQ8: =+AP8-S8 -> 0 | AR8: =+AP8+J8 -> 110456.8
B9: 45384 | C9: ='55 REV-'!D10+'50 REV'!D9 -> 90000 | D9: ='55 REV-'!M10+'50 REV'!L9 -> 65666 | E9: ='55 REV-'!H10+'50 REV'!G9 -> 11 | F9: fleet | G9: ='55 REV-'!J10+'50 REV'!I9 -> 34974 | H9: ='55 REV-'!K10+'50 REV'!J9 -> 11 | I9: fleet | J9: =+G9+D9 -> 100640 | K9: =IFERROR(+J9/C9,"") -> 1.1182222 | L9: =IFERROR(J9/C9,"") -> 1.1182222 | M9: ='55 REV-'!R10+'50 REV'!O9 -> 6300 | N9: ='55 REV-'!T10+'50 REV'!Q9 -> 2665.37 | O9: ='55 REV-'!U10+'50 REV'!R9 -> 2427.59 | P9: =+O9+N9 -> 5092.96 | Q9: =IFERROR(+P9/M9,"") -> 0.80840635 | R9: =+'[1]Daily All PIT'!O9 -> 34 | S9: =+P9/1.27 -> 4010.2047 | T9: =J9+S9 -> 104650.2 | U9: =+'PIT GAR 42'!R9+#REF! -> #REF! | V9: =+'PIT GAR 42'!S9+#REF! -> #REF! | W9: =U9+V9 -> #REF! | X9: ='55 REV-'!Z10+'50 REV'!W9 -> 37956.5 | Y9: ='55 REV-'!AA10+'50 REV'!X9 -> 32231 | Z9: =+X9+Y9 -> 70187.5 | AA9: =+IFERROR(C9/M9,0) -> 14.285714 | AB9: =+IFERROR(J9/P9,0) -> 19.760611 | AC9: =IFERROR(+AB9/AA9,"") -> 1.3832428 | AD9: =+X9/(D9+(N9/1.27)) -> 0.56012187 | AE9: =+Y9/(G9+(O9/1.27)) -> 0.87381248 | AF9: =+Z9/(J9+(P9/1.27)) -> 0.6706867 | AJ9: =AI9+Z9 -> 70187.5 | AK9: =+AL9+AM9 -> 104650.2 | AL9: =+AN9+D9 -> 67764.717 | AM9: =+AO9+G9 -> 36885.488 | AN9: =+N9/1.27 -> 2098.7165 | AO9: =+O9/1.27 -> 1911.4882 | AP9: =+AO9+AN9 -> 4010.2047 | AQ9: =+AP9-S9 -> 0 | AR9: =+AP9+J9 -> 104650.2
B10: 45385 | C10: ='55 REV-'!D11+'50 REV'!D10 -> 90000 | D10: ='55 REV-'!M11+'50 REV'!L10 -> 68548 | E10: ='55 REV-'!H11+'50 REV'!G10 -> 11 | F10: fleet | G10: ='55 REV-'!J11+'50 REV'!I10 -> 33816 | H10: ='55 REV-'!K11+'50 REV'!J10 -> 10 | I10: fleet | J10: =+G10+D10 -> 102364 | K10: =IFERROR(+J10/C10,"") -> 1.1373778 | L10: =IFERROR(J10/C10,"") -> 1.1373778 | M10: ='55 REV-'!R11+'50 REV'!O10 -> 6300 | N10: ='55 REV-'!T11+'50 REV'!Q10 -> 2861.04 | O10: ='55 REV-'!U11+'50 REV'!R10 -> 2293.04 | P10: =+O10+N10 -> 5154.08 | Q10: =IFERROR(+P10/M10,"") -> 0.81810794 | R10: =+'[1]Daily All PIT'!O10 -> 85 | S10: =+P10/1.27 -> 4058.3307 | T10: =J10+S10 -> 106422.33 | U10: =+'PIT GAR 42'!R10+#REF! -> #REF! | V10: =+'PIT GAR 42'!S10+#REF! -> #REF! | W10: =U10+V10 -> #REF! | X10: ='55 REV-'!Z11+'50 REV'!W10 -> 37828.5 | Y10: ='55 REV-'!AA11+'50 REV'!X10 -> 35114.5 | Z10: =+X10+Y10 -> 72943 | AA10: =+IFERROR(C10/M10,0) -> 14.285714 | AB10: =+IFERROR(J10/P10,0) -> 19.86077 | AC10: =IFERROR(+AB10/AA10,"") -> 1.3902539 | AD10: =+X10/(D10+(N10/1.27)) -> 0.53429491 | AE10: =+Y10/(G10+(O10/1.27)) -> 0.98576582 | AF10: =+Z10/(J10+(P10/1.27)) -> 0.68541066 | AJ10: =AI10+Z10 -> 72943 | AK10: =+AL10+AM10 -> 106422.33 | AL10: =+AN10+D10 -> 70800.787 | AM10: =+AO10+G10 -> 35621.543 | AN10: =+N10/1.27 -> 2252.7874 | AO10: =+O10/1.27 -> 1805.5433 | AP10: =+AO10+AN10 -> 4058.3307 | AQ10: =+AP10-S10 -> 0 | AR10: =+AP10+J10 -> 106422.33
B11: 45386 | C11: ='55 REV-'!D12+'50 REV'!D11 -> 45000 | D11: ='55 REV-'!M12+'50 REV'!L11 -> 39908 | E11: ='55 REV-'!H12+'50 REV'!G11 -> 2 | F11: fleet | G11: ='55 REV-'!J12+'50 REV'!I11 -> 32824 | H11: ='55 REV-'!K12+'50 REV'!J11 -> 11 | I11: fleet | J11: =+G11+D11 -> 72732 | K11: =IFERROR(+J11/C11,"") -> 1.6162667 | L11: =IFERROR(J11/C11,"") -> 1.6162667 | M11: ='55 REV-'!R12+'50 REV'!O11 -> 3775 | N11: ='55 REV-'!T12+'50 REV'!Q11 -> 884.08 | O11: ='55 REV-'!U12+'50 REV'!R11 -> 2759.35 | P11: =+O11+N11 -> 3643.43 | Q11: =IFERROR(+P11/M11,"") -> 0.96514702 | R11: =+'[1]Daily All PIT'!O11 -> 77 | S11: =+P11/1.27 -> 2868.8425 | T11: =J11+S11 -> 75600.843 | U11: =+'PIT GAR 42'!R11+#REF! -> #REF! | V11: =+'PIT GAR 42'!S11+#REF! -> #REF! | W11: =U11+V11 -> #REF! | X11: ='55 REV-'!Z12+'50 REV'!W11 -> 11337 | Y11: ='55 REV-'!AA12+'50 REV'!X11 -> 32148 | Z11: =+X11+Y11 -> 43485 | AA11: =+IFERROR(C11/M11,0) -> 11.92053 | AB11: =+IFERROR(J11/P11,0) -> 19.962508 | AC11: =IFERROR(+AB11/AA11,"") -> 1.6746326 | AD11: =+X11/(D11+(N11/1.27)) -> 0.27920808 | AE11: =+Y11/(G11+(O11/1.27)) -> 0.91860046 | AF11: =+Z11/(J11+(P11/1.27)) -> 0.575192 | AJ11: =AI11+Z11 -> 43485 | AK11: =+AL11+AM11 -> 75600.843 | AL11: =+AN11+D11 -> 40604.126 | AM11: =+AO11+G11 -> 34996.717 | AN11: =+N11/1.27 -> 696.12598 | AO11: =+O11/1.27 -> 2172.7165 | AP11: =+AO11+AN11 -> 2868.8425 | AQ11: =+AP11-S11 -> 0 | AR11: =+AP11+J11 -> 75600.843
B12: 45387 | C12: ='55 REV-'!D13+'50 REV'!D12 -> 90000 | D12: ='55 REV-'!M13+'50 REV'!L12 -> 78462 | E12: ='55 REV-'!H13+'50 REV'!G12 -> 11 | F12: fleet | G12: ='55 REV-'!J13+'50 REV'!I12 -> 37758 | H12: ='55 REV-'!K13+'50 REV'!J12 -> 10 | I12: fleet | J12: =+G12+D12 -> 116220 | K12: =IFERROR(+J12/C12,"") -> 1.2913333 | L12: =IFERROR(J12/C12,"") -> 1.2913333 | M12: ='55 REV-'!R13+'50 REV'!O12 -> 6300 | N12: ='55 REV-'!T13+'50 REV'!Q12 -> 2560.3 | O12: ='55 REV-'!U13+'50 REV'!R12 -> 2667.64 | P12: =+O12+N12 -> 5227.94 | Q12: =IFERROR(+P12/M12,"") -> 0.82983175 | R12: =+'[1]Daily All PIT'!O12 -> 35 | S12: =+P12/1.27 -> 4116.4882 | T12: =J12+S12 -> 120336.49 | U12: =+'PIT GAR 42'!R12+#REF! -> #REF! | V12: =+'PIT GAR 42'!S12+#REF! -> #REF! | W12: =U12+V12 -> #REF! | X12: ='55 REV-'!Z13+'50 REV'!W12 -> 36696 | Y12: ='55 REV-'!AA13+'50 REV'!X12 -> 38829 | Z12: =+X12+Y12 -> 75525 | AA12: =+IFERROR(C12/M12,0) -> 14.285714 | AB12: =+IFERROR(J12/P12,0) -> 22.230554 | AC12: =IFERROR(+AB12/AA12,"") -> 1.5561387 | AD12: =+X12/(D12+(N12/1.27)) -> 0.45597564 | AE12: =+Y12/(G12+(O12/1.27)) -> 0.97417103 | AF12: =+Z12/(J12+(P12/1.27)) -> 0.62761512 | AJ12: =AI12+Z12 -> 75525 | AK12: =+AL12+AM12 -> 120336.49 | AL12: =+AN12+D12 -> 80477.984 | AM12: =+AO12+G12 -> 39858.504 | AN12: =+N12/1.27 -> 2015.9843 | AO12: =+O12/1.27 -> 2100.5039 | AP12: =+AO12+AN12 -> 4116.4882 | AQ12: =+AP12-S12 -> 0 | AR12: =+AP12+J12 -> 120336.49
B13: 45388 | C13: ='55 REV-'!D14+'50 REV'!D13 -> 90000 | D13: ='55 REV-'!M14+'50 REV'!L13 -> 69988 | E13: ='55 REV-'!H14+'50 REV'!G13 -> 11 | F13: fleet | G13: ='55 REV-'!J14+'50 REV'!I13 -> 32526 | H13: ='55 REV-'!K14+'50 REV'!J13 -> 11 | I13: fleet | J13: =+G13+D13 -> 102514 | K13: =IFERROR(+J13/C13,"") -> 1.1390444 | L13: =IFERROR(J13/C13,"") -> 1.1390444 | M13: ='55 REV-'!R14+'50 REV'!O13 -> 6300 | N13: ='55 REV-'!T14+'50 REV'!Q13 -> 3446.83 | O13: ='55 REV-'!U14+'50 REV'!R13 -> 3341.47 | P13: =+O13+N13 -> 6788.3 | Q13: =IFERROR(+P13/M13,"") -> 1.0775079 | R13: =+'[1]Daily All PIT'!O13 -> 83 | S13: =+P13/1.27 -> 5345.1181 | T13: =J13+S13 -> 107859.12 | U13: =+'PIT GAR 42'!R13+#REF! -> #REF! | V13: =+'PIT GAR 42'!S13+#REF! -> #REF! | W13: =U13+V13 -> #REF! | X13: ='55 REV-'!Z14+'50 REV'!W13 -> 35817 | Y13: ='55 REV-'!AA14+'50 REV'!X13 -> 36960 | Z13: =+X13+Y13 -> 72777 | AA13: =+IFERROR(C13/M13,0) -> 14.285714 | AB13: =+IFERROR(J13/P13,0) -> 15.101572 | AC13: =IFERROR(+AB13/AA13,"") -> 1.05711 | AD13: =+X13/(D13+(N13/1.27)) -> 0.49265468 | AE13: =+Y13/(G13+(O13/1.27)) -> 1.0512819 | AF13: =+Z13/(J13+(P13/1.27)) -> 0.67474129 | AJ13: =AI13+Z13 -> 72777 | AK13: =+AL13+AM13 -> 107859.12 | AL13: =+AN13+D13 -> 72702.039 | AM13: =+AO13+G13 -> 35157.079 | AN13: =+N13/1.27 -> 2714.0394 | AO13: =+O13/1.27 -> 2631.0787 | AP13: =+AO13+AN13 -> 5345.1181 | AQ13: =+AP13-S13 -> 0 | AR13: =+AP13+J13 -> 107859.12
B14: 45389 | C14: ='55 REV-'!D15+'50 REV'!D14 -> 90000 | D14: ='55 REV-'!M15+'50 REV'!L14 -> 60698 | E14: ='55 REV-'!H15+'50 REV'!G14 -> 10 | F14: fleet | G14: ='55 REV-'!J15+'50 REV'!I14 -> 24264 | H14: ='55 REV-'!K15+'50 REV'!J14 -> 10 | I14: fleet | J14: =+G14+D14 -> 84962 | K14: =IFERROR(+J14/C14,"") -> 0.94402222 | L14: =IFERROR(J14/C14,"") -> 0.94402222 | M14: ='55 REV-'!R15+'50 REV'!O14 -> 6300 | N14: ='55 REV-'!T15+'50 REV'!Q14 -> 2728.04 | O14: ='55 REV-'!U15+'50 REV'!R14 -> 1832.59 | P14: =+O14+N14 -> 4560.63 | Q14: =IFERROR(+P14/M14,"") -> 0.72390952 | R14: =+'[1]Daily All PIT'!O14 -> 40 | S14: =+P14/1.27 -> 3591.0472 | T14: =J14+S14 -> 88553.047 | U14: =+'PIT GAR 42'!R14+#REF! -> #REF! | V14: =+'PIT GAR 42'!S14+#REF! -> #REF! | W14: =U14+V14 -> #REF! | X14: ='55 REV-'!Z15+'50 REV'!W14 -> 34825 | Y14: ='55 REV-'!AA15+'50 REV'!X14 -> 37362 | Z14: =+X14+Y14 -> 72187 | AA14: =+IFERROR(C14/M14,0) -> 14.285714 | AB14: =+IFERROR(J14/P14,0) -> 18.629444 | AC14: =IFERROR(+AB14/AA14,"") -> 1.3040611 | AD14: =+X14/(D14+(N14/1.27)) -> 0.55413177 | AE14: =+Y14/(G14+(O14/1.27)) -> 1.4533793 | AF14: =+Z14/(J14+(P14/1.27)) -> 0.81518369 | AJ14: =AI14+Z14 -> 72187 | AK14: =+AL14+AM14 -> 88553.047 | AL14: =+AN14+D14 -> 62846.063 | AM14: =+AO14+G14 -> 25706.984 | AN14: =+N14/1.27 -> 2148.063 | AO14: =+O14/1.27 -> 1442.9843 | AP14: =+AO14+AN14 -> 3591.0472 | AQ14: =+AP14-S14 -> 0 | AR14: =+AP14+J14 -> 88553.047
B15: 45390 | C15: ='55 REV-'!D16+'50 REV'!D15 -> 90000 | D15: ='55 REV-'!M16+'50 REV'!L15 -> 38880 | E15: ='55 REV-'!H16+'50 REV'!G15 -> 10 | F15: fleet | G15: ='55 REV-'!J16+'50 REV'!I15 -> 10250 | H15: ='55 REV-'!K16+'50 REV'!J15 -> 11 | I15: fleet | J15: =+G15+D15 -> 49130 | K15: =IFERROR(+J15/C15,"") -> 0.54588889 | L15: =IFERROR(J15/C15,"") -> 0.54588889 | M15: ='55 REV-'!R16+'50 REV'!O15 -> 6300 | N15: ='55 REV-'!T16+'50 REV'!Q15 -> 1884.3 | O15: ='55 REV-'!U16+'50 REV'!R15 -> 1001.74 | P15: =+O15+N15 -> 2886.04 | Q15: =IFERROR(+P15/M15,"") -> 0.45810159 | R15: =+'[1]Daily All PIT'!O15 -> 66 | S15: =+P15/1.27 -> 2272.4724 | T15: =J15+S15 -> 51402.472 | U15: =+'PIT GAR 42'!R15+#REF! -> #REF! | V15: =+'PIT GAR 42'!S15+#REF! -> #REF! | W15: =U15+V15 -> #REF! | X15: ='55 REV-'!Z16+'50 REV'!W15 -> 30667 | Y15: ='55 REV-'!AA16+'50 REV'!X15 -> 26609 | Z15: =+X15+Y15 -> 57276 | AA15: =+IFERROR(C15/M15,0) -> 14.285714 | AB15: =+IFERROR(J15/P15,0) -> 17.023326 | AC15: =IFERROR(+AB15/AA15,"") -> 1.1916328 | AD15: =+X15/(D15+(N15/1.27)) -> 0.75976681 | AE15: =+Y15/(G15+(O15/1.27)) -> 2.4105037 | AF15: =+Z15/(J15+(P15/1.27)) -> 1.1142655 | AJ15: =AI15+Z15 -> 57276 | AK15: =+AL15+AM15 -> 51402.472 | AL15: =+AN15+D15 -> 40363.701 | AM15: =+AO15+G15 -> 11038.772 | AN15: =+N15/1.27 -> 1483.7008 | AO15: =+O15/1.27 -> 788.77165 | AP15: =+AO15+AN15 -> 2272.4724 | AQ15: =+AP15-S15 -> 0 | AR15: =+AP15+J15 -> 51402.472
B16: 45391 | C16: ='55 REV-'!D17+'50 REV'!D16 -> 90000 | D16: ='55 REV-'!M17+'50 REV'!L16 -> 61242 | E16: ='55 REV-'!H17+'50 REV'!G16 -> 10 | F16: fleet | G16: ='55 REV-'!J17+'50 REV'!I16 -> 37380 | H16: ='55 REV-'!K17+'50 REV'!J16 -> 10 | I16: fleet | J16: =+G16+D16 -> 98622 | K16: =IFERROR(+J16/C16,"") -> 1.0958 | L16: =IFERROR(J16/C16,"") -> 1.0958 | M16: ='55 REV-'!R17+'50 REV'!O16 -> 6300 | N16: ='55 REV-'!T17+'50 REV'!Q16 -> 1570.72 | O16: ='55 REV-'!U17+'50 REV'!R16 -> 1663.48 | P16: =+O16+N16 -> 3234.2 | Q16: =IFERROR(+P16/M16,"") -> 0.51336508 | R16: =+'[1]Daily All PIT'!O16 -> 0 | S16: =+P16/1.27 -> 2546.6142 | T16: =J16+S16 -> 101168.61 | U16: =+'PIT GAR 42'!R16+#REF! -> #REF! | V16: =+'PIT GAR 42'!S16+#REF! -> #REF! | W16: =U16+V16 -> #REF! | X16: ='55 REV-'!Z17+'50 REV'!W16 -> 15147 | Y16: ='55 REV-'!AA17+'50 REV'!X16 -> 29363 | Z16: =+X16+Y16 -> 44510 | AA16: =+IFERROR(C16/M16,0) -> 14.285714 | AB16: =+IFERROR(J16/P16,0) -> 30.493476 | AC16: =IFERROR(+AB16/AA16,"") -> 2.1345433 | AD16: =+X16/(D16+(N16/1.27)) -> 0.24243428 | AE16: =+Y16/(G16+(O16/1.27)) -> 0.75893335 | AF16: =+Z16/(J16+(P16/1.27)) -> 0.43995858 | AJ16: =AI16+Z16 -> 44510 | AK16: =+AL16+AM16 -> 101168.61 | AL16: =+AN16+D16 -> 62478.787 | AM16: =+AO16+G16 -> 38689.827 | AN16: =+N16/1.27 -> 1236.7874 | AO16: =+O16/1.27 -> 1309.8268 | AP16: =+AO16+AN16 -> 2546.6142 | AQ16: =+AP16-S16 -> 0 | AR16: =+AP16+J16 -> 101168.61
B17: 45392 | C17: ='55 REV-'!D18+'50 REV'!D17 -> 90000 | D17: ='55 REV-'!M18+'50 REV'!L17 -> 69692 | E17: ='55 REV-'!H18+'50 REV'!G17 -> 11 | F17: fleet | G17: ='55 REV-'!J18+'50 REV'!I17 -> 33246 | H17: ='55 REV-'!K18+'50 REV'!J17 -> 10 | I17: fleet | J17: =+G17+D17 -> 102938 | K17: =IFERROR(+J17/C17,"") -> 1.1437556 | L17: =IFERROR(J17/C17,"") -> 1.1437556 | M17: ='55 REV-'!R18+'50 REV'!O17 -> 6300 | N17: ='55 REV-'!T18+'50 REV'!Q17 -> 2125.72 | O17: ='55 REV-'!U18+'50 REV'!R17 -> 1892.57 | P17: =+O17+N17 -> 4018.29 | Q17: =IFERROR(+P17/M17,"") -> 0.63782381 | R17: =+'[1]Daily All PIT'!O17 -> 61 | S17: =+P17/1.27 -> 3164.0079 | T17: =J17+S17 -> 106102.01 | U17: =+'PIT GAR 42'!R17+#REF! -> #REF! | V17: =+'PIT GAR 42'!S17+#REF! -> #REF! | W17: =U17+V17 -> #REF! | X17: ='55 REV-'!Z18+'50 REV'!W17 -> 34120 | Y17: ='55 REV-'!AA18+'50 REV'!X17 -> 31331 | Z17: =+X17+Y17 -> 65451 | AA17: =+IFERROR(C17/M17,0) -> 14.285714 | AB17: =+IFERROR(J17/P17,0) -> 25.617365 | AC17: =IFERROR(+AB17/AA17,"") -> 1.7932155 | AD17: =+X17/(D17+(N17/1.27)) -> 0.47810019 | AE17: =+Y17/(G17+(O17/1.27)) -> 0.90196938 | AF17: =+Z17/(J17+(P17/1.27)) -> 0.61686863 | AJ17: =AI17+Z17 -> 65451 | AK17: =+AL17+AM17 -> 106102.01 | AL17: =+AN17+D17 -> 71365.795 | AM17: =+AO17+G17 -> 34736.213 | AN17: =+N17/1.27 -> 1673.7953 | AO17: =+O17/1.27 -> 1490.2126 | AP17: =+AO17+AN17 -> 3164.0079 | AQ17: =+AP17-S17 -> 0 | AR17: =+AP17+J17 -> 106102.01
B18: 45393 | C18: ='55 REV-'!D19+'50 REV'!D18 -> 45000 | D18: ='55 REV-'!M19+'50 REV'!L18 -> 40132 | E18: ='55 REV-'!H19+'50 REV'!G18 -> 2 | F18: fleet | G18: ='55 REV-'!J19+'50 REV'!I18 -> 31288 | H18: ='55 REV-'!K19+'50 REV'!J18 -> 10 | I18: fleet | J18: =+G18+D18 -> 71420 | K18: =IFERROR(+J18/C18,"") -> 1.5871111 | L18: =IFERROR(J18/C18,"") -> 1.5871111 | M18: ='55 REV-'!R19+'50 REV'!O18 -> 3775 | N18: ='55 REV-'!T19+'50 REV'!Q18 -> 557.18 | O18: ='55 REV-'!U19+'50 REV'!R18 -> 2379.49 | P18: =O18+N18 -> 2936.67 | Q18: =IFERROR(+P18/M18,"") -> 0.77792583 | R18: =+'[1]Daily All PIT'!O18 -> 34 | S18: =+P18/1.27 -> 2312.3386 | T18: =J18+S18 -> 73732.339 | U18: =+'PIT GAR 42'!R18+#REF! -> #REF! | V18: =+'PIT GAR 42'!S18+#REF! -> #REF! | W18: =U18+V18 -> #REF! | X18: ='55 REV-'!Z19+'50 REV'!W18 -> 10998 | Y18: ='55 REV-'!AA19+'50 REV'!X18 -> 29584 | Z18: =+X18+Y18 -> 40582 | AA18: =+IFERROR(C18/M18,0) -> 11.92053 | AB18: =+IFERROR(J18/P18,0) -> 24.320063 | AC18: =IFERROR(+AB18/AA18,"") -> 2.0401831 | AD18: =+X18/(D18+(N18/1.27)) -> 0.27108217 | AE18: =+Y18/(G18+(O18/1.27)) -> 0.8921158 | AF18: =+Z18/(J18+(P18/1.27)) -> 0.55039621 | AJ18: =AI18+Z18 -> 40582 | AK18: =+AL18+AM18 -> 73732.339 | AL18: =+AN18+D18 -> 40570.724 | AM18: =+AO18+G18 -> 33161.614 | AN18: =+N18/1.27 -> 438.72441 | AO18: =+O18/1.27 -> 1873.6142 | AP18: =+AO18+AN18 -> 2312.3386 | AQ18: =+AP18-S18 -> 0 | AR18: =+AP18+J18 -> 73732.339 | AT18: 20.1
B19: 45394 | C19: ='55 REV-'!D20+'50 REV'!D19 -> 90000 | D19: ='55 REV-'!M20+'50 REV'!L19 -> 70236 | E19: ='55 REV-'!H20+'50 REV'!G19 -> 10 | F19: fleet | G19: ='55 REV-'!J20+'50 REV'!I19 -> 35100 | H19: ='55 REV-'!K20+'50 REV'!J19 -> 10 | I19: fleet | J19: =+G19+D19 -> 105336 | K19: =IFERROR(+J19/C19,"") -> 1.1704 | L19: =IFERROR(J19/C19,"") -> 1.1704 | M19: ='55 REV-'!R20+'50 REV'!O19 -> 6300 | N19: ='55 REV-'!T20+'50 REV'!Q19 -> 2374.15 | O19: ='55 REV-'!U20+'50 REV'!R19 -> 2618.25 | P19: =+O19+N19 -> 4992.4 | Q19: =IFERROR(+P19/M19,"") -> 0.79244444 | R19: =+'[1]Daily All PIT'!O19 -> 63 | S19: =+P19/1.27 -> 3931.0236 | T19: =J19+S19 -> 109267.02 | U19: =+'PIT GAR 42'!R19+#REF! -> #REF! | V19: =+'PIT GAR 42'!S19+#REF! -> #REF! | W19: =U19+V19 -> #REF! | X19: ='55 REV-'!Z20+'50 REV'!W19 -> 36398 | Y19: ='55 REV-'!AA20+'50 REV'!X19 -> 29261 | Z19: =+X19+Y19 -> 65659 | AA19: =+IFERROR(C19/M19,0) -> 14.285714 | AB19: =+IFERROR(J19/P19,0) -> 21.099271 | AC19: =IFERROR(+AB19/AA19,"") -> 1.476949 | AD19: =+X19/(D19+(N19/1.27)) -> 0.50478876 | AE19: =+Y19/(G19+(O19/1.27)) -> 0.78739852 | AF19: =+Z19/(J19+(P19/1.27)) -> 0.60090408 | AJ19: =AI19+Z19 -> 65659 | AK19: =+AL19+AM19 -> 109267.02 | AL19: =+AN19+D19 -> 72105.409 | AM19: =+AO19+G19 -> 37161.614 | AN19: =+N19/1.27 -> 1869.4094 | AO19: =+O19/1.27 -> 2061.6142 | AP19: =+AO19+AN19 -> 3931.0236 | AQ19: =+AP19-S19 -> 0 | AR19: =+AP19+J19 -> 109267.02 | AT19: 19.76
B20: 45395 | C20: ='55 REV-'!D21+'50 REV'!D20 -> 90000 | D20: ='55 REV-'!M21+'50 REV'!L20 -> 0 | E20: ='55 REV-'!H21+'50 REV'!G20 -> 0 | F20: fleet | G20: ='55 REV-'!J21+'50 REV'!I20 -> 0 | H20: ='55 REV-'!K21+'50 REV'!J20 -> 0 | I20: fleet | J20: =+G20+D20 -> 0 | K20: =IFERROR(+J20/C20,"") -> 0 | L20: =IFERROR(J20/C20,"") -> 0 | M20: ='55 REV-'!R21+'50 REV'!O20 -> 6300 | N20: ='55 REV-'!T21+'50 REV'!Q20 -> 0 | O20: ='55 REV-'!U21+'50 REV'!R20 -> 0 | P20: =O20+N20 -> 0 | Q20: =IFERROR(+P20/M20,"") -> 0 | R20: =+'[1]Daily All PIT'!O20 -> 80 | S20: =+P20/1.27 -> 0 | T20: =J20+S20 -> 0 | U20: =+'PIT GAR 42'!R20+#REF! -> #REF! | V20: =+'PIT GAR 42'!S20+#REF! -> #REF! | W20: =U20+V20 -> #REF! | X20: ='55 REV-'!Z21+'50 REV'!W20 -> 0 | Y20: ='55 REV-'!AA21+'50 REV'!X20 -> 0 | Z20: =+X20+Y20 -> 0 | AA20: =+IFERROR(C20/M20,0) -> 14.285714 | AB20: =+IFERROR(J20/P20,0) -> 0 | AC20: =IFERROR(+AB20/AA20,"") -> 0 | AD20: =+X20/(D20+(N20/1.27)) -> #DIV/0! | AE20: =+Y20/(G20+(O20/1.27)) -> #DIV/0! | AF20: =+Z20/(J20+(P20/1.27)) -> #DIV/0! | AJ20: =AI20+Z20 -> 0 | AK20: =+AL20+AM20 -> 0 | AL20: =+AN20+D20 -> 0 | AM20: =+AO20+G20 -> 0 | AN20: =+N20/1.27 -> 0 | AO20: =+O20/1.27 -> 0 | AP20: =+AO20+AN20 -> 0 | AQ20: =+AP20-S20 -> 0 | AR20: =+AP20+J20 -> 0 | AT20: 20.06
B21: 45396 | C21: ='55 REV-'!D22+'50 REV'!D21 -> 90000 | D21: ='55 REV-'!M22+'50 REV'!L21 -> 0 | E21: ='55 REV-'!H22+'50 REV'!G21 -> 0 | F21: fleet | G21: ='55 REV-'!J22+'50 REV'!I21 -> 0 | H21: ='55 REV-'!K22+'50 REV'!J21 -> 0 | I21: fleet | J21: =+G21+D21 -> 0 | K21: =IFERROR(+J21/C21,"") -> 0 | L21: =IFERROR(J21/C21,"") -> 0 | M21: ='55 REV-'!R22+'50 REV'!O21 -> 6300 | N21: ='55 REV-'!T22+'50 REV'!Q21 -> 0 | O21: ='55 REV-'!U22+'50 REV'!R21 -> 0 | P21: =O21+N21 -> 0 | Q21: =IFERROR(+P21/M21,"") -> 0 | R21: =+'[1]Daily All PIT'!O21 -> 61 | S21: =+P21/1.27 -> 0 | T21: =J21+S21 -> 0 | U21: =+'PIT GAR 42'!R21+#REF! -> #REF! | V21: =+'PIT GAR 42'!S21+#REF! -> #REF! | W21: =U21+V21 -> #REF! | X21: ='55 REV-'!Z22+'50 REV'!W21 -> 0 | Y21: ='55 REV-'!AA22+'50 REV'!X21 -> 0 | Z21: =+X21+Y21 -> 0 | AA21: =+IFERROR(C21/M21,0) -> 14.285714 | AB21: =+IFERROR(J21/P21,0) -> 0 | AC21: =IFERROR(+AB21/AA21,"") -> 0 | AD21: =+X21/(D21+(N21/1.27)) -> #DIV/0! | AE21: =+Y21/(G21+(O21/1.27)) -> #DIV/0! | AF21: =+Z21/(J21+(P21/1.27)) -> #DIV/0! | AJ21: =AI21+Z21 -> 0 | AK21: =+AL21+AM21 -> 0 | AL21: =+AN21+D21 -> 0 | AM21: =+AO21+G21 -> 0 | AN21: =+N21/1.27 -> 0 | AO21: =+O21/1.27 -> 0 | AP21: =+AO21+AN21 -> 0 | AQ21: =+AP21-S21 -> 0 | AR21: =+AP21+J21 -> 0 | AT21: 20.97
B22: 45397 | C22: ='55 REV-'!D23+'50 REV'!D22 -> 90000 | D22: ='55 REV-'!M23+'50 REV'!L22 -> 0 | E22: ='55 REV-'!H23+'50 REV'!G22 -> 0 | F22: fleet | G22: ='55 REV-'!J23+'50 REV'!I22 -> 0 | H22: ='55 REV-'!K23+'50 REV'!J22 -> 0 | I22: fleet | J22: =+G22+D22 -> 0 | K22: =IFERROR(+J22/C22,"") -> 0 | L22: =IFERROR(J22/C22,"") -> 0 | M22: ='55 REV-'!R23+'50 REV'!O22 -> 6300 | N22: ='55 REV-'!T23+'50 REV'!Q22 -> 0 | O22: ='55 REV-'!U23+'50 REV'!R22 -> 0 | P22: =+O22+N22 -> 0 | Q22: =IFERROR(+P22/M22,"") -> 0 | R22: 112 | S22: 2015.5197 | T22: 40751.52 | U22: 0 | V22: 0 | W22: 0 | X22: ='55 REV-'!Z23+'50 REV'!W22 -> 0 | Y22: ='55 REV-'!AA23+'50 REV'!X22 -> 0 | Z22: =+X22+Y22 -> 0 | AA22: =+IFERROR(C22/M22,0) -> 14.285714 | AB22: =+IFERROR(J22/P22,0) -> 0 | AC22: =IFERROR(+AB22/AA22,"") -> 0 | AD22: =+X22/(D22+(N22/1.27)) -> #DIV/0! | AE22: =+Y22/(G22+(O22/1.27)) -> #DIV/0! | AF22: =+Z22/(J22+(P22/1.27)) -> #DIV/0! | AJ22: =AI22+Z22 -> 0 | AK22: =+AL22+AM22 -> 0 | AL22: =+AN22+D22 -> 0 | AM22: =+AO22+G22 -> 0 | AN22: =+N22/1.27 -> 0 | AO22: =+O22/1.27 -> 0 | AP22: =+AO22+AN22 -> 0 | AQ22: =+AP22-S22 -> -2015.5197 | AR22: =+AP22+J22 -> 0 | AT22: 19.56
B23: 45398 | C23: ='55 REV-'!D24+'50 REV'!D23 -> 90000 | D23: ='55 REV-'!M24+'50 REV'!L23 -> 0 | E23: ='55 REV-'!H24+'50 REV'!G23 -> 0 | F23: fleet | G23: ='55 REV-'!J24+'50 REV'!I23 -> 0 | H23: ='55 REV-'!K24+'50 REV'!J23 -> 0 | I23: fleet | J23: =+G23+D23 -> 0 | K23: =IFERROR(+J23/C23,"") -> 0 | L23: =IFERROR(J23/C23,"") -> 0 | M23: ='55 REV-'!R24+'50 REV'!O23 -> 6300 | N23: ='55 REV-'!T24+'50 REV'!Q23 -> 0 | O23: ='55 REV-'!U24+'50 REV'!R23 -> 0 | P23: =+O23+N23 -> 0 | Q23: =IFERROR(+P23/M23,"") -> 0 | R23: 128 | S23: 2405.6378 | T23: 42821.638 | U23: 0 | V23: 0 | W23: 0 | X23: ='55 REV-'!Z24+'50 REV'!W23 -> 0 | Y23: ='55 REV-'!AA24+'50 REV'!X23 -> 0 | Z23: =+X23+Y23 -> 0 | AA23: =+IFERROR(C23/M23,0) -> 14.285714 | AB23: =+IFERROR(J23/P23,0) -> 0 | AC23: =IFERROR(+AB23/AA23,"") -> 0 | AD23: =+X23/(D23+(N23/1.27)) -> #DIV/0! | AE23: =+Y23/(G23+(O23/1.27)) -> #DIV/0! | AF23: =+Z23/(J23+(P23/1.27)) -> #DIV/0! | AJ23: =AI23+Z23 -> 0 | AK23: =+AL23+AM23 -> 0 | AL23: =+AN23+D23 -> 0 | AM23: =+AO23+G23 -> 0 | AN23: =+N23/1.27 -> 0 | AO23: =+O23/1.27 -> 0 | AP23: =+AO23+AN23 -> 0 | AQ23: =+AP23-S23 -> -2405.6378 | AR23: =+AP23+J23 -> 0 | AT23: 22.16
B24: 45399 | C24: ='55 REV-'!D25+'50 REV'!D24 -> 90000 | D24: ='55 REV-'!M25+'50 REV'!L24 -> 0 | E24: ='55 REV-'!H25+'50 REV'!G24 -> 0 | F24: fleet | G24: ='55 REV-'!J25+'50 REV'!I24 -> 0 | H24: ='55 REV-'!K25+'50 REV'!J24 -> 0 | I24: fleet | J24: =+G24+D24 -> 0 | K24: =IFERROR(+J24/C24,"") -> 0 | L24: =IFERROR(J24/C24,"") -> 0 | M24: ='55 REV-'!R25+'50 REV'!O24 -> 6300 | N24: ='55 REV-'!T25+'50 REV'!Q24 -> 0 | O24: ='55 REV-'!U25+'50 REV'!R24 -> 0 | P24: =+O24+N24 -> 0 | Q24: =IFERROR(+P24/M24,"") -> 0 | R24: 64 | S24: 1188.748 | T24: 41940.748 | U24: 0 | V24: 0 | W24: 0 | X24: ='55 REV-'!Z25+'50 REV'!W24 -> 0 | Y24: ='55 REV-'!AA25+'50 REV'!X24 -> 0 | Z24: =+X24+Y24 -> 0 | AA24: =+IFERROR(C24/M24,0) -> 14.285714 | AB24: =+IFERROR(J24/P24,0) -> 0 | AC24: =IFERROR(+AB24/AA24,"") -> 0 | AD24: =+X24/(D24+(N24/1.27)) -> #DIV/0! | AE24: =+Y24/(G24+(O24/1.27)) -> #DIV/0! | AF24: =+Z24/(J24+(P24/1.27)) -> #DIV/0! | AJ24: =AI24+Z24 -> 0 | AK24: =+AL24+AM24 -> 0 | AL24: =+AN24+D24 -> 0 | AM24: =+AO24+G24 -> 0 | AN24: =+N24/1.27 -> 0 | AO24: =+O24/1.27 -> 0 | AP24: =+AO24+AN24 -> 0 | AQ24: =+AP24-S24 -> -1188.748 | AR24: =+AP24+J24 -> 0 | AT24: 21.71
B25: 45400 | C25: ='55 REV-'!D26+'50 REV'!D25 -> 45000 | D25: ='55 REV-'!M26+'50 REV'!L25 -> 0 | E25: ='55 REV-'!H26+'50 REV'!G25 -> 0 | F25: fleet | G25: ='55 REV-'!J26+'50 REV'!I25 -> 0 | H25: ='55 REV-'!K26+'50 REV'!J25 -> 0 | I25: fleet | J25: =+G25+D25 -> 0 | K25: =IFERROR(+J25/C25,"") -> 0 | L25: =IFERROR(J25/C25,"") -> 0 | M25: ='55 REV-'!R26+'50 REV'!O25 -> 3775 | N25: ='55 REV-'!T26+'50 REV'!Q25 -> 0 | O25: ='55 REV-'!U26+'50 REV'!R25 -> 0 | P25: =+O25+N25 -> 0 | Q25: =IFERROR(+P25/M25,"") -> 0 | R25: 80 | S25: 1452.7165 | T25: 32940.717 | U25: 0 | V25: 0 | W25: 0 | X25: ='55 REV-'!Z26+'50 REV'!W25 -> 0 | Y25: ='55 REV-'!AA26+'50 REV'!X25 -> 0 | Z25: =+X25+Y25 -> 0 | AA25: =+IFERROR(C25/M25,0) -> 11.92053 | AB25: =+IFERROR(J25/P25,0) -> 0 | AC25: =IFERROR(+AB25/AA25,"") -> 0 | AD25: =+X25/(D25+(N25/1.27)) -> #DIV/0! | AE25: =+Y25/(G25+(O25/1.27)) -> #DIV/0! | AF25: =+Z25/(J25+(P25/1.27)) -> #DIV/0! | AJ25: =AI25+Z25 -> 0 | AK25: =+AL25+AM25 -> 0 | AL25: =+AN25+D25 -> 0 | AM25: =+AO25+G25 -> 0 | AN25: =+N25/1.27 -> 0 | AO25: =+O25/1.27 -> 0 | AP25: =+AO25+AN25 -> 0 | AQ25: =+AP25-S25 -> -1452.7165 | AR25: =+AP25+J25 -> 0 | AT25: 22.24
A26: P | B26: 45401 | C26: ='55 REV-'!D27+'50 REV'!D26 -> 90000 | D26: ='55 REV-'!M27+'50 REV'!L26 -> 0 | E26: ='55 REV-'!H27+'50 REV'!G26 -> 0 | F26: fleet | G26: ='55 REV-'!J27+'50 REV'!I26 -> 0 | H26: ='55 REV-'!K27+'50 REV'!J26 -> 0 | I26: fleet | J26: =+G26+D26 -> 0 | K26: =IFERROR(+J26/C26,"") -> 0 | L26: =IFERROR(J26/C26,"") -> 0 | M26: ='55 REV-'!R27+'50 REV'!O26 -> 6300 | N26: ='55 REV-'!T27+'50 REV'!Q26 -> 0 | O26: ='55 REV-'!U27+'50 REV'!R26 -> 0 | P26: =+O26+N26 -> 0 | Q26: =IFERROR(+P26/M26,"") -> 0 | R26: =+'[1]Daily All PIT'!O26 -> 80 | S26: =+P26/1.27 -> 0 | T26: =J26+S26 -> 0 | U26: =+'PIT GAR 42'!R26+#REF! -> #REF! | V26: =+'PIT GAR 42'!S26+#REF! -> #REF! | W26: =U26+V26 -> #REF! | X26: ='55 REV-'!Z27+'50 REV'!W26 -> 0 | Y26: ='55 REV-'!AA27+'50 REV'!X26 -> 0 | Z26: =+X26+Y26 -> 0 | AA26: =+IFERROR(C26/M26,0) -> 14.285714 | AB26: =+IFERROR(J26/P26,0) -> 0 | AC26: =IFERROR(+AB26/AA26,"") -> 0 | AD26: =+X26/(D26+(N26/1.27)) -> #DIV/0! | AE26: =+Y26/(G26+(O26/1.27)) -> #DIV/0! | AF26: =+Z26/(J26+(P26/1.27)) -> #DIV/0! | AJ26: =AI26+Z26 -> 0 | AK26: =+AL26+AM26 -> 0 | AL26: =+AN26+D26 -> 0 | AM26: =+AO26+G26 -> 0 | AN26: =+N26/1.27 -> 0 | AO26: =+O26/1.27 -> 0 | AP26: =+AO26+AN26 -> 0 | AQ26: =+AP26-S26 -> 0 | AR26: =+AP26+J26 -> 0 | AT26: 21.9
B27: 45402 | C27: ='55 REV-'!D28+'50 REV'!D27 -> 90000 | D27: ='55 REV-'!M28+'50 REV'!L27 -> 0 | E27: ='55 REV-'!H28+'50 REV'!G27 -> 0 | F27: fleet | G27: ='55 REV-'!J28+'50 REV'!I27 -> 0 | H27: ='55 REV-'!K28+'50 REV'!J27 -> 0 | I27: fleet | J27: =+G27+D27 -> 0 | K27: =IFERROR(+J27/C27,"") -> 0 | L27: =IFERROR(J27/C27,"") -> 0 | M27: ='55 REV-'!R28+'50 REV'!O27 -> 6300 | N27: ='55 REV-'!T28+'50 REV'!Q27 -> 0 | O27: ='55 REV-'!U28+'50 REV'!R27 -> 0 | P27: =+O27+N27 -> 0 | Q27: =IFERROR(+P27/M27,"") -> 0 | R27: =+'[1]Daily All PIT'!O27 -> 87 | S27: =+P27/1.27 -> 0 | T27: =J27+S27 -> 0 | U27: =+'PIT GAR 42'!R27+#REF! -> #REF! | V27: =+'PIT GAR 42'!S27+#REF! -> #REF! | W27: =U27+V27 -> #REF! | X27: ='55 REV-'!Z28+'50 REV'!W27 -> 0 | Y27: ='55 REV-'!AA28+'50 REV'!X27 -> 0 | Z27: =+X27+Y27 -> 0 | AA27: =+IFERROR(C27/M27,0) -> 14.285714 | AB27: =+IFERROR(J27/P27,0) -> 0 | AC27: =IFERROR(+AB27/AA27,"") -> 0 | AD27: =+X27/(D27+(N27/1.27)) -> #DIV/0! | AE27: =+Y27/(G27+(O27/1.27)) -> #DIV/0! | AF27: =+Z27/(J27+(P27/1.27)) -> #DIV/0! | AJ27: =AI27+Z27 -> 0 | AK27: =+AL27+AM27 -> 0 | AL27: =+AN27+D27 -> 0 | AM27: =+AO27+G27 -> 0 | AN27: =+N27/1.27 -> 0 | AO27: =+O27/1.27 -> 0 | AP27: =+AO27+AN27 -> 0 | AQ27: =+AP27-S27 -> 0 | AR27: =+AP27+J27 -> 0 | AT27: =34.75-13.11 -> 21.64
B28: 45403 | C28: ='55 REV-'!D29+'50 REV'!D28 -> 90000 | D28: ='55 REV-'!M29+'50 REV'!L28 -> 0 | E28: ='55 REV-'!H29+'50 REV'!G28 -> 0 | F28: fleet | G28: ='55 REV-'!J29+'50 REV'!I28 -> 0 | H28: ='55 REV-'!K29+'50 REV'!J28 -> 0 | I28: fleet | J28: =+G28+D28 -> 0 | K28: =IFERROR(+J28/C28,"") -> 0 | L28: =IFERROR(J28/C28,"") -> 0 | M28: ='55 REV-'!R29+'50 REV'!O28 -> 6300 | N28: ='55 REV-'!T29+'50 REV'!Q28 -> 0 | O28: ='55 REV-'!U29+'50 REV'!R28 -> 0 | P28: =+O28+N28 -> 0 | Q28: =IFERROR(+P28/M28,"") -> 0 | R28: =+'[1]Daily All PIT'!O28 -> 99 | S28: =+P28/1.27 -> 0 | T28: =J28+S28 -> 0 | U28: =+'PIT GAR 42'!R28+#REF! -> #REF! | V28: =+'PIT GAR 42'!S28+#REF! -> #REF! | W28: =U28+V28 -> #REF! | X28: ='55 REV-'!Z29+'50 REV'!W28 -> 0 | Y28: ='55 REV-'!AA29+'50 REV'!X28 -> 0 | Z28: =+X28+Y28 -> 0 | AA28: =+IFERROR(C28/M28,0) -> 14.285714 | AB28: =+IFERROR(J28/P28,0) -> 0 | AC28: =IFERROR(+AB28/AA28,"") -> 0 | AD28: =+X28/(D28+(N28/1.27)) -> #DIV/0! | AE28: =+Y28/(G28+(O28/1.27)) -> #DIV/0! | AF28: =+Z28/(J28+(P28/1.27)) -> #DIV/0! | AJ28: =AI28+Z28 -> 0 | AK28: =+AL28+AM28 -> 0 | AL28: =+AN28+D28 -> 0 | AM28: =+AO28+G28 -> 0 | AN28: =+N28/1.27 -> 0 | AO28: =+O28/1.27 -> 0 | AP28: =+AO28+AN28 -> 0 | AQ28: =+AP28-S28 -> 0 | AR28: =+AP28+J28 -> 0 | AT28: 21
B29: 45404 | C29: ='55 REV-'!D30+'50 REV'!D29 -> 90000 | D29: ='55 REV-'!M30+'50 REV'!L29 -> 0 | E29: ='55 REV-'!H30+'50 REV'!G29 -> 0 | F29: fleet | G29: ='55 REV-'!J30+'50 REV'!I29 -> 0 | H29: ='55 REV-'!K30+'50 REV'!J29 -> 0 | I29: fleet | J29: =+G29+D29 -> 0 | K29: =IFERROR(+J29/C29,"") -> 0 | L29: =IFERROR(J29/C29,"") -> 0 | M29: ='55 REV-'!R30+'50 REV'!O29 -> 6300 | N29: ='55 REV-'!T30+'50 REV'!Q29 -> 0 | O29: ='55 REV-'!U30+'50 REV'!R29 -> 0 | P29: =O29+N29 -> 0 | Q29: =IFERROR(+P29/M29,"") -> 0 | R29: =+'[1]Daily All PIT'!O29 -> 73 | S29: =+P29/1.27 -> 0 | T29: =J29+S29 -> 0 | U29: =+'PIT GAR 42'!R29+#REF! -> #REF! | V29: =+'PIT GAR 42'!S29+#REF! -> #REF! | W29: =U29+V29 -> #REF! | X29: ='55 REV-'!Z30+'50 REV'!W29 -> 0 | Y29: ='55 REV-'!AA30+'50 REV'!X29 -> 0 | Z29: =+X29+Y29 -> 0 | AA29: =+IFERROR(C29/M29,0) -> 14.285714 | AB29: =+IFERROR(J29/P29,0) -> 0 | AC29: =IFERROR(+AB29/AA29,"") -> 0 | AD29: =+X29/(D29+(N29/1.27)) -> #DIV/0! | AE29: =+Y29/(G29+(O29/1.27)) -> #DIV/0! | AF29: =+Z29/(J29+(P29/1.27)) -> #DIV/0! | AJ29: =AI29+Z29 -> 0 | AK29: =+AL29+AM29 -> 0 | AL29: =+AN29+D29 -> 0 | AM29: =+AO29+G29 -> 0 | AN29: =+N29/1.27 -> 0 | AO29: =+O29/1.27 -> 0 | AP29: =+AO29+AN29 -> 0 | AQ29: =+AP29-S29 -> 0 | AR29: =+AP29+J29 -> 0 | AT29: 19.65
B30: 45405 | C30: ='55 REV-'!D31+'50 REV'!D30 -> 90000 | D30: ='55 REV-'!M31+'50 REV'!L30 -> 0 | E30: ='55 REV-'!H31+'50 REV'!G30 -> 0 | F30: fleet | G30: ='55 REV-'!J31+'50 REV'!I30 -> 0 | H30: ='55 REV-'!K31+'50 REV'!J30 -> 0 | I30: fleet | J30: =+G30+D30 -> 0 | K30: =IFERROR(+J30/C30,"") -> 0 | L30: =IFERROR(J30/C30,"") -> 0 | M30: ='55 REV-'!R31+'50 REV'!O30 -> 6300 | N30: ='55 REV-'!T31+'50 REV'!Q30 -> 0 | O30: ='55 REV-'!U31+'50 REV'!R30 -> 0 | P30: =+O30+N30 -> 0 | Q30: =IFERROR(+P30/M30,"") -> 0 | R30: =+'[1]Daily All PIT'!O30 -> 14 | S30: =+P30/1.27 -> 0 | T30: =J30+S30 -> 0 | U30: =+'PIT GAR 42'!R30+#REF! -> #REF! | V30: =+'PIT GAR 42'!S30+#REF! -> #REF! | W30: =U30+V30 -> #REF! | X30: ='55 REV-'!Z31+'50 REV'!W30 -> 0 | Y30: ='55 REV-'!AA31+'50 REV'!X30 -> 0 | Z30: =+X30+Y30 -> 0 | AA30: =+IFERROR(C30/M30,0) -> 14.285714 | AB30: =+IFERROR(J30/P30,0) -> 0 | AC30: =IFERROR(+AB30/AA30,"") -> 0 | AD30: =+X30/(D30+(N30/1.27)) -> #DIV/0! | AE30: =+Y30/(G30+(O30/1.27)) -> #DIV/0! | AF30: =+Z30/(J30+(P30/1.27)) -> #DIV/0! | AJ30: =AI30+Z30 -> 0 | AK30: =+AL30+AM30 -> 0 | AL30: =+AN30+D30 -> 0 | AM30: =+AO30+G30 -> 0 | AN30: =+N30/1.27 -> 0 | AO30: =+O30/1.27 -> 0 | AP30: =+AO30+AN30 -> 0 | AQ30: =+AP30-S30 -> 0 | AR30: =+AP30+J30 -> 0 | AT30: 20.07
B31: 45406 | C31: ='55 REV-'!D32+'50 REV'!D31 -> 90000 | D31: ='55 REV-'!M32+'50 REV'!L31 -> 0 | E31: ='55 REV-'!H32+'50 REV'!G31 -> 0 | F31: fleet | G31: ='55 REV-'!J32+'50 REV'!I31 -> 0 | H31: ='55 REV-'!K32+'50 REV'!J31 -> 0 | I31: fleet | J31: =+G31+D31 -> 0 | K31: =IFERROR(+J31/C31,"") -> 0 | L31: =IFERROR(J31/C31,"") -> 0 | M31: ='55 REV-'!R32+'50 REV'!O31 -> 6300 | N31: ='55 REV-'!T32+'50 REV'!Q31 -> 0 | O31: ='55 REV-'!U32+'50 REV'!R31 -> 0 | P31: =+O31+N31 -> 0 | Q31: =IFERROR(+P31/M31,"") -> 0 | R31: =+'[1]Daily All PIT'!O31 -> 55 | S31: =+P31/1.27 -> 0 | T31: =J31+S31 -> 0 | U31: =+'PIT GAR 42'!R31+#REF! -> #REF! | V31: =+'PIT GAR 42'!S31+#REF! -> #REF! | W31: =U31+V31 -> #REF! | X31: ='55 REV-'!Z32+'50 REV'!W31 -> 0 | Y31: ='55 REV-'!AA32+'50 REV'!X31 -> 0 | Z31: =+X31+Y31 -> 0 | AA31: =+IFERROR(C31/M31,0) -> 14.285714 | AB31: =+IFERROR(J31/P31,0) -> 0 | AC31: =IFERROR(+AB31/AA31,"") -> 0 | AD31: =+X31/(D31+(N31/1.27)) -> #DIV/0! | AE31: =+Y31/(G31+(O31/1.27)) -> #DIV/0! | AF31: =+Z31/(J31+(P31/1.27)) -> #DIV/0! | AJ31: =AI31+Z31 -> 0 | AK31: =+AL31+AM31 -> 0 | AL31: =+AN31+D31 -> 0 | AM31: =+AO31+G31 -> 0 | AN31: =+N31/1.27 -> 0 | AO31: =+O31/1.27 -> 0 | AP31: =+AO31+AN31 -> 0 | AQ31: =+AP31-S31 -> 0 | AR31: =+AP31+J31 -> 0 | AT31: 20.65
B32: 45407 | C32: ='55 REV-'!D33+'50 REV'!D32 -> 45000 | D32: ='55 REV-'!M33+'50 REV'!L32 -> 0 | E32: ='55 REV-'!H33+'50 REV'!G32 -> 0 | F32: fleet | G32: ='55 REV-'!J33+'50 REV'!I32 -> 0 | H32: ='55 REV-'!K33+'50 REV'!J32 -> 0 | I32: fleet | J32: =+G32+D32 -> 0 | K32: =IFERROR(+J32/C32,"") -> 0 | L32: =IFERROR(J32/C32,"") -> 0 | M32: ='55 REV-'!R33+'50 REV'!O32 -> 3775 | N32: ='55 REV-'!T33+'50 REV'!Q32 -> 0 | O32: ='55 REV-'!U33+'50 REV'!R32 -> 0 | P32: =+O32+N32 -> 0 | Q32: =IFERROR(+P32/M32,"") -> 0 | X32: ='55 REV-'!Z33+'50 REV'!W32 -> 0 | Y32: ='55 REV-'!AA33+'50 REV'!X32 -> 0 | Z32: =+X32+Y32 -> 0 | AA32: =+IFERROR(C32/M32,0) -> 11.92053 | AB32: =+IFERROR(J32/P32,0) -> 0 | AC32: =IFERROR(+AB32/AA32,"") -> 0 | AD32: =+X32/(D32+(N32/1.27)) -> #DIV/0! | AE32: =+Y32/(G32+(O32/1.27)) -> #DIV/0! | AF32: =+Z32/(J32+(P32/1.27)) -> #DIV/0! | AJ32: =AI32+Z32 -> 0
B33: 45408 | C33: ='55 REV-'!D34+'50 REV'!D33 -> 90000 | D33: ='55 REV-'!M34+'50 REV'!L33 -> 0 | E33: ='55 REV-'!H34+'50 REV'!G33 -> 0 | F33: fleet | G33: ='55 REV-'!J34+'50 REV'!I33 -> 0 | H33: ='55 REV-'!K34+'50 REV'!J33 -> 0 | I33: fleet | J33: =+G33+D33 -> 0 | K33: =IFERROR(+J33/C33,"") -> 0 | L33: =IFERROR(J33/C33,"") -> 0 | M33: ='55 REV-'!R34+'50 REV'!O33 -> 6300 | N33: ='55 REV-'!T34+'50 REV'!Q33 -> 0 | O33: ='55 REV-'!U34+'50 REV'!R33 -> 0 | P33: =+O33+N33 -> 0 | Q33: =IFERROR(+P33/M33,"") -> 0 | R33: =+'[1]Daily All PIT'!O33 -> 125 | S33: =+P33/1.27 -> 0 | T33: =J33+S33 -> 0 | U33: =+'PIT GAR 42'!R33+#REF! -> #REF! | V33: =+'PIT GAR 42'!S33+#REF! -> #REF! | W33: =U33+V33 -> #REF! | X33: ='55 REV-'!Z34+'50 REV'!W33 -> 0 | Y33: ='55 REV-'!AA34+'50 REV'!X33 -> 0 | Z33: =+X33+Y33 -> 0 | AA33: =+IFERROR(C33/M33,0) -> 14.285714 | AB33: =+IFERROR(J33/P33,0) -> 0 | AC33: =IFERROR(+AB33/AA33,"") -> 0 | AD33: =+X33/(D33+(N33/1.27)) -> #DIV/0! | AE33: =+Y33/(G33+(O33/1.27)) -> #DIV/0! | AF33: =+Z33/(J33+(P33/1.27)) -> #DIV/0! | AJ33: =AI33+Z33 -> 0 | AK33: =+AL33+AM33 -> 0 | AL33: =+AN33+D33 -> 0 | AM33: =+AO33+G33 -> 0 | AN33: =+N33/1.27 -> 0 | AO33: =+O33/1.27 -> 0 | AP33: =+AO33+AN33 -> 0 | AQ33: =+AP33-S33 -> 0 | AR33: =+AP33+J33 -> 0 | AT33: 21.9
B34: 45409 | C34: ='55 REV-'!D35+'50 REV'!D34 -> 90000 | D34: ='55 REV-'!M35+'50 REV'!L34 -> 0 | E34: ='55 REV-'!H35+'50 REV'!G34 -> 0 | F34: fleet | G34: ='55 REV-'!J35+'50 REV'!I34 -> 0 | H34: ='55 REV-'!K35+'50 REV'!J34 -> 0 | I34: fleet | J34: =+G34+D34 -> 0 | K34: =IFERROR(+J34/C34,"") -> 0 | L34: =IFERROR(J34/C34,"") -> 0 | M34: ='55 REV-'!R35+'50 REV'!O34 -> 6300 | N34: ='55 REV-'!T35+'50 REV'!Q34 -> 0 | O34: ='55 REV-'!U35+'50 REV'!R34 -> 0 | P34: =+O34+N34 -> 0 | Q34: =IFERROR(+P34/M34,"") -> 0 | R34: =+'[1]Daily All PIT'!O34 -> 63 | S34: =+P34/1.27 -> 0 | T34: =J34+S34 -> 0 | U34: =+'PIT GAR 42'!R34+#REF! -> #REF! | V34: =+'PIT GAR 42'!S34+#REF! -> #REF! | W34: =U34+V34 -> #REF! | X34: ='55 REV-'!Z35+'50 REV'!W34 -> 0 | Y34: ='55 REV-'!AA35+'50 REV'!X34 -> 0 | Z34: =+X34+Y34 -> 0 | AA34: =+IFERROR(C34/M34,0) -> 14.285714 | AB34: =+IFERROR(J34/P34,0) -> 0 | AC34: =IFERROR(+AB34/AA34,"") -> 0 | AD34: =+X34/(D34+(N34/1.27)) -> #DIV/0! | AE34: =+Y34/(G34+(O34/1.27)) -> #DIV/0! | AF34: =+Z34/(J34+(P34/1.27)) -> #DIV/0! | AJ34: =AI34+Z34 -> 0 | AK34: =+AL34+AM34 -> 0 | AL34: =+AN34+D34 -> 0 | AM34: =+AO34+G34 -> 0 | AN34: =+N34/1.27 -> 0 | AO34: =+O34/1.27 -> 0 | AP34: =+AO34+AN34 -> 0 | AQ34: =+AP34-S34 -> 0 | AR34: =+AP34+J34 -> 0 | AT34: 20.98
B35: 45410 | C35: ='55 REV-'!D36+'50 REV'!D35 -> 90000 | D35: ='55 REV-'!M36+'50 REV'!L35 -> 0 | E35: ='55 REV-'!H36+'50 REV'!G35 -> 0 | F35: fleet | G35: ='55 REV-'!J36+'50 REV'!I35 -> 0 | H35: ='55 REV-'!K36+'50 REV'!J35 -> 0 | I35: fleet | J35: =+G35+D35 -> 0 | K35: =IFERROR(+J35/C35,"") -> 0 | L35: =IFERROR(J35/C35,"") -> 0 | M35: ='55 REV-'!R36+'50 REV'!O35 -> 6300 | N35: ='55 REV-'!T36+'50 REV'!Q35 -> 0 | O35: ='55 REV-'!U36+'50 REV'!R35 -> 0 | P35: =+O35+N35 -> 0 | Q35: =IFERROR(+P35/M35,"") -> 0 | R35: =+'[1]Daily All PIT'!O35 -> 35 | S35: =+P35/1.27 -> 0 | T35: =J35+S35 -> 0 | U35: =+'PIT GAR 42'!R35+#REF! -> #REF! | V35: =+'PIT GAR 42'!S35+#REF! -> #REF! | W35: =U35+V35 -> #REF! | X35: ='55 REV-'!Z36+'50 REV'!W35 -> 0 | Y35: ='55 REV-'!AA36+'50 REV'!X35 -> 0 | Z35: =+X35+Y35 -> 0 | AA35: =+IFERROR(C35/M35,0) -> 14.285714 | AB35: =+IFERROR(J35/P35,0) -> 0 | AC35: =IFERROR(+AB35/AA35,"") -> 0 | AD35: =+X35/(D35+(N35/1.27)) -> #DIV/0! | AE35: =+Y35/(G35+(O35/1.27)) -> #DIV/0! | AF35: =+Z35/(J35+(P35/1.27)) -> #DIV/0! | AJ35: =AI35+Z35 -> 0 | AK35: =+AL35+AM35 -> 0 | AL35: =+AN35+D35 -> 0 | AM35: =+AO35+G35 -> 0 | AN35: =+N35/1.27 -> 0 | AO35: =+O35/1.27 -> 0 | AP35: =+AO35+AN35 -> 0 | AQ35: =+AP35-S35 -> 0 | AR35: =+AP35+J35 -> 0 | AT35: 21.08
B36: 45411 | C36: ='55 REV-'!D37+'50 REV'!D36 -> 90000 | D36: ='55 REV-'!M37+'50 REV'!L36 -> 0 | E36: ='55 REV-'!H37+'50 REV'!G36 -> 0 | F36: fleet | G36: ='55 REV-'!J37+'50 REV'!I36 -> 0 | H36: ='55 REV-'!K37+'50 REV'!J36 -> 0 | I36: fleet | J36: =+G36+D36 -> 0 | L36: =IFERROR(J36/C36,"") -> 0 | M36: ='55 REV-'!R37+'50 REV'!O36 -> 6300 | N36: ='55 REV-'!T37+'50 REV'!Q36 -> 0 | O36: ='55 REV-'!U37+'50 REV'!R36 -> 0 | P36: =+O36+N36 -> 0 | X36: ='55 REV-'!Z37+'50 REV'!W36 -> 0 | Y36: ='55 REV-'!AA37+'50 REV'!X36 -> 0 | Z36: =+X36+Y36 -> 0 | AA36: =+IFERROR(C36/M36,0) -> 14.285714 | AB36: =+IFERROR(J36/P36,0) -> 0 | AC36: =IFERROR(+AB36/AA36,"") -> 0 | AD36: =+X36/(D36+(N36/1.27)) -> #DIV/0! | AE36: =+Y36/(G36+(O36/1.27)) -> #DIV/0! | AF36: =+Z36/(J36+(P36/1.27)) -> #DIV/0! | AJ36: =AI36+Z36 -> 0
B37: 45412 | C37: ='55 REV-'!D38+'50 REV'!D37 -> 90000 | D37: ='55 REV-'!M38+'50 REV'!L37 -> 0 | E37: ='55 REV-'!H38+'50 REV'!G37 -> 0 | F37: fleet | G37: ='55 REV-'!J38+'50 REV'!I37 -> 0 | H37: ='55 REV-'!K38+'50 REV'!J37 -> 0 | I37: fleet | J37: =+G37+D37 -> 0 | L37: =IFERROR(J37/C37,"") -> 0 | M37: ='55 REV-'!R38+'50 REV'!O37 -> 6300 | N37: ='55 REV-'!T38+'50 REV'!Q37 -> 0 | O37: ='55 REV-'!U38+'50 REV'!R37 -> 0 | P37: =+O37+N37 -> 0 | X37: ='55 REV-'!Z38+'50 REV'!W37 -> 0 | Y37: ='55 REV-'!AA38+'50 REV'!X37 -> 0 | Z37: =+X37+Y37 -> 0 | AA37: =+IFERROR(C37/M37,0) -> 14.285714 | AB37: =+IFERROR(J37/P37,0) -> 0 | AC37: =IFERROR(+AB37/AA37,"") -> 0 | AD37: =+X37/(D37+(N37/1.27)) -> #DIV/0! | AE37: =+Y37/(G37+(O37/1.27)) -> #DIV/0! | AF37: =+Z37/(J37+(P37/1.27)) -> #DIV/0!
B38: 45413 | F38: fleet | I38: fleet | L38: =IFERROR(J38/C38,"")
B39: TOTAL | C39: =SUM(C8:C37) -> 2520000 | D39: =SUM(D8:D37) -> 733480 | F39: Fleet | G39: =SUM(G8:G37) -> 380146 | I39: Fleet | J39: =G39+D39 -> 1113626 | K39: =IFERROR(+J39/C39,"") -> 0.44191508 | L39: =IFERROR(J39/C39,"") -> 0.44191508 | M39: =SUM(M8:M37) -> 178900 | N39: =SUM(N8:N37) -> 26623.77 | O39: =SUM(O8:O37) -> 26621.34 | P39: =O39+N39 -> 53245.11 | Q39: =IFERROR(+P39/M39,"") -> 0.29762499 | R39: =SUM(R8:R36) -> 1810 | S39: =+P39/1.27 -> 41925.283 | T39: =J39+S39 -> 1155551.3 | U39: =SUM(U8:U36) -> #REF! | V39: =SUM(V8:V36) -> #REF! | W39: =SUM(W8:W36) -> #REF! | X39: =SUM(X8:X37) -> 360704 | Y39: =SUM(Y8:Y37) -> 391974.5 | Z39: =+X39+Y39 -> 752678.5 | AA39: =+IFERROR(C39/M39,0) -> 14.086082 | AB39: =+IFERROR(J39/P39,"") -> 20.915085 | AC39: =IFERROR(+AB39/AA39,"") -> 1.484805 | AD39: =+X39/(D39+(N39/1.27)) -> 0.47810599 | AE39: =+Y39/(G39+(O39/1.27)) -> 0.97723009 | AF39: =+Z39/(J39+(P39/1.27)) -> 0.6513588 | AG39: =SUM(AG8:AG36) -> 0 | AH39: =SUM(AH8:AH36) -> 0 | AI39: =SUM(AI8:AI38) -> 0 | AJ39: =SUM(AJ8:AJ36) -> 752678.5 | AK39: =SUM(AK8:AK36) -> 1155551.3 | AL39: =SUM(AL8:AL36) -> 754443.6 | AM39: =SUM(AM8:AM36) -> 401107.69 | AN39: =+N39/1.27 -> 20963.598 | AO39: =+O39/1.27 -> 20961.685 | AP39: =+AO39+AN39 -> 41925.283 | AQ39: =+AP39-S39 -> 0 | AR39: =+AP39+J39 -> 1155551.3 | AT39: 19.71
AT40: 20.07
C41: MTD OB | D41: =J39 -> 1113626 | G41: MTD OB PAGI | K41: =+D39 -> 733480 | M41: =+D39 -> 733480 | O41: Note : | P41: Plan sesuai dengan rencana kerja mingguan | Z41: MTD ACHIEVEMENT | AT41: 20.17
C42: MTD COAL | D42: =P39 -> 53245.11 | G42: MTD OB MALAM | K42: =+G39 -> 380146 | M42: =+G39 -> 380146 | O42: PLAN OB | P42: =SUM(C8:C37) -> 2520000 | Q42: =IFERROR(+D41/P42,0) -> 0.44191508 | Z42: UNIT | AA42: PLAN | AC42: ACTUAL | AG42: ACHV | AH42: VARIANCE | AK42: WORKING DAYS IN MONTH | AL42: REMAINING DAYS | AT42: 19.06
C43: FR HARIAN | D43: =+AF28 -> #DIV/0! | G43: MTD BB PAGI | K43: =+N39 -> 26623.77 | M43: =+N39 -> 26623.77 | O43: PLAN BB | P43: =SUM(M8:M37) -> 178900 | Q43: =IFERROR(+D42/P43,0) -> 0.29762499 | Z43: OB | AA43: =C39 -> 2520000 | AC43: =+D41 -> 1113626 | AG43: =+IFERROR(AC43/AA43,0) -> 0.44191508 | AH43: =+IFERROR(AC43-AA43,0) -> -1406374 | AK43: 27.5 | AL43: =AK43-11 -> 16.5 | AT43: 19.28
C44: FR BULANAN | D44: =AF39 -> 0.6513588 | G44: MTD BB MALAM | K44: =+O39 -> 26621.34 | M44: =+O39 -> 26621.34 | O44: SR | P44: =+AA39 -> 14.086082 | Q44: =IFERROR(+D46/P44,0) -> 1.484805 | Z44: COAL | AA44: =M39 -> 178900 | AC44: =+D42 -> 53245.11 | AG44: =+IFERROR(AC44/AA44,0) -> 0.29762499 | AH44: =+IFERROR(AC44-AA44,0) -> -125654.89 | AK44: TARGET PER DAY TO GET TARGET | AT44: 20.19
C45: SR HARIAN | D45: =AB12 -> 22.230554 | O45: FR | P45: 1.1 | Q45: =IFERROR(+D44/P45,0) -> 0.59214437 | Z45: SR | AA45: =+IFERROR(AA43/AA44,0) -> 14.086082 | AC45: =+IFERROR(AC43/AC44,0) -> 20.915085 | AG45: =+IFERROR(AC45/AA45,0) -> 1.484805 | AH45: =+IFERROR(AC45-AA45,0) -> 6.8290034 | AK45: OB | AL45: =IFERROR((C39-AC43)/AL43,"") -> 85234.788 | AT45: 20.61
C46: SR BULANAN | D46: =AB39 -> 20.915085 | AK46: COAL | AL46: =IFERROR((M39-AC44)/AL43,"") -> 7615.4479 | AT46: 18.77
C49: Dibuat oleh | G49: Diperiksa oleh | M49: Disetujui oleh
C54: Berto | G54: Bonar | M54: Dedy dharmawan | O54: Daru
C55: Foreman MCC | G55: Manager Engineering | M55: Manager produksi | O55: PM 55
AT61: 21.25
AT62: 20.06
AT63: 19.77
AT64: 20.16
AT65: =SUM(AT18:AT64) -> 594.53
AT66: =+AT65+22 -> 616.53
AT67: =927.8-AT65 -> 333.27
AD68: =50/700 -> 0.071428571

Sheet Fleet.1
A1: PT. SUMBER MITRA JAYA | S1: Lampiran
A2: FLEET PERFORMANCE
A4: PAGI
A5: TGL | B5: EXCAVATOR | C5: NAMA OPERATOR | D5: HM AWAL | E5: HM AKHIR | F5: TOTAL HM | G5: PRODUKSI | H5: LOKASI KERJA | J5: PRODUKTIVITAS | M5: JARAK (KM) | N5: JML DT | O5: SUPPORT | P5: HM AWAL | Q5: HM AKHIR | R5: TOTAL HM | S5: KETERANGAN
H6: PIT | I6: SEAM/ BLOK | J6: PLAN | K6: ACTUAL | L6: % | O6: DOZER
A7: 42429 | B7: PC.1250-01 | C7: Amri | D7: 17650 | E7: 17660 | F7: =E7-D7 -> 10 | G7: =(164*24)+(4*24) -> 4032 | H7: Pit GAR 55 | I7: SM1 | J7: 500 | K7: =G7/F7 -> 403.2 | L7: =K7/J7 -> 0.8064 | M7: 3.5 | N7: 7 | O7: DZ375-10 | P7: 13420 | Q7: 13429 | R7: =Q7-P7 -> 9 | S7: Start loading jam 08.12, jam 08.25-09.21 tunggu rippingan, jam 17.10-17.14 pindah front
A8: 42429 | B8: PC.1250-02 | C8: Arifin | D8: 17907 | E8: 17917 | F8: =E8-D8 -> 10 | G8: =195*24 -> 4680 | H8: Pit GAR 55 | I8: SM1 | J8: 500 | K8: =G8/F8 -> 468 | L8: =K8/J8 -> 0.936 | M8: 3.8 | N8: 7 | O8: DZ375-02 | P8: 17159 | Q8: 17166 | R8: =Q8-P8 -> 7 | S8: Start loading jam 07.55, jam 09.40-10.05 pengecekan mekanik
O9: DZ375-01 | P9: 18708 | Q9: 18710 | R9: =Q9-P9 -> 2
A10: 42429 | B10: PC.1250-04 | S10: Stand By
A11: 42429 | B11: PC.1250-05 | C11: Simon H | D11: 14125 | E11: 14131 | F11: =E11-D11 -> 6 | G11: =135*24 -> 3240 | H11: Pit GAR 42 | I11: S-1 | J11: 500 | K11: =IFERROR(G11/F11,0) -> 540 | L11: =K11/J11 -> 1.08 | M11: 0.9 | N11: 4 | O11: DZ375-03 | P11: 15408 | Q11: 15418 | R11: =Q11-P11 -> 10 | S11: Start loading jam 08.03, jam 09.07-09.19 pindah front, jam 14.16-14.31 hujan, jam 14.31-15.19 sekrap jalan, jam 13.00-13.42 perbaikan AC, jam 15.51-18.16 perbaikan mekanik (AC panas), start loading jam 18.16
A12: 42429 | B12: PC.1250-06 | S12: BD - Silinder Arm Bocor
A13: 42429 | B13: PC.1250-07 | C13: Nanang | D13: 12623 | E13: 12632 | F13: =E13-D13 -> 9 | G13: =81*24 -> 1944 | H13: Pit GAR 42 | I13: S-2 | J13: 500 | K13: =IFERROR(G13/F13,0) -> 216 | L13: =K13/J13 -> 0.432 | M13: 1 | N13: 4 | O13: DZ375-07 | P13: 15230 | Q13: 15240 | R13: =Q13-P13 -> 10 | S13: Start loading jam 08.01, jam 08.21-09.15 pengelasan tracklink, jam 09.15-11.59 general batu bara, jam 01.09 loading OB kembali, jam 14.16-14.31 hujan, jam 14.31-15.10 sekrap jalan, jam 16.30-17.19 stand by (bantu dorong pompa)
A14: 42429 | B14: PC.700-02 | S14: General
A15: 42429 | B15: PC.700-03 | S15: General
B16: TOTAL | F16: =SUM(F7:F15) -> 35 | G16: =SUM(G7:G15) -> 13896 | R16: =SUM(R7:R15) -> 38
A18: MALAM
A19: TGL | B19: EXCAVATOR | C19: NAMA OPERATOR | D19: HM AWAL | E19: HM AKHIR | F19: TOTAL HM | G19: PRODUKSI | H19: LOKASI KERJA | J19: PRODUKTIVITAS | M19: JARAK (KM) | N19: JML DT | O19: SUPPORT | P19: HM AWAL | Q19: HM AKHIR | R19: TOTAL HM | S19: KETERANGAN
H20: PIT | I20: SEAM/ BLOK | J20: PLAN | K20: ACTUAL | L20: % | O20: DOZER
A21: 42429 | B21: PC.1250-01 | C21: Ardiansyah | D21: 17660 | E21: 17670 | F21: =+E21-D21 -> 10 | G21: =151*24 -> 3624 | H21: Pit GAR 55 | I21: SM1 | J21: 500 | K21: =G21/F21 -> 362.4 | L21: =K21/J21 -> 0.7248 | M21: 2.6 | N21: 5 | O21: DZ375-10 | P21: 13428 | Q21: 13438 | R21: =Q21-P21 -> 10 | S21: Jam 20.00-20.10 perbaikan front, start loading jam 20.10, jam 21.26-21.32 pindah front, jam 22.22-22.29 perbaikan jalan, jam 03.58-04.05 perbaikan front, jam 04.54-05.06 perbaikan front
A22: 42429 | B22: PC.1250-02 | C22: Setiawan | D22: 17917 | E22: 17927 | F22: =+E22-D22 -> 10 | G22: =226*24 -> 5424 | H22: Pit GAR 55 | I22: SM2 | J22: 500 | K22: =G22/F22 -> 542.4 | L22: =K22/J22 -> 1.0848 | M22: 1.4 | N22: 5 | O22: DZ375-10 | P22: 13428 | Q22: 13438 | R22: =Q22-P22 -> 10 | S22: Start loading jam 20.00, jam 02.11-02.13 perbaikan front, jam 05.55-06.03 pindah front
A23: 42429 | B23: PC.1250-04 | S23: BD - Tidak Bisa Start
A24: 42429 | B24: PC.1250-05 | C24: Royal | D24: 14131 | E24: 14140 | F24: =+E24-D24 -> 9 | G24: =142*24 -> 3408 | H24: Pit GAR 42 | I24: S-1 | J24: 500 | K24: =IFERROR(G24/F24,0) -> 378.66667 | L24: =K24/J24 -> 0.75733333 | M24: 0.6 | N24: 4 | O24: DZ375-07 | P24: 15240 | Q24: 15250 | R24: =Q24-P24 -> 10 | S24: Jam 20.00-20.22 greasing, start loading jam 20.22, jam 21.21-22.06 tunggu rippingan, jam 01.53-02.10 perbaikan front, jam 02.35-03.53 tunggu rippingan, jam 05.44-05.49 perbaikan front
A25: 42429 | B25: PC.1250-06 | S25: BD - Silinder Arm Bocor
A26: 42429 | B26: PC.1250-07 | S26: Loading BB
A27: 42429 | B27: PC.700-02 | S27: Stand By
A28: 42429 | B28: PC.700-03 | S28: Stand By
B29: TOTAL | F29: =SUM(F21:F28) -> 29 | G29: =SUM(G21:G28) -> 12456 | R29: =SUM(R21:R28) -> 30

Sheet PIT GAR 42
B2: PT. SUMBER MITRA JAYA
B3: DAILY REPORT GAR 4200
AG4: U/FUEL
B5: TGL | C5: OVERBURDEN (BCM) | J5: BATUBARA (TON) | Q5: TOTAL MATERIAL (BCM) | R5: NON VOLUME (BCM) | U5: Solar Pagi | V5: Solar Malam | W5: PEMAKAIAN SOLAR (LTR) | X5: SR | AA5: FR PAGI | AB5: FR MALAM | AC5: FR | AD5: RAIN | AE5: SLIPERY | AG5: TOTAL MATERIAL (BCM) | AH5: TOTAL MATERIAL PAGI (BCM | AI5: TOTAL MATERIAL MALAM ( BCM )
C6: PLAN | D6: ACTUAL | I6: % | J6: PLAN | K6: ACTUAL | N6: % | O6: ACTUAL
D7: PAGI | E7: Fleet | F7: MALAM | G7: Fleet | H7: TOTAL | K7: PAGI | L7: MALAM | M7: TOTAL | O7: RIT | P7: (BCM) | R7: PAGI | S7: MALAM | T7: TOTAL | X7: PLAN | Y7: ACT | Z7: %ACH
B8: 43221 | C8: 0 | D8: 0 | E8: 0 | F8: 0 | G8: 0 | H8: 0 | I8: 0 | N8: =IFERROR(+M8/J8,"") | P8: =+M8/1.27 -> 0 | Q8: =H8+P8 -> 0 | R8: 0 | S8: 0 | T8: 0 | W8: =+U8+V8 -> 0 | X8: =IFERROR(C8/J8,"") | Y8: =+IFERROR(H8/M8,0) -> 0 | Z8: =IFERROR(+Y8/X8,0) -> 0 | AA8: =+IFERROR(U8/AH8,0) -> 0 | AB8: =+IFERROR(V8/AI8,0) -> 0 | AC8: =IFERROR(W8/AG8,0) -> 0 | AG8: =(H8+T8)+(M8/1.27) -> 0 | AH8: =(D8+R8)+(K8/1.27) -> 0 | AI8: =(F8+S8)+(L8/1.27) -> 0
B9: 43222 | C9: 0 | D9: 0 | E9: 0 | F9: 0 | G9: 0 | H9: 0 | I9: 0 | N9: =IFERROR(+M9/J9,"") | P9: =+M9/1.27 -> 0 | Q9: =H9+P9 -> 0 | R9: 0 | S9: 0 | T9: 0 | W9: =+U9+V9 -> 0 | X9: =IFERROR(C9/J9,"") | Y9: =+IFERROR(H9/M9,0) -> 0 | Z9: =IFERROR(+Y9/X9,0) -> 0 | AA9: =+IFERROR(U9/AH9,0) -> 0 | AB9: =+IFERROR(V9/AI9,0) -> 0 | AC9: =IFERROR(W9/AG9,0) -> 0 | AG9: =(H9+T9)+(M9/1.27) -> 0 | AH9: =(D9+R9)+(K9/1.27) -> 0 | AI9: =(F9+S9)+(L9/1.27) -> 0
B10: 43223 | C10: 0 | D10: 0 | E10: 0 | F10: 0 | G10: 0 | H10: 0 | I10: 0 | N10: =IFERROR(+M10/J10,"") | P10: =+M10/1.27 -> 0 | Q10: =H10+P10 -> 0 | R10: 0 | S10: 0 | T10: 0 | W10: =+U10+V10 -> 0 | X10: =IFERROR(C10/J10,"") | Y10: =+IFERROR(H10/M10,0) -> 0 | Z10: =IFERROR(+Y10/X10,0) -> 0 | AA10: =+IFERROR(U10/AH10,0) -> 0 | AB10: =+IFERROR(V10/AI10,0) -> 0 | AC10: =IFERROR(W10/AG10,0) -> 0 | AG10: =(H10+T10)+(M10/1.27) -> 0 | AH10: =(D10+R10)+(K10/1.27) -> 0 | AI10: =(F10+S10)+(L10/1.27) -> 0
B11: 43224 | C11: 0 | D11: 0 | E11: 0 | F11: 0 | G11: 0 | H11: 0 | I11: 0 | N11: =IFERROR(+M11/J11,"") | P11: =+M11/1.27 -> 0 | Q11: =H11+P11 -> 0 | R11: 0 | S11: 0 | T11: 0 | W11: =+U11+V11 -> 0 | X11: =IFERROR(C11/J11,"") | Y11: =+IFERROR(H11/M11,0) -> 0 | Z11: =IFERROR(+Y11/X11,0) -> 0 | AA11: =+IFERROR(U11/AH11,0) -> 0 | AB11: =+IFERROR(V11/AI11,0) -> 0 | AC11: =IFERROR(W11/AG11,0) -> 0 | AG11: =(H11+T11)+(M11/1.27) -> 0 | AH11: =(D11+R11)+(K11/1.27) -> 0 | AI11: =(F11+S11)+(L11/1.27) -> 0
B12: 43225 | C12: 0 | D12: 0 | E12: 0 | F12: 0 | G12: 0 | H12: 0 | I12: 0 | N12: =IFERROR(+M12/J12,"") | P12: =+M12/1.27 -> 0 | Q12: =H12+P12 -> 0 | R12: 0 | S12: 0 | T12: 0 | W12: =+U12+V12 -> 0 | X12: =IFERROR(C12/J12,"") | Y12: =+IFERROR(H12/M12,0) -> 0 | Z12: =IFERROR(+Y12/X12,0) -> 0 | AA12: =+IFERROR(U12/AH12,0) -> 0 | AB12: =+IFERROR(V12/AI12,0) -> 0 | AC12: =IFERROR(W12/AG12,0) -> 0 | AG12: =(H12+T12)+(M12/1.27) -> 0 | AH12: =(D12+R12)+(K12/1.27) -> 0 | AI12: =(F12+S12)+(L12/1.27) -> 0
B13: 43226 | C13: 0 | D13: 0 | E13: 0 | F13: 0 | G13: 0 | H13: 0 | I13: 0 | N13: =IFERROR(+M13/J13,"") | P13: =+M13/1.27 -> 0 | Q13: =H13+P13 -> 0 | R13: 0 | S13: 0 | T13: 0 | W13: =+U13+V13 -> 0 | X13: =IFERROR(C13/J13,"") | Y13: =+IFERROR(H13/M13,0) -> 0 | Z13: =IFERROR(+Y13/X13,0) -> 0 | AA13: =+IFERROR(U13/AH13,0) -> 0 | AB13: =+IFERROR(V13/AI13,0) -> 0 | AC13: =IFERROR(W13/AG13,0) -> 0 | AG13: =(H13+T13)+(M13/1.27) -> 0 | AH13: =(D13+R13)+(K13/1.27) -> 0 | AI13: =(F13+S13)+(L13/1.27) -> 0
B14: 43227 | N14: =IFERROR(+M14/J14,"") | P14: =+M14/1.27 -> 0 | Q14: =H14+P14 -> 0 | R14: 0 | S14: 0 | T14: 0 | W14: =+U14+V14 -> 0 | X14: =IFERROR(C14/J14,"") | Y14: =+IFERROR(H14/M14,0) -> 0 | Z14: =IFERROR(+Y14/X14,0) -> 0 | AA14: =+IFERROR(U14/AH14,0) -> 0 | AB14: =+IFERROR(V14/AI14,0) -> 0 | AC14: =IFERROR(W14/AG14,0) -> 0 | AG14: =(H14+T14)+(M14/1.27) -> 0 | AH14: =(D14+R14)+(K14/1.27) -> 0 | AI14: =(F14+S14)+(L14/1.27) -> 0
B15: 43228 | N15: =IFERROR(+M15/J15,"") | P15: 0 | Q15: 0 | R15: 0 | S15: 0 | T15: 0 | W15: =+U15+V15 -> 0 | X15: =IFERROR(C15/J15,"") | Y15: 0 | Z15: 0 | AA15: 0 | AB15: 0 | AC15: 0 | AG15: 0 | AH15: 0 | AI15: 0
B16: 43229 | N16: =IFERROR(+M16/J16,"") | P16: =+M16/1.27 -> 0 | Q16: =H16+P16 -> 0 | R16: 0 | S16: 0 | T16: =R16+S16 -> 0 | W16: =+U16+V16 -> 0 | X16: =IFERROR(C16/J16,"") | Y16: =+IFERROR(H16/M16,0) -> 0 | Z16: =IFERROR(+Y16/X16,0) -> 0 | AA16: =+IFERROR(U16/AH16,0) -> 0 | AB16: =+IFERROR(V16/AI16,0) -> 0 | AC16: =IFERROR(W16/AG16,0) -> 0 | AG16: =(H16+T16)+(M16/1.27) -> 0 | AH16: =(D16+R16)+(K16/1.27) -> 0 | AI16: =(F16+S16)+(L16/1.27) -> 0
B17: 43230 | N17: =IFERROR(+M17/J17,"") | P17: =+M17/1.27 -> 0 | Q17: =H17+P17 -> 0 | R17: 0 | S17: 0 | T17: =R17+S17 -> 0 | W17: =+U17+V17 -> 0 | X17: =IFERROR(C17/J17,"") | Y17: =+IFERROR(H17/M17,0) -> 0 | Z17: =IFERROR(+Y17/X17,0) -> 0 | AA17: =+IFERROR(U17/AH17,0) -> 0 | AB17: =+IFERROR(V17/AI17,0) -> 0 | AC17: =IFERROR(W17/AG17,0) -> 0 | AG17: =(H17+T17)+(M17/1.27) -> 0 | AH17: =(D17+R17)+(K17/1.27) -> 0 | AI17: =(F17+S17)+(L17/1.27) -> 0
B18: 43231 | N18: =IFERROR(+M18/J18,"") | P18: =+M18/1.27 -> 0 | Q18: =H18+P18 -> 0 | R18: 0 | S18: 0 | T18: =R18+S18 -> 0 | W18: =+U18+V18 -> 0 | X18: =IFERROR(C18/J18,"") | Y18: =+IFERROR(H18/M18,0) -> 0 | Z18: =IFERROR(+Y18/X18,0) -> 0 | AA18: =+IFERROR(U18/AH18,0) -> 0 | AB18: =+IFERROR(V18/AI18,0) -> 0 | AC18: =IFERROR(W18/AG18,0) -> 0 | AG18: =(H18+T18)+(M18/1.27) -> 0 | AH18: =(D18+R18)+(K18/1.27) -> 0 | AI18: =(F18+S18)+(L18/1.27) -> 0
B19: 43232 | N19: =IFERROR(+M19/J19,"") | P19: 0 | Q19: 0 | R19: 0 | S19: 0 | T19: 0 | W19: 0 | X19: =IFERROR(C19/J19,"") | Y19: 0 | Z19: 0 | AA19: 0 | AB19: 0 | AC19: 0 | AG19: 0 | AH19: 0 | AI19: 0
B20: 43233 | I20: =IFERROR(+H20/C20,"") | N20: =IFERROR(+M20/J20,"") | P20: =+M20/1.27 -> 0 | Q20: =H20+P20 -> 0 | R20: 0 | S20: 0 | T20: =R20+S20 -> 0 | W20: =+U20+V20 -> 0 | X20: =IFERROR(C20/J20,"") | Y20: =+IFERROR(H20/M20,0) -> 0 | Z20: =IFERROR(+Y20/X20,0) -> 0 | AA20: =+IFERROR(U20/AH20,0) -> 0 | AB20: =+IFERROR(V20/AI20,0) -> 0 | AC20: =IFERROR(W20/AG20,0) -> 0 | AG20: =(H20+T20)+(M20/1.27) -> 0 | AH20: =(D20+R20)+(K20/1.27) -> 0 | AI20: =(F20+S20)+(L20/1.27) -> 0
B21: 43234 | I21: =IFERROR(+H21/C21,"") | N21: =IFERROR(+M21/J21,"") | P21: =+M21/1.27 -> 0 | Q21: =H21+P21 -> 0 | R21: 0 | S21: 0 | T21: =R21+S21 -> 0 | W21: =+U21+V21 -> 0 | X21: =IFERROR(C21/J21,"") | Y21: =+IFERROR(H21/M21,0) -> 0 | Z21: =IFERROR(+Y21/X21,0) -> 0 | AA21: =+IFERROR(U21/AH21,0) -> 0 | AB21: =+IFERROR(V21/AI21,0) -> 0 | AC21: =IFERROR(W21/AG21,0) -> 0 | AG21: =(H21+T21)+(M21/1.27) -> 0 | AH21: =(D21+R21)+(K21/1.27) -> 0 | AI21: =(F21+S21)+(L21/1.27) -> 0
B22: 43235 | I22: =IFERROR(+H22/C22,"") | N22: =IFERROR(+M22/J22,"") | P22: =+M22/1.27 -> 0 | Q22: =H22+P22 -> 0 | R22: 0 | S22: 0 | T22: =R22+S22 -> 0 | W22: =+U22+V22 -> 0 | X22: =IFERROR(C22/J22,"") | Y22: =+IFERROR(H22/M22,0) -> 0 | Z22: =IFERROR(+Y22/X22,0) -> 0 | AA22: =+IFERROR(U22/AH22,0) -> 0 | AB22: =+IFERROR(V22/AI22,0) -> 0 | AC22: =IFERROR(W22/AG22,0) -> 0 | AG22: =(H22+T22)+(M22/1.27) -> 0 | AH22: =(D22+R22)+(K22/1.27) -> 0 | AI22: =(F22+S22)+(L22/1.27) -> 0
B23: 43236 | I23: =IFERROR(+H23/C23,"") | N23: =IFERROR(+M23/J23,"") | P23: =+M23/1.27 -> 0 | Q23: =H23+P23 -> 0 | R23: 0 | S23: 0 | T23: =R23+S23 -> 0 | W23: =+U23+V23 -> 0 | X23: =IFERROR(C23/J23,"") | Y23: =+IFERROR(H23/M23,0) -> 0 | Z23: =IFERROR(+Y23/X23,0) -> 0 | AA23: =+IFERROR(U23/AH23,0) -> 0 | AB23: =+IFERROR(V23/AI23,0) -> 0 | AC23: =IFERROR(W23/AG23,0) -> 0 | AG23: =(H23+T23)+(M23/1.27) -> 0 | AH23: =(D23+R23)+(K23/1.27) -> 0 | AI23: =(F23+S23)+(L23/1.27) -> 0
B24: 43237 | I24: =IFERROR(+H24/C24,"") | N24: =IFERROR(+M24/J24,"") | P24: =+M24/1.27 -> 0 | Q24: =H24+P24 -> 0 | R24: 0 | S24: 0 | T24: =R24+S24 -> 0 | W24: =+U24+V24 -> 0 | X24: =IFERROR(C24/J24,"") | Y24: =+IFERROR(H24/M24,0) -> 0 | Z24: =IFERROR(+Y24/X24,0) -> 0 | AA24: =+IFERROR(U24/AH24,0) -> 0 | AB24: =+IFERROR(V24/AI24,0) -> 0 | AC24: =IFERROR(W24/AG24,0) -> 0 | AG24: =(H24+T24)+(M24/1.27) -> 0 | AH24: =(D24+R24)+(K24/1.27) -> 0 | AI24: =(F24+S24)+(L24/1.27) -> 0
B25: 43238 | I25: =IFERROR(+H25/C25,"") | N25: =IFERROR(+M25/J25,"") | P25: =+M25/1.27 -> 0 | Q25: =H25+P25 -> 0 | R25: 0 | S25: 0 | T25: =R25+S25 -> 0 | W25: =+U25+V25 -> 0 | X25: =IFERROR(C25/J25,"") | Y25: =+IFERROR(H25/M25,0) -> 0 | Z25: =IFERROR(+Y25/X25,0) -> 0 | AA25: =+IFERROR(U25/AH25,0) -> 0 | AB25: =+IFERROR(V25/AI25,0) -> 0 | AC25: =IFERROR(W25/AG25,0) -> 0 | AG25: =(H25+T25)+(M25/1.27) -> 0 | AH25: =(D25+R25)+(K25/1.27) -> 0 | AI25: =(F25+S25)+(L25/1.27) -> 0
B26: 43239 | I26: =IFERROR(+H26/C26,"") | N26: =IFERROR(+M26/J26,"") | P26: =+M26/1.27 -> 0 | Q26: =H26+P26 -> 0 | R26: 0 | S26: 0 | T26: =R26+S26 -> 0 | W26: =+U26+V26 -> 0 | X26: =IFERROR(C26/J26,"") | Y26: =+IFERROR(H26/M26,0) -> 0 | Z26: =IFERROR(+Y26/X26,0) -> 0 | AA26: =+IFERROR(U26/AH26,0) -> 0 | AB26: =+IFERROR(V26/AI26,0) -> 0 | AC26: =IFERROR(W26/AG26,0) -> 0 | AG26: =(H26+T26)+(M26/1.27) -> 0 | AH26: =(D26+R26)+(K26/1.27) -> 0 | AI26: =(F26+S26)+(L26/1.27) -> 0
B27: 43240 | I27: =IFERROR(+H27/C27,"") | N27: =IFERROR(+M27/J27,"") | P27: =+M27/1.27 -> 0 | Q27: =H27+P27 -> 0 | R27: 0 | S27: 0 | T27: =R27+S27 -> 0 | W27: =+U27+V27 -> 0 | X27: =IFERROR(C27/J27,"") | Y27: =+IFERROR(H27/M27,0) -> 0 | Z27: =IFERROR(+Y27/X27,0) -> 0 | AA27: =+IFERROR(U27/AH27,0) -> 0 | AB27: =+IFERROR(V27/AI27,0) -> 0 | AC27: =IFERROR(W27/AG27,0) -> 0 | AG27: =(H27+T27)+(M27/1.27) -> 0 | AH27: =(D27+R27)+(K27/1.27) -> 0 | AI27: =(F27+S27)+(L27/1.27) -> 0
B28: 43241 | I28: =IFERROR(+H28/C28,"") | N28: =IFERROR(+M28/J28,"") | P28: =+M28/1.27 -> 0 | Q28: =H28+P28 -> 0 | R28: 0 | S28: 0 | T28: =R28+S28 -> 0 | W28: =+U28+V28 -> 0 | X28: =IFERROR(C28/J28,"") | Y28: =+IFERROR(H28/M28,0) -> 0 | Z28: =IFERROR(+Y28/X28,0) -> 0 | AA28: =+IFERROR(U28/AH28,0) -> 0 | AB28: =+IFERROR(V28/AI28,0) -> 0 | AC28: =IFERROR(W28/AG28,0) -> 0 | AG28: =(H28+T28)+(M28/1.27) -> 0 | AH28: =(D28+R28)+(K28/1.27) -> 0 | AI28: =(F28+S28)+(L28/1.27) -> 0
B29: 43242 | I29: =IFERROR(+H29/C29,"") | N29: =IFERROR(+M29/J29,"") | P29: =+M29/1.27 -> 0 | Q29: =H29+P29 -> 0 | R29: 0 | S29: 0 | T29: =R29+S29 -> 0 | W29: =+U29+V29 -> 0 | X29: =IFERROR(C29/J29,"") | Y29: =+IFERROR(H29/M29,0) -> 0 | Z29: =IFERROR(+Y29/X29,0) -> 0 | AA29: =+IFERROR(U29/AH29,0) -> 0 | AB29: =+IFERROR(V29/AI29,0) -> 0 | AC29: =IFERROR(W29/AG29,0) -> 0 | AG29: =(H29+T29)+(M29/1.27) -> 0 | AH29: =(D29+R29)+(K29/1.27) -> 0 | AI29: =(F29+S29)+(L29/1.27) -> 0
B30: 43243 | I30: =IFERROR(+H30/C30,"") | N30: =IFERROR(+M30/J30,"") | P30: =+M30/1.27 -> 0 | Q30: =H30+P30 -> 0 | R30: 0 | S30: 0 | T30: =R30+S30 -> 0 | W30: =+U30+V30 -> 0 | X30: =IFERROR(C30/J30,"") | Y30: =+IFERROR(H30/M30,0) -> 0 | Z30: =IFERROR(+Y30/X30,0) -> 0 | AA30: =+IFERROR(U30/AH30,0) -> 0 | AB30: =+IFERROR(V30/AI30,0) -> 0 | AC30: =IFERROR(W30/AG30,0) -> 0 | AG30: =(H30+T30)+(M30/1.27) -> 0 | AH30: =(D30+R30)+(K30/1.27) -> 0 | AI30: =(F30+S30)+(L30/1.27) -> 0
B31: 43244 | I31: =IFERROR(+H31/C31,"") | N31: =IFERROR(+M31/J31,"") | P31: =+M31/1.27 -> 0 | Q31: =H31+P31 -> 0 | R31: 0 | S31: 0 | T31: =R31+S31 -> 0 | W31: =+U31+V31 -> 0 | X31: =IFERROR(C31/J31,"") | Y31: =+IFERROR(H31/M31,0) -> 0 | Z31: =IFERROR(+Y31/X31,0) -> 0 | AA31: =+IFERROR(U31/AH31,0) -> 0 | AB31: =+IFERROR(V31/AI31,0) -> 0 | AC31: =IFERROR(W31/AG31,0) -> 0 | AG31: =(H31+T31)+(M31/1.27) -> 0 | AH31: =(D31+R31)+(K31/1.27) -> 0 | AI31: =(F31+S31)+(L31/1.27) -> 0
... B38: 43251 | I38: =IFERROR(+H38/C38,"") | N38: =IFERROR(+M38/J38,"") | P38: =+M38/1.27 -> 0 | Q38: =H38+P38 -> 0 | R38: 0 | S38: 0 | T38: =R38+S38 -> 0 | W38: =+U38+V38 -> 0 | X38: =IFERROR(C38/J38,"") | Y38: =+IFERROR(H38/M38,0) -> 0 | Z38: =IFERROR(+Y38/X38,0) -> 0 | AA38: =+IFERROR(U38/AH38,0) -> 0 | AB38: =+IFERROR(V38/AI38,0) -> 0 | AC38: =IFERROR(W38/AG38,0) -> 0 | AG38: =(H38+T38)+(M38/1.27) -> 0 | AH38: =(D38+R38)+(K38/1.27) -> 0 | AI38: =(F38+S38)+(L38/1.27) -> 0
B39: TOTAL | C39: =SUM(C8:C38) -> 0 | D39: =SUM(D8:D38) -> 0 | F39: =SUM(F8:F38) -> 0 | H39: =SUM(H8:H38) -> 0 | I39: =IFERROR(+H39/C39,"") | J39: =SUM(J8:J38) -> 0 | K39: =SUM(K8:K38) -> 0 | L39: =SUM(L8:L38) -> 0 | M39: =SUM(M8:M38) -> 0 | N39: =IFERROR(M39/J39,"") | O39: =SUM(O8:O38) -> 0 | P39: =SUM(P8:P38) -> 0 | Q39: =SUM(Q8:Q38) -> 0 | R39: =SUM(R8:R38) -> 0 | S39: =SUM(S8:S38) -> 0 | T39: =SUM(T8:T38) -> 0 | U39: =SUM(U8:U38) -> 0 | V39: =SUM(V8:V38) -> 0 | W39: =SUM(W8:W38) -> 0 | X39: =IFERROR(C39/J39,"") | Y39: =+IFERROR(H39/M39,0) -> 0 | Z39: =IFERROR(+Y39/X39,"") | AA39: =+IFERROR(U39/AH39,0) -> 0 | AB39: =+IFERROR(V39/AI39,0) -> 0 | AC39: =IFERROR(W39/AG39,0) -> 0 | AD39: =+SUM(AD8:AD38) -> 0 | AE39: =+SUM(AE8:AE38) -> 0 | AG39: =SUM(AG8:AG38) -> 0 | AH39: =SUM(AH8:AH38) -> 0 | AI39: =SUM(AI8:AI38) -> 0
C42: MTD OB | D42: =H39 -> 0 | F42: MTD OB PAGI | I42: =+D39 -> 0 | J42: RAIN | K42: =+AD39 -> 0 | M42: Note : | N42: Plan sesuai dengan rencana kerja mingguan | W42: MTD ACHIEVEMENT
C43: MTD COAL | D43: =M39 -> 0 | F43: MTD OB MALAM | I43: =+F39 -> 0 | J43: SLIPERY | K43: =+AE39 -> 0 | M43: PLAN OB | N43: =+C39 -> 0 | P43: =IFERROR(+D42/N43,0) -> 0 | W43: UNIT | X43: PLAN | Z43: ACTUAL | AD43: ACHV | AE43: VARIANCE | AG43: WORKING DAYS IN MONTH | AH43: REMAINING DAYS
C44: FR HARIAN | D44: =+AC19 -> 0 | F44: MTD BB PAGI | I44: =+K39 -> 0 | M44: PLAN BB | N44: =+J39 -> 0 | P44: =IFERROR(+D43/N44,0) -> 0 | W44: OB | X44: =SUM(C8:C20) -> 0 | Z44: =+D42 -> 0 | AD44: =+IFERROR(Z44/X44,0) -> 0 | AE44: =+IFERROR(Z44-X44,0) -> 0 | AG44: 27.5 | AH44: =AG44-11 -> 16.5
C45: FR BULANAN | D45: =+AC39 -> 0 | F45: MTD BB MALAM | I45: =+L39 -> 0 | M45: SR | N45: =+X39 | P45: =IFERROR(+Y39/N45,0) -> 0 | W45: COAL | X45: =SUM(J8:J20) -> 0 | Z45: =+D43 -> 0 | AD45: =+IFERROR(Z45/X45,0) -> 0 | AE45: =+IFERROR(Z45-X45,0) -> 0 | AG45: TARGET PER DAY TO GET TARGET
C46: SR HARIAN | D46: =+Y19 -> 0 | M46: FR | N46: 0.8 | P46: =IFERROR(+D45/N46,0) -> 0 | W46: SR | X46: =+IFERROR(X44/X45,0) -> 0 | Z46: =+IFERROR(Z44/Z45,0) -> 0 | AD46: =+IFERROR(Z46/X46,0) -> 0 | AE46: =+IFERROR(Z46-X46,0) -> 0 | AG46: OB | AH46: =IFERROR((C39-Z44)/AH44,"") -> 0
C47: SR BULANAN | D47: =+Y39 -> 0 | AG47: COAL | AH47: =IFERROR((J39-Z45)/AH44,"") -> 0

Sheet Sheet1
G20: =1274/4 -> 318.5

Sheet Sheet2
H19: =3+8 -> 11
H20: =11*24 -> 264 | I20: =36+38+33+1+1+30+2+3 -> 144
I21: =17+25+20+21+20+17+13 -> 133
H22: =144-11 -> 133 | M22: =4+7+9+8+7+8+8+5+4 -> 60
H23: =+H22*24 -> 3192
H24: =+H23+H20 -> 3456
H25: =20+15 -> 35
H26: =+H25*24 -> 840
H27: =10+21+6+6 -> 43 | J27: =10+21 -> 31
H28: =+H27*24 -> 1032 | J28: =+J27*24 -> 744
H29: =13+11 -> 24 | J29: =24+6+6 -> 36
H30: =+H29*24 -> 576 | J30: =+J29*24 -> 864
H31: =35+43+24 -> 102 | J31: =+J30+744+840 -> 2448
H32: =576+840+1032 -> 2448

Sheet Sheet4
A1: 27 | C1: 26.26 | E1: SL3 | F1: =+C1+C2+C7+C8+C13+C14+C17+C18+C24+C25+C30 -> 293.39
A2: 27 | C2: 27.58 | E2: SL4 | F2: =+C3+C4+C5+C9+C10+C11+C15+C19+C20+C21+C26+C27+C31+C32 -> 386.89
A3: 27 | C3: 27.62 | F3: =+F2+F1 -> 680.28
A4: 27.2 | C4: 28.22 | E4: SL-2 | F4: =+C35-F3 -> 232.89
A5: 25.92 | C5: 27.9
A6: 27.89 | C6: 27.6
A7: 29.66 | C7: 26.24
A8: 25.89 | C8: 26.49
A9: 27.11 | C9: 26.96
A10: 27.34 | C10: 27.79
A11: 26.43 | C11: 27.6
A12: 26.15 | C12: 27.47
A13: 27.49 | C13: 24.29
A14: 25.89 | C14: 26.09
A15: 28.79 | C15: 26.99
A16: 28.74 | C16: 27.08
... A32: 25.33 | C32: 27.54
A33: 25.07 | C33: =45.78-16.41 -> 29.37
A34: 27 | C34: 26.25
A35: 27 | C35: =+SUM(C1:C34) -> 913.17
A36: 27
A37: 27
A38: 27
A39: 27
A40: 28.09
A41: 27.66
A42: 27.74
A43: 27
A44: 26.44
A45: 27.84
A46: 27
A47: 28.15
... A51: 27.26
A52: =+SUM(A1:A51) -> 1362.8 | B52: =+A52+C35 -> 2275.97

Sheet 42
B2: PT. SUMBER MITRA JAYA | AG2: SMJ(B)-S-MA-PR-IV-01
B3: REKAP DAILY REPORT APRIL 2022
B4: PIT 42 GAR | AL4: U/FUEL
B5: TGL | C5: OVERBURDEN (BCM) | M5: BATUBARA | T5: TOTAL MATERIAL (BCM) | U5: NON VOLUME (BCM) | Y5: Solar Pagi | Z5: Solar malam | AA5: PEMAKAIAN SOLAR (LTR) | AB5: SR | AE5: FR PAGI | AF5: FR MALAM | AG5: FR | AH5: RAIN | AI5: SLIPERY | AJ5: PEMAKAIAN SOLAR (LTR) (Jetty) | AL5: TOTAL MATERIAL (BCM) | AM5: Total Material Pagi | AN5: Total Material Malam
C6: PLAN | K6: % | M6: PLAN | N6: ACTUAL | Q6: % | R6: ACTUAL
D7: PAGI | E7: Fleet | G7: MALAM | H7: Fleet | J7: TOTAL | L7: DEVIASI | N7: PAGI | O7: MALAM | P7: TOTAL | R7: RIT | S7: (BCM) | U7: PAGI | V7: MALAM | W7: TOTAL | X7: DEVIASI | AB7: PLAN | AC7: ACT | AD7: %ACH
B8: 44652 | F8: fleet | I8: fleet | J8: =+D8+G8 -> 0 | K8: =IFERROR(+J8/C8,"") | L8: =J8-C8 -> 0 | P8: =+O8+N8 -> 0 | Q8: =IFERROR(+P8/M8,"") | R8: =+'[1]Daily All PIT'!$O$8 -> 76 | S8: =+P8/1.27 -> 0 | T8: =J8+S8 -> 0 | U8: =+'PIT GAR 42'!R8+#REF! -> #REF! | V8: =+'PIT GAR 42'!S8+#REF! -> #REF! | W8: =U8+V8 -> #REF! | X8: =P8-M8 -> 0 | AA8: =+Y8+Z8 -> 0 | AB8: =+IFERROR(C8/M8,0) -> 0 | AC8: =+IFERROR(J8/P8,0) -> 0 | AD8: =IFERROR(+AC8/AB8,"") | AE8: =+Y8/(D8+(N8/1.27)) -> #DIV/0! | AF8: =+Z8/(G8+(O8/1.27)) -> #DIV/0! | AG8: =+AA8/(J8+(P8/1.27)) -> #DIV/0! | AJ8: 124 | AL8: =+AM8+AN8 -> 0 | AM8: =+AO8+D8 -> 0 | AN8: =+AP8+G8 -> 0 | AO8: =+N8/1.27 -> 0 | AP8: =+O8/1.27 -> 0 | AQ8: =+AP8+AO8 -> 0 | AR8: =+AQ8-S8 -> 0 | AS8: =+AQ8+J8 -> 0
B9: 44653 | F9: fleet | I9: fleet | J9: =+D9+G9 -> 0 | K9: =IFERROR(+J9/C9,"") | L9: =J9-C9 -> 0 | P9: =+O9+N9 -> 0 | Q9: =IFERROR(+P9/M9,"") | R9: =+'[1]Daily All PIT'!O9 -> 34 | S9: =+P9/1.27 -> 0 | T9: =J9+S9 -> 0 | U9: =+'PIT GAR 42'!R9+#REF! -> #REF! | V9: =+'PIT GAR 42'!S9+#REF! -> #REF! | W9: =U9+V9 -> #REF! | X9: =P9-M9 -> 0 | AA9: =+Y9+Z9 -> 0 | AB9: =+IFERROR(C9/M9,0) -> 0 | AC9: =+IFERROR(J9/P9,0) -> 0 | AD9: =IFERROR(+AC9/AB9,"") | AE9: =+Y9/(D9+(N9/1.27)) -> #DIV/0! | AF9: =+Z9/(G9+(O9/1.27)) -> #DIV/0! | AG9: =+AA9/(J9+(P9/1.27)) -> #DIV/0! | AJ9: 517 | AL9: =+AM9+AN9 -> 0 | AM9: =+AO9+D9 -> 0 | AN9: =+AP9+G9 -> 0 | AO9: =+N9/1.27 -> 0 | AP9: =+O9/1.27 -> 0 | AQ9: =+AP9+AO9 -> 0 | AR9: =+AQ9-S9 -> 0 | AS9: =+AQ9+J9 -> 0
B10: 44654 | F10: fleet | I10: fleet | J10: =+D10+G10 -> 0 | K10: =IFERROR(+J10/C10,"") | L10: =J10-C10 -> 0 | P10: =+O10+N10 -> 0 | Q10: =IFERROR(+P10/M10,"") | R10: =+'[1]Daily All PIT'!O10 -> 85 | S10: =+P10/1.27 -> 0 | T10: =J10+S10 -> 0 | U10: =+'PIT GAR 42'!R10+#REF! -> #REF! | V10: =+'PIT GAR 42'!S10+#REF! -> #REF! | W10: =U10+V10 -> #REF! | X10: =P10-M10 -> 0 | AA10: =+Y10+Z10 -> 0 | AB10: =+IFERROR(C10/M10,0) -> 0 | AC10: =+IFERROR(J10/P10,0) -> 0 | AD10: =IFERROR(+AC10/AB10,"") | AE10: =+Y10/(D10+(N10/1.27)) -> #DIV/0! | AF10: =+Z10/(G10+(O10/1.27)) -> #DIV/0! | AG10: =+AA10/(J10+(P10/1.27)) -> #DIV/0! | AJ10: 1531 | AL10: =+AM10+AN10 -> 0 | AM10: =+AO10+D10 -> 0 | AN10: =+AP10+G10 -> 0 | AO10: =+N10/1.27 -> 0 | AP10: =+O10/1.27 -> 0 | AQ10: =+AP10+AO10 -> 0 | AR10: =+AQ10-S10 -> 0 | AS10: =+AQ10+J10 -> 0
B11: 44655 | F11: fleet | I11: fleet | J11: =+D11+G11 -> 0 | K11: =IFERROR(+J11/C11,"") | L11: =J11-C11 -> 0 | P11: =+O11+N11 -> 0 | Q11: =IFERROR(+P11/M11,"") | R11: =+'[1]Daily All PIT'!O11 -> 77 | S11: =+P11/1.27 -> 0 | T11: =J11+S11 -> 0 | U11: =+'PIT GAR 42'!R11+#REF! -> #REF! | V11: =+'PIT GAR 42'!S11+#REF! -> #REF! | W11: =U11+V11 -> #REF! | X11: =P11-M11 -> 0 | AA11: =+Y11+Z11 -> 0 | AB11: =+IFERROR(C11/M11,0) -> 0 | AC11: =+IFERROR(J11/P11,0) -> 0 | AD11: =IFERROR(+AC11/AB11,"") | AE11: =+Y11/(D11+(N11/1.27)) -> #DIV/0! | AF11: =+Z11/(G11+(O11/1.27)) -> #DIV/0! | AG11: =+AA11/(J11+(P11/1.27)) -> #DIV/0! | AJ11: 257 | AL11: =+AM11+AN11 -> 0 | AM11: =+AO11+D11 -> 0 | AN11: =+AP11+G11 -> 0 | AO11: =+N11/1.27 -> 0 | AP11: =+O11/1.27 -> 0 | AQ11: =+AP11+AO11 -> 0 | AR11: =+AQ11-S11 -> 0 | AS11: =+AQ11+J11 -> 0
B12: 44656 | F12: fleet | I12: fleet | J12: =+D12+G12 -> 0 | K12: =IFERROR(+J12/C12,"") | L12: =J12-C12 -> 0 | P12: =+O12+N12 -> 0 | Q12: =IFERROR(+P12/M12,"") | R12: =+'[1]Daily All PIT'!O12 -> 35 | S12: =+P12/1.27 -> 0 | T12: =J12+S12 -> 0 | U12: =+'PIT GAR 42'!R12+#REF! -> #REF! | V12: =+'PIT GAR 42'!S12+#REF! -> #REF! | W12: =U12+V12 -> #REF! | X12: =P12-M12 -> 0 | AA12: =+Y12+Z12 -> 0 | AB12: =+IFERROR(C12/M12,0) -> 0 | AC12: =+IFERROR(J12/P12,0) -> 0 | AD12: =IFERROR(+AC12/AB12,"") | AE12: =+Y12/(D12+(N12/1.27)) -> #DIV/0! | AF12: =+Z12/(G12+(O12/1.27)) -> #DIV/0! | AG12: =+AA12/(J12+(P12/1.27)) -> #DIV/0! | AJ12: 877 | AL12: =+AM12+AN12 -> 0 | AM12: =+AO12+D12 -> 0 | AN12: =+AP12+G12 -> 0 | AO12: =+N12/1.27 -> 0 | AP12: =+O12/1.27 -> 0 | AQ12: =+AP12+AO12 -> 0 | AR12: =+AQ12-S12 -> 0 | AS12: =+AQ12+J12 -> 0
B13: 44657 | F13: fleet | I13: fleet | J13: =+D13+G13 -> 0 | K13: =IFERROR(+J13/C13,"") | L13: =J13-C13 -> 0 | P13: =+O13+N13 -> 0 | Q13: =IFERROR(+P13/M13,"") | R13: =+'[1]Daily All PIT'!O13 -> 83 | S13: =+P13/1.27 -> 0 | T13: =J13+S13 -> 0 | U13: =+'PIT GAR 42'!R13+#REF! -> #REF! | V13: =+'PIT GAR 42'!S13+#REF! -> #REF! | W13: =U13+V13 -> #REF! | X13: =P13-M13 -> 0 | AA13: =+Y13+Z13 -> 0 | AB13: =+IFERROR(C13/M13,0) -> 0 | AC13: =+IFERROR(J13/P13,0) -> 0 | AD13: =IFERROR(+AC13/AB13,"") | AE13: =+Y13/(D13+(N13/1.27)) -> #DIV/0! | AF13: =+Z13/(G13+(O13/1.27)) -> #DIV/0! | AG13: =+AA13/(J13+(P13/1.27)) -> #DIV/0! | AJ13: 883 | AL13: =+AM13+AN13 -> 0 | AM13: =+AO13+D13 -> 0 | AN13: =+AP13+G13 -> 0 | AO13: =+N13/1.27 -> 0 | AP13: =+O13/1.27 -> 0 | AQ13: =+AP13+AO13 -> 0 | AR13: =+AQ13-S13 -> 0 | AS13: =+AQ13+J13 -> 0
B14: 44658 | F14: fleet | I14: fleet | J14: =+D14+G14 -> 0 | K14: =IFERROR(+J14/C14,"") | L14: =J14-C14 -> 0 | P14: =+O14+N14 -> 0 | Q14: =IFERROR(+P14/M14,"") | R14: =+'[1]Daily All PIT'!O14 -> 40 | S14: =+P14/1.27 -> 0 | T14: =J14+S14 -> 0 | U14: =+'PIT GAR 42'!R14+#REF! -> #REF! | V14: =+'PIT GAR 42'!S14+#REF! -> #REF! | W14: =U14+V14 -> #REF! | X14: =P14-M14 -> 0 | AA14: =+Y14+Z14 -> 0 | AB14: =+IFERROR(C14/M14,0) -> 0 | AC14: =+IFERROR(J14/P14,0) -> 0 | AD14: =IFERROR(+AC14/AB14,"") | AE14: =+Y14/(D14+(N14/1.27)) -> #DIV/0! | AF14: =+Z14/(G14+(O14/1.27)) -> #DIV/0! | AG14: =+AA14/(J14+(P14/1.27)) -> #DIV/0! | AJ14: 593 | AL14: =+AM14+AN14 -> 0 | AM14: =+AO14+D14 -> 0 | AN14: =+AP14+G14 -> 0 | AO14: =+N14/1.27 -> 0 | AP14: =+O14/1.27 -> 0 | AQ14: =+AP14+AO14 -> 0 | AR14: =+AQ14-S14 -> 0 | AS14: =+AQ14+J14 -> 0
B15: 44659 | F15: fleet | I15: fleet | J15: =+D15+G15 -> 0 | K15: =IFERROR(+J15/C15,"") | L15: =J15-C15 -> 0 | P15: =+O15+N15 -> 0 | Q15: =IFERROR(+P15/M15,"") | R15: =+'[1]Daily All PIT'!O15 -> 66 | S15: =+P15/1.27 -> 0 | T15: =J15+S15 -> 0 | U15: =+'PIT GAR 42'!R15+#REF! -> #REF! | V15: =+'PIT GAR 42'!S15+#REF! -> #REF! | W15: =U15+V15 -> #REF! | X15: =P15-M15 -> 0 | AA15: =+Y15+Z15 -> 0 | AB15: =+IFERROR(C15/M15,0) -> 0 | AC15: =+IFERROR(J15/P15,0) -> 0 | AD15: =IFERROR(+AC15/AB15,"") | AE15: =+Y15/(D15+(N15/1.27)) -> #DIV/0! | AF15: =+Z15/(G15+(O15/1.27)) -> #DIV/0! | AG15: =+AA15/(J15+(P15/1.27)) -> #DIV/0! | AJ15: 848 | AL15: =+AM15+AN15 -> 0 | AM15: =+AO15+D15 -> 0 | AN15: =+AP15+G15 -> 0 | AO15: =+N15/1.27 -> 0 | AP15: =+O15/1.27 -> 0 | AQ15: =+AP15+AO15 -> 0 | AR15: =+AQ15-S15 -> 0 | AS15: =+AQ15+J15 -> 0
B16: 44660 | F16: fleet | I16: fleet | J16: =+D16+G16 -> 0 | K16: =IFERROR(+J16/C16,"") | L16: =J16-C16 -> 0 | P16: =+O16+N16 -> 0 | Q16: =IFERROR(+P16/M16,"") | R16: =+'[1]Daily All PIT'!O16 -> 0 | S16: =+P16/1.27 -> 0 | T16: =J16+S16 -> 0 | U16: =+'PIT GAR 42'!R16+#REF! -> #REF! | V16: =+'PIT GAR 42'!S16+#REF! -> #REF! | W16: =U16+V16 -> #REF! | X16: =P16-M16 -> 0 | AA16: =+Y16+Z16 -> 0 | AB16: =+IFERROR(C16/M16,0) -> 0 | AC16: =+IFERROR(J16/P16,0) -> 0 | AD16: =IFERROR(+AC16/AB16,"") | AE16: =+Y16/(D16+(N16/1.27)) -> #DIV/0! | AF16: =+Z16/(G16+(O16/1.27)) -> #DIV/0! | AG16: =+AA16/(J16+(P16/1.27)) -> #DIV/0! | AJ16: 321 | AL16: =+AM16+AN16 -> 0 | AM16: =+AO16+D16 -> 0 | AN16: =+AP16+G16 -> 0 | AO16: =+N16/1.27 -> 0 | AP16: =+O16/1.27 -> 0 | AQ16: =+AP16+AO16 -> 0 | AR16: =+AQ16-S16 -> 0 | AS16: =+AQ16+J16 -> 0
B17: 44661 | F17: fleet | I17: fleet | J17: =+D17+G17 -> 0 | K17: =IFERROR(+J17/C17,"") | L17: =J17-C17 -> 0 | P17: =+O17+N17 -> 0 | Q17: =IFERROR(+P17/M17,"") | R17: =+'[1]Daily All PIT'!O17 -> 61 | S17: =+P17/1.27 -> 0 | T17: =J17+S17 -> 0 | U17: =+'PIT GAR 42'!R17+#REF! -> #REF! | V17: =+'PIT GAR 42'!S17+#REF! -> #REF! | W17: =U17+V17 -> #REF! | X17: =P17-M17 -> 0 | AA17: =+Y17+Z17 -> 0 | AB17: =+IFERROR(C17/M17,0) -> 0 | AC17: =+IFERROR(J17/P17,0) -> 0 | AD17: =IFERROR(+AC17/AB17,"") | AE17: =+Y17/(D17+(N17/1.27)) -> #DIV/0! | AF17: =+Z17/(G17+(O17/1.27)) -> #DIV/0! | AG17: =+AA17/(J17+(P17/1.27)) -> #DIV/0! | AJ17: 447 | AL17: =+AM17+AN17 -> 0 | AM17: =+AO17+D17 -> 0 | AN17: =+AP17+G17 -> 0 | AO17: =+N17/1.27 -> 0 | AP17: =+O17/1.27 -> 0 | AQ17: =+AP17+AO17 -> 0 | AR17: =+AQ17-S17 -> 0 | AS17: =+AQ17+J17 -> 0
B18: 44662 | F18: fleet | I18: fleet | J18: =+D18+G18 -> 0 | K18: =IFERROR(+J18/C18,"") | L18: =J18-C18 -> 0 | P18: =+O18+N18 -> 0 | Q18: =IFERROR(+P18/M18,"") | R18: =+'[1]Daily All PIT'!O18 -> 34 | S18: =+P18/1.27 -> 0 | T18: =J18+S18 -> 0 | U18: =+'PIT GAR 42'!R18+#REF! -> #REF! | V18: =+'PIT GAR 42'!S18+#REF! -> #REF! | W18: =U18+V18 -> #REF! | X18: =P18-M18 -> 0 | AA18: =+Y18+Z18 -> 0 | AB18: =+IFERROR(C18/M18,0) -> 0 | AC18: =+IFERROR(J18/P18,0) -> 0 | AD18: =IFERROR(+AC18/AB18,"") | AE18: =+Y18/(D18+(N18/1.27)) -> #DIV/0! | AF18: =+Z18/(G18+(O18/1.27)) -> #DIV/0! | AG18: =+AA18/(J18+(P18/1.27)) -> #DIV/0! | AJ18: 1012 | AL18: =+AM18+AN18 -> 0 | AM18: =+AO18+D18 -> 0 | AN18: =+AP18+G18 -> 0 | AO18: =+N18/1.27 -> 0 | AP18: =+O18/1.27 -> 0 | AQ18: =+AP18+AO18 -> 0 | AR18: =+AQ18-S18 -> 0 | AS18: =+AQ18+J18 -> 0 | AU18: 20.1
B19: 44663 | F19: fleet | I19: fleet | J19: =+D19+G19 -> 0 | K19: =IFERROR(+J19/C19,"") | L19: =J19-C19 -> 0 | P19: =+O19+N19 -> 0 | Q19: =IFERROR(+P19/M19,"") | R19: =+'[1]Daily All PIT'!O19 -> 63 | S19: =+P19/1.27 -> 0 | T19: =J19+S19 -> 0 | U19: =+'PIT GAR 42'!R19+#REF! -> #REF! | V19: =+'PIT GAR 42'!S19+#REF! -> #REF! | W19: =U19+V19 -> #REF! | X19: =P19-M19 -> 0 | AA19: =+Y19+Z19 -> 0 | AB19: =+IFERROR(C19/M19,0) -> 0 | AC19: =+IFERROR(J19/P19,0) -> 0 | AD19: =IFERROR(+AC19/AB19,"") | AE19: =+Y19/(D19+(N19/1.27)) -> #DIV/0! | AF19: =+Z19/(G19+(O19/1.27)) -> #DIV/0! | AG19: =+AA19/(J19+(P19/1.27)) -> #DIV/0! | AJ19: 446 | AL19: =+AM19+AN19 -> 0 | AM19: =+AO19+D19 -> 0 | AN19: =+AP19+G19 -> 0 | AO19: =+N19/1.27 -> 0 | AP19: =+O19/1.27 -> 0 | AQ19: =+AP19+AO19 -> 0 | AR19: =+AQ19-S19 -> 0 | AS19: =+AQ19+J19 -> 0 | AU19: 19.76
B20: 44664 | F20: fleet | I20: fleet | J20: =+D20+G20 -> 0 | K20: =IFERROR(+J20/C20,"") | L20: =J20-C20 -> 0 | P20: =+O20+N20 -> 0 | Q20: =IFERROR(+P20/M20,"") | R20: =+'[1]Daily All PIT'!O20 -> 80 | S20: =+P20/1.27 -> 0 | T20: =J20+S20 -> 0 | U20: =+'PIT GAR 42'!R20+#REF! -> #REF! | V20: =+'PIT GAR 42'!S20+#REF! -> #REF! | W20: =U20+V20 -> #REF! | X20: =P20-M20 -> 0 | AA20: =+Y20+Z20 -> 0 | AB20: =+IFERROR(C20/M20,0) -> 0 | AC20: =+IFERROR(J20/P20,0) -> 0 | AD20: =IFERROR(+AC20/AB20,"") | AE20: =+Y20/(D20+(N20/1.27)) -> #DIV/0! | AF20: =+Z20/(G20+(O20/1.27)) -> #DIV/0! | AG20: =+AA20/(J20+(P20/1.27)) -> #DIV/0! | AJ20: 20 | AL20: =+AM20+AN20 -> 0 | AM20: =+AO20+D20 -> 0 | AN20: =+AP20+G20 -> 0 | AO20: =+N20/1.27 -> 0 | AP20: =+O20/1.27 -> 0 | AQ20: =+AP20+AO20 -> 0 | AR20: =+AQ20-S20 -> 0 | AS20: =+AQ20+J20 -> 0 | AU20: 20.06
B21: 44665 | F21: fleet | I21: fleet | J21: =+D21+G21 -> 0 | K21: =IFERROR(+J21/C21,"") | L21: =J21-C21 -> 0 | P21: =+O21+N21 -> 0 | Q21: =IFERROR(+P21/M21,"") | R21: =+'[1]Daily All PIT'!O21 -> 61 | S21: =+P21/1.27 -> 0 | T21: =J21+S21 -> 0 | U21: =+'PIT GAR 42'!R21+#REF! -> #REF! | V21: =+'PIT GAR 42'!S21+#REF! -> #REF! | W21: =U21+V21 -> #REF! | X21: =P21-M21 -> 0 | AA21: =+Y21+Z21 -> 0 | AB21: =+IFERROR(C21/M21,0) -> 0 | AC21: =+IFERROR(J21/P21,0) -> 0 | AD21: =IFERROR(+AC21/AB21,"") | AE21: =+Y21/(D21+(N21/1.27)) -> #DIV/0! | AF21: =+Z21/(G21+(O21/1.27)) -> #DIV/0! | AG21: =+AA21/(J21+(P21/1.27)) -> #DIV/0! | AJ21: 0 | AL21: =+AM21+AN21 -> 0 | AM21: =+AO21+D21 -> 0 | AN21: =+AP21+G21 -> 0 | AO21: =+N21/1.27 -> 0 | AP21: =+O21/1.27 -> 0 | AQ21: =+AP21+AO21 -> 0 | AR21: =+AQ21-S21 -> 0 | AS21: =+AQ21+J21 -> 0 | AU21: 20.97
B22: 44666 | F22: fleet | I22: fleet | J22: =+D22+G22 -> 0 | K22: =IFERROR(+J22/C22,"") | L22: =J22-C22 -> 0 | P22: =+O22+N22 -> 0 | Q22: =IFERROR(+P22/M22,"") | R22: 112 | S22: 2015.5197 | T22: 40751.52 | U22: 0 | V22: 0 | W22: 0 | X22: =P22-M22 -> 0 | AA22: =+Y22+Z22 -> 0 | AB22: =+IFERROR(C22/M22,0) -> 0 | AC22: =+IFERROR(J22/P22,0) -> 0 | AD22: =IFERROR(+AC22/AB22,"") | AE22: =+Y22/(D22+(N22/1.27)) -> #DIV/0! | AF22: =+Z22/(G22+(O22/1.27)) -> #DIV/0! | AG22: =+AA22/(J22+(P22/1.27)) -> #DIV/0! | AJ22: 871 | AL22: =+AM22+AN22 -> 0 | AM22: =+AO22+D22 -> 0 | AN22: =+AP22+G22 -> 0 | AO22: =+N22/1.27 -> 0 | AP22: =+O22/1.27 -> 0 | AQ22: =+AP22+AO22 -> 0 | AR22: =+AQ22-S22 -> -2015.5197 | AS22: =+AQ22+J22 -> 0 | AU22: 19.56
B23: 44667 | F23: fleet | G23: 0 | I23: fleet | J23: =+D23+G23 -> 0 | K23: =IFERROR(+J23/C23,"") | L23: =J23-C23 -> 0 | P23: =+O23+N23 -> 0 | Q23: =IFERROR(+P23/M23,"") | R23: 128 | S23: 2405.6378 | T23: 42821.638 | U23: 0 | V23: 0 | W23: 0 | X23: =P23-M23 -> 0 | AA23: =+Y23+Z23 -> 0 | AB23: =+IFERROR(C23/M23,0) -> 0 | AC23: =+IFERROR(J23/P23,0) -> 0 | AD23: =IFERROR(+AC23/AB23,"") | AE23: =+Y23/(D23+(N23/1.27)) -> #DIV/0! | AF23: =+Z23/(G23+(O23/1.27)) -> #DIV/0! | AG23: =+AA23/(J23+(P23/1.27)) -> #DIV/0! | AJ23: =+'[2]Daily All PIT'!$AF$23 -> 366 | AL23: =+AM23+AN23 -> 0 | AM23: =+AO23+D23 -> 0 | AN23: =+AP23+G23 -> 0 | AO23: =+N23/1.27 -> 0 | AP23: =+O23/1.27 -> 0 | AQ23: =+AP23+AO23 -> 0 | AR23: =+AQ23-S23 -> -2405.6378 | AS23: =+AQ23+J23 -> 0 | AU23: 22.16
B24: 44668 | D24: 0 | E24: 0 | F24: fleet | G24: 0 | H24: 0 | I24: fleet | J24: =+D24+G24 -> 0 | K24: =IFERROR(+J24/C24,"") | L24: =J24-C24 -> 0 | N24: 0 | O24: 0 | P24: =+O24+N24 -> 0 | Q24: =IFERROR(+P24/M24,"") | R24: 64 | S24: 1188.748 | T24: 41940.748 | U24: 0 | V24: 0 | W24: 0 | X24: =P24-M24 -> 0 | Y24: 0 | Z24: 0 | AA24: =+Y24+Z24 -> 0 | AB24: =+IFERROR(C24/M24,0) -> 0 | AC24: =+IFERROR(J24/P24,0) -> 0 | AD24: =IFERROR(+AC24/AB24,"") | AE24: =+Y24/(D24+(N24/1.27)) -> #DIV/0! | AF24: =+Z24/(G24+(O24/1.27)) -> #DIV/0! | AG24: =+AA24/(J24+(P24/1.27)) -> #DIV/0! | AJ24: 900 | AL24: =+AM24+AN24 -> 0 | AM24: =+AO24+D24 -> 0 | AN24: =+AP24+G24 -> 0 | AO24: =+N24/1.27 -> 0 | AP24: =+O24/1.27 -> 0 | AQ24: =+AP24+AO24 -> 0 | AR24: =+AQ24-S24 -> -1188.748 | AS24: =+AQ24+J24 -> 0 | AU24: 21.71
B25: 44669 | D25: 0 | E25: 0 | F25: fleet | G25: 0 | H25: 0 | I25: fleet | J25: =+D25+G25 -> 0 | K25: =IFERROR(+J25/C25,"") | L25: =J25-C25 -> 0 | N25: 0 | O25: 0 | P25: =+O25+N25 -> 0 | Q25: =IFERROR(+P25/M25,"") | R25: 80 | S25: 1452.7165 | T25: 32940.717 | U25: 0 | V25: 0 | W25: 0 | X25: =P25-M25 -> 0 | Y25: 0 | Z25: 0 | AA25: =+Y25+Z25 -> 0 | AB25: =+IFERROR(C25/M25,0) -> 0 | AC25: =+IFERROR(J25/P25,0) -> 0 | AD25: =IFERROR(+AC25/AB25,"") | AE25: =+Y25/(D25+(N25/1.27)) -> #DIV/0! | AF25: =+Z25/(G25+(O25/1.27)) -> #DIV/0! | AG25: =+AA25/(J25+(P25/1.27)) -> #DIV/0! | AJ25: 275 | AL25: =+AM25+AN25 -> 0 | AM25: =+AO25+D25 -> 0 | AN25: =+AP25+G25 -> 0 | AO25: =+N25/1.27 -> 0 | AP25: =+O25/1.27 -> 0 | AQ25: =+AP25+AO25 -> 0 | AR25: =+AQ25-S25 -> -1452.7165 | AS25: =+AQ25+J25 -> 0 | AU25: 22.24
B26: 44670 | D26: 0 | E26: 0 | F26: fleet | G26: 0 | H26: 0 | I26: fleet | J26: =+D26+G26 -> 0 | K26: =IFERROR(+J26/C26,"") | L26: =J26-C26 -> 0 | N26: 0 | O26: 0 | P26: =+O26+N26 -> 0 | Q26: =IFERROR(+P26/M26,"") | R26: =+'[1]Daily All PIT'!O26 -> 80 | S26: =+P26/1.27 -> 0 | T26: =J26+S26 -> 0 | U26: =+'PIT GAR 42'!R26+#REF! -> #REF! | V26: =+'PIT GAR 42'!S26+#REF! -> #REF! | W26: =U26+V26 -> #REF! | X26: =P26-M26 -> 0 | Y26: 0 | Z26: 0 | AA26: =+Y26+Z26 -> 0 | AB26: =+IFERROR(C26/M26,0) -> 0 | AC26: =+IFERROR(J26/P26,0) -> 0 | AD26: =IFERROR(+AC26/AB26,"") | AE26: =+Y26/(D26+(N26/1.27)) -> #DIV/0! | AF26: =+Z26/(G26+(O26/1.27)) -> #DIV/0! | AG26: =+AA26/(J26+(P26/1.27)) -> #DIV/0! | AL26: =+AM26+AN26 -> 0 | AM26: =+AO26+D26 -> 0 | AN26: =+AP26+G26 -> 0 | AO26: =+N26/1.27 -> 0 | AP26: =+O26/1.27 -> 0 | AQ26: =+AP26+AO26 -> 0 | AR26: =+AQ26-S26 -> 0 | AS26: =+AQ26+J26 -> 0 | AU26: 21.9
B27: 44671 | F27: fleet | I27: fleet | J27: =+D27+G27 -> 0 | K27: =IFERROR(+J27/C27,"") | L27: =J27-C27 -> 0 | N27: 0 | O27: 0 | P27: =+O27+N27 -> 0 | Q27: =IFERROR(+P27/M27,"") | R27: =+'[1]Daily All PIT'!O27 -> 87 | S27: =+P27/1.27 -> 0 | T27: =J27+S27 -> 0 | U27: =+'PIT GAR 42'!R27+#REF! -> #REF! | V27: =+'PIT GAR 42'!S27+#REF! -> #REF! | W27: =U27+V27 -> #REF! | X27: =P27-M27 -> 0 | AA27: =+Y27+Z27 -> 0 | AB27: =+IFERROR(C27/M27,0) -> 0 | AC27: =+IFERROR(J27/P27,0) -> 0 | AD27: =IFERROR(+AC27/AB27,"") | AE27: =+Y27/(D27+(N27/1.27)) -> #DIV/0! | AF27: =+Z27/(G27+(O27/1.27)) -> #DIV/0! | AG27: =+AA27/(J27+(P27/1.27)) -> #DIV/0! | AL27: =+AM27+AN27 -> 0 | AM27: =+AO27+D27 -> 0 | AN27: =+AP27+G27 -> 0 | AO27: =+N27/1.27 -> 0 | AP27: =+O27/1.27 -> 0 | AQ27: =+AP27+AO27 -> 0 | AR27: =+AQ27-S27 -> 0 | AS27: =+AQ27+J27 -> 0 | AU27: =34.75-13.11 -> 21.64
B28: 44672 | F28: fleet | I28: fleet | J28: =+D28+G28 -> 0 | K28: =IFERROR(+J28/C28,"") | L28: =J28-C28 -> 0 | N28: 0 | O28: 0 | P28: =+O28+N28 -> 0 | Q28: =IFERROR(+P28/M28,"") | R28: =+'[1]Daily All PIT'!O28 -> 99 | S28: =+P28/1.27 -> 0 | T28: =J28+S28 -> 0 | U28: =+'PIT GAR 42'!R28+#REF! -> #REF! | V28: =+'PIT GAR 42'!S28+#REF! -> #REF! | W28: =U28+V28 -> #REF! | X28: =P28-M28 -> 0 | AA28: =+Y28+Z28 -> 0 | AB28: =+IFERROR(C28/M28,0) -> 0 | AC28: =+IFERROR(J28/P28,0) -> 0 | AD28: =IFERROR(+AC28/AB28,"") | AE28: =+Y28/(D28+(N28/1.27)) -> #DIV/0! | AF28: =+Z28/(G28+(O28/1.27)) -> #DIV/0! | AG28: =+AA28/(J28+(P28/1.27)) -> #DIV/0! | AL28: =+AM28+AN28 -> 0 | AM28: =+AO28+D28 -> 0 | AN28: =+AP28+G28 -> 0 | AO28: =+N28/1.27 -> 0 | AP28: =+O28/1.27 -> 0 | AQ28: =+AP28+AO28 -> 0 | AR28: =+AQ28-S28 -> 0 | AS28: =+AQ28+J28 -> 0 | AU28: 21
B29: 44673 | F29: fleet | I29: fleet | J29: =+D29+G29 -> 0 | K29: =IFERROR(+J29/C29,"") | L29: =J29-C29 -> 0 | N29: 0 | O29: 0 | P29: =+O29+N29 -> 0 | Q29: =IFERROR(+P29/M29,"") | R29: =+'[1]Daily All PIT'!O29 -> 73 | S29: =+P29/1.27 -> 0 | T29: =J29+S29 -> 0 | U29: =+'PIT GAR 42'!R29+#REF! -> #REF! | V29: =+'PIT GAR 42'!S29+#REF! -> #REF! | W29: =U29+V29 -> #REF! | X29: =P29-M29 -> 0 | AA29: =+Y29+Z29 -> 0 | AB29: =+IFERROR(C29/M29,0) -> 0 | AC29: =+IFERROR(J29/P29,0) -> 0 | AD29: =IFERROR(+AC29/AB29,"") | AE29: =+Y29/(D29+(N29/1.27)) -> #DIV/0! | AF29: =+Z29/(G29+(O29/1.27)) -> #DIV/0! | AG29: =+AA29/(J29+(P29/1.27)) -> #DIV/0! | AL29: =+AM29+AN29 -> 0 | AM29: =+AO29+D29 -> 0 | AN29: =+AP29+G29 -> 0 | AO29: =+N29/1.27 -> 0 | AP29: =+O29/1.27 -> 0 | AQ29: =+AP29+AO29 -> 0 | AR29: =+AQ29-S29 -> 0 | AS29: =+AQ29+J29 -> 0 | AU29: 19.65
B30: 44674 | F30: fleet | I30: fleet | J30: =+D30+G30 -> 0 | K30: =IFERROR(+J30/C30,"") | L30: =J30-C30 -> 0 | N30: 0 | O30: 0 | P30: =+O30+N30 -> 0 | Q30: =IFERROR(+P30/M30,"") | R30: =+'[1]Daily All PIT'!O30 -> 14 | S30: =+P30/1.27 -> 0 | T30: =J30+S30 -> 0 | U30: =+'PIT GAR 42'!R30+#REF! -> #REF! | V30: =+'PIT GAR 42'!S30+#REF! -> #REF! | W30: =U30+V30 -> #REF! | X30: =P30-M30 -> 0 | AA30: =+Y30+Z30 -> 0 | AB30: =+IFERROR(C30/M30,0) -> 0 | AC30: =+IFERROR(J30/P30,0) -> 0 | AD30: =IFERROR(+AC30/AB30,"") | AE30: =+Y30/(D30+(N30/1.27)) -> #DIV/0! | AF30: =+Z30/(G30+(O30/1.27)) -> #DIV/0! | AG30: =+AA30/(J30+(P30/1.27)) -> #DIV/0! | AL30: =+AM30+AN30 -> 0 | AM30: =+AO30+D30 -> 0 | AN30: =+AP30+G30 -> 0 | AO30: =+N30/1.27 -> 0 | AP30: =+O30/1.27 -> 0 | AQ30: =+AP30+AO30 -> 0 | AR30: =+AQ30-S30 -> 0 | AS30: =+AQ30+J30 -> 0 | AU30: 20.07
B31: 44675 | F31: fleet | I31: fleet | J31: =+D31+G31 -> 0 | K31: =IFERROR(+J31/C31,"") | L31: =J31-C31 -> 0 | N31: 0 | O31: 0 | P31: =+O31+N31 -> 0 | Q31: =IFERROR(+P31/M31,"") | R31: =+'[1]Daily All PIT'!O31 -> 55 | S31: =+P31/1.27 -> 0 | T31: =J31+S31 -> 0 | U31: =+'PIT GAR 42'!R31+#REF! -> #REF! | V31: =+'PIT GAR 42'!S31+#REF! -> #REF! | W31: =U31+V31 -> #REF! | X31: =P31-M31 -> 0 | AA31: =+Y31+Z31 -> 0 | AB31: =+IFERROR(C31/M31,0) -> 0 | AC31: =+IFERROR(J31/P31,0) -> 0 | AD31: =IFERROR(+AC31/AB31,"") | AE31: =+Y31/(D31+(N31/1.27)) -> #DIV/0! | AF31: =+Z31/(G31+(O31/1.27)) -> #DIV/0! | AG31: =+AA31/(J31+(P31/1.27)) -> #DIV/0! | AL31: =+AM31+AN31 -> 0 | AM31: =+AO31+D31 -> 0 | AN31: =+AP31+G31 -> 0 | AO31: =+N31/1.27 -> 0 | AP31: =+O31/1.27 -> 0 | AQ31: =+AP31+AO31 -> 0 | AR31: =+AQ31-S31 -> 0 | AS31: =+AQ31+J31 -> 0 | AU31: 20.65
B32: 44676 | F32: fleet | I32: fleet | J32: =+D32+G32 -> 0 | K32: =IFERROR(+J32/C32,"") | L32: =J32-C32 -> 0 | N32: 0 | O32: 0 | P32: =+O32+N32 -> 0 | Q32: =IFERROR(+P32/M32,"") | X32: =P32-M32 -> 0 | AA32: =+Y32+Z32 -> 0 | AB32: =+IFERROR(C32/M32,0) -> 0 | AC32: =+IFERROR(J32/P32,0) -> 0 | AD32: =IFERROR(+AC32/AB32,"") | AE32: =+Y32/(D32+(N32/1.27)) -> #DIV/0! | AF32: =+Z32/(G32+(O32/1.27)) -> #DIV/0! | AG32: =+AA32/(J32+(P32/1.27)) -> #DIV/0! | AL32: =+AM32+AN32 -> 0 | AM32: =+AO32+D32 -> 0 | AN32: =+AP32+G32 -> 0 | AO32: =+N32/1.27 -> 0 | AP32: =+O32/1.27 -> 0 | AQ32: =+AP32+AO32 -> 0 | AS32: =+AQ32+J32 -> 0
B33: 44677 | F33: fleet | I33: fleet | J33: =+D33+G33 -> 0 | K33: =IFERROR(+J33/C33,"") | L33: =J33-C33 -> 0 | N33: 0 | O33: 0 | P33: =+O33+N33 -> 0 | Q33: =IFERROR(+P33/M33,"") | R33: =+'[1]Daily All PIT'!O33 -> 125 | S33: =+P33/1.27 -> 0 | T33: =J33+S33 -> 0 | U33: =+'PIT GAR 42'!R33+#REF! -> #REF! | V33: =+'PIT GAR 42'!S33+#REF! -> #REF! | W33: =U33+V33 -> #REF! | X33: =P33-M33 -> 0 | AA33: =+Y33+Z33 -> 0 | AB33: =+IFERROR(C33/M33,0) -> 0 | AC33: =+IFERROR(J33/P33,0) -> 0 | AD33: =IFERROR(+AC33/AB33,"") | AE33: =+Y33/(D33+(N33/1.27)) -> #DIV/0! | AF33: =+Z33/(G33+(O33/1.27)) -> #DIV/0! | AG33: =+AA33/(J33+(P33/1.27)) -> #DIV/0! | AL33: =+AM33+AN33 -> 0 | AM33: =+AO33+D33 -> 0 | AN33: =+AP33+G33 -> 0 | AO33: =+N33/1.27 -> 0 | AP33: =+O33/1.27 -> 0 | AQ33: =+AP33+AO33 -> 0 | AR33: =+AQ33-S33 -> 0 | AS33: =+AQ33+J33 -> 0 | AU33: 21.9
B34: 44678 | F34: fleet | I34: fleet | J34: =+D34+G34 -> 0 | K34: =IFERROR(+J34/C34,"") | L34: =J34-C34 -> 0 | N34: 0 | O34: 0 | P34: =+O34+N34 -> 0 | Q34: =IFERROR(+P34/M34,"") | R34: =+'[1]Daily All PIT'!O34 -> 63 | S34: =+P34/1.27 -> 0 | T34: =J34+S34 -> 0 | U34: =+'PIT GAR 42'!R34+#REF! -> #REF! | V34: =+'PIT GAR 42'!S34+#REF! -> #REF! | W34: =U34+V34 -> #REF! | X34: =P34-M34 -> 0 | AA34: =+Y34+Z34 -> 0 | AB34: =+IFERROR(C34/M34,0) -> 0 | AC34: =+IFERROR(J34/P34,0) -> 0 | AD34: =IFERROR(+AC34/AB34,"") | AE34: =+Y34/(D34+(N34/1.27)) -> #DIV/0! | AF34: =+Z34/(G34+(O34/1.27)) -> #DIV/0! | AG34: =+AA34/(J34+(P34/1.27)) -> #DIV/0! | AL34: =+AM34+AN34 -> 0 | AM34: =+AO34+D34 -> 0 | AN34: =+AP34+G34 -> 0 | AO34: =+N34/1.27 -> 0 | AP34: =+O34/1.27 -> 0 | AQ34: =+AP34+AO34 -> 0 | AR34: =+AQ34-S34 -> 0 | AS34: =+AQ34+J34 -> 0 | AU34: 20.98
B35: 44679 | F35: fleet | I35: fleet | J35: =+D35+G35 -> 0 | K35: =IFERROR(+J35/C35,"") | L35: =J35-C35 -> 0 | N35: 0 | O35: 0 | P35: =+O35+N35 -> 0 | Q35: =IFERROR(+P35/M35,"") | R35: =+'[1]Daily All PIT'!O35 -> 35 | S35: =+P35/1.27 -> 0 | T35: =J35+S35 -> 0 | U35: =+'PIT GAR 42'!R35+#REF! -> #REF! | V35: =+'PIT GAR 42'!S35+#REF! -> #REF! | W35: =U35+V35 -> #REF! | X35: =P35-M35 -> 0 | AA35: =+Y35+Z35 -> 0 | AB35: =+IFERROR(C35/M35,0) -> 0 | AC35: =+IFERROR(J35/P35,0) -> 0 | AD35: =IFERROR(+AC35/AB35,"") | AE35: =+Y35/(D35+(N35/1.27)) -> #DIV/0! | AF35: =+Z35/(G35+(O35/1.27)) -> #DIV/0! | AG35: =+AA35/(J35+(P35/1.27)) -> #DIV/0! | AL35: =+AM35+AN35 -> 0 | AM35: =+AO35+D35 -> 0 | AN35: =+AP35+G35 -> 0 | AO35: =+N35/1.27 -> 0 | AP35: =+O35/1.27 -> 0 | AQ35: =+AP35+AO35 -> 0 | AR35: =+AQ35-S35 -> 0 | AS35: =+AQ35+J35 -> 0 | AU35: 21.08
B36: 44680 | F36: fleet | I36: fleet | J36: =+D36+G36 -> 0 | L36: =J36-C36 -> 0 | N36: 0 | O36: 0 | P36: =+O36+N36 -> 0 | Q36: =IFERROR(+P36/M36,"") | S36: =+P36/1.27 -> 0 | T36: =J36+S36 -> 0 | X36: =P36-M36 -> 0 | AA36: =+Y36+Z36 -> 0 | AB36: =+IFERROR(C36/M36,0) -> 0 | AC36: =+IFERROR(J36/P36,0) -> 0 | AD36: =IFERROR(+AC36/AB36,"") | AE36: =+Y36/(D36+(N36/1.27)) -> #DIV/0! | AF36: =+Z36/(G36+(O36/1.27)) -> #DIV/0! | AG36: =+AA36/(J36+(P36/1.27)) -> #DIV/0! | AL36: =+AM36+AN36 -> 0 | AM36: =+AO36+D36 -> 0 | AN36: =+AP36+G36 -> 0 | AO36: =+N36/1.27 -> 0 | AP36: =+O36/1.27 -> 0 | AQ36: =+AP36+AO36 -> 0 | AR36: =+AQ36-S36 -> 0 | AS36: =+AQ36+J36 -> 0
B37: 44681 | F37: fleet | I37: fleet | J37: =+D37+G37 -> 0 | L37: =J37-C37 -> 0 | N37: 0 | O37: 0 | P37: =+O37+N37 -> 0 | X37: =P37-M37 -> 0 | AA37: =+Y37+Z37 -> 0 | AB37: =+IFERROR(C37/M37,0) -> 0 | AC37: =+IFERROR(J37/P37,0) -> 0 | AD37: =IFERROR(+AC37/AB37,"") | AE37: =+Y37/(D37+(N37/1.27)) -> #DIV/0! | AF37: =+Z37/(G37+(O37/1.27)) -> #DIV/0! | AG37: =+AA37/(J37+(P37/1.27)) -> #DIV/0! | AL37: =+AM37+AN37 -> 0 | AM37: =+AO37+D37 -> 0 | AN37: =+AP37+G37 -> 0 | AO37: =+N37/1.27 -> 0 | AP37: =+O37/1.27 -> 0 | AQ37: =+AP37+AO37 -> 0 | AS37: =+AQ37+J37 -> 0
B38: 44682 | F38: fleet | I38: fleet | J38: =+D38+G38 -> 0 | L38: =J38-C38 -> 0 | N38: 0 | O38: 0 | P38: =+O38+N38 -> 0 | X38: =P38-M38 -> 0 | AA38: =+Y38+Z38 -> 0 | AB38: =+IFERROR(C38/M38,0) -> 0 | AC38: =+IFERROR(J38/P38,0) -> 0 | AD38: =IFERROR(+AC38/AB38,"") | AE38: =+Y38/(D38+(N38/1.27)) -> #DIV/0! | AF38: =+Z38/(G38+(O38/1.27)) -> #DIV/0! | AG38: =+AA38/(J38+(P38/1.27)) -> #DIV/0! | AL38: =+AM38+AN38 -> 0 | AM38: =+AO38+D38 -> 0 | AN38: =+AP38+G38 -> 0 | AO38: =+N38/1.27 -> 0 | AP38: =+O38/1.27 -> 0 | AQ38: =+AP38+AO38 -> 0 | AS38: =+AQ38+J38 -> 0
C39: =SUM(C8:C38) -> 0 | D39: =SUM(D8:D38) -> 0 | E39: =AVERAGE(E8:E38) -> 0 | F39: Fleet | G39: =SUM(G8:G38) -> 0 | H39: =AVERAGE(H8:H38) -> 0 | I39: Fleet | J39: =SUM(J8:J38) -> 0 | K39: =IFERROR(+J39/C39,"") | L39: =SUM(L8:L38) -> 0 | M39: =SUM(M8:M38) -> 0 | N39: =SUM(N8:N38) -> 0 | O39: =SUM(O8:O38) -> 0 | P39: =SUM(P8:P38) -> 0 | Q39: =IFERROR(+P39/M39,"") | R39: =SUM(R8:R37) -> 1810 | S39: =+P39/1.27 -> 0 | T39: =J39+S39 -> 0 | U39: =SUM(U8:U37) -> #REF! | V39: =SUM(V8:V37) -> #REF! | W39: =SUM(W8:W37) -> #REF! | X39: =SUM(X8:X38) -> 0 | Y39: =SUM(Y8:Y38) -> 0 | Z39: =SUM(Z8:Z38) -> 0 | AA39: =SUM(AA8:AA38) -> 0 | AB39: =+IFERROR(C39/M39,0) -> 0 | AC39: =+IFERROR(J39/P39,"") | AD39: =IFERROR(+AC39/AB39,"") | AE39: =+Y39/(D39+(N39/1.27)) -> #DIV/0! | AF39: =+Z39/(G39+(O39/1.27)) -> #DIV/0! | AG39: =+AA39/(J39+(P39/1.27)) -> #DIV/0! | AH39: =SUM(AH8:AH38) -> 0 | AI39: =SUM(AI8:AI38) -> 0 | AJ39: =SUM(AJ8:AJ38) -> 10288 | AL39: =SUM(AL8:AL38) -> 0 | AM39: =SUM(AM8:AM38) -> 0 | AN39: =SUM(AN8:AN38) -> 0 | AO39: =+N39/1.27 -> 0 | AP39: =+O39/1.27 -> 0 | AQ39: =+AP39+AO39 -> 0 | AR39: =+AQ39-S39 -> 0 | AS39: =+AQ39+J39 -> 0 | AU39: 19.71
AA40: =+AA39/(J39+(P39/1.27))=AG39 -> #DIV/0! | AU40: 19.7
AU41: 20.07
C42: MTD OB | D42: =J39 -> 0 | G42: MTD OB PAGI | K42: =+D39 -> 0 | L42: =+D39 -> 0 | M42: RAIN | N42: =+AH39 -> 0 | O42: Note : | P42: Plan sesuai dengan rencana kerja mingguan | AA42: MTD ACHIEVEMENT | AU42: 20.17
C43: MTD COAL | D43: =P39 -> 0 | G43: MTD OB MALAM | K43: =+G39 -> 0 | L43: =+G39 -> 0 | M43: SLIPERY | N43: =+AI39 -> 0 | O43: PLAN OB | P43: =+C39 -> 0 | Q43: =IFERROR(+D42/P43,0) -> 0 | AA43: UNIT | AB43: PLAN | AD43: ACTUAL | AH43: ACHV | AI43: VARIANCE | AL43: WORKING DAYS IN MONTH | AM43: REMAINING DAYS | AU43: 19.06
C44: FR HARIAN | D44: =+AG29 -> #DIV/0! | G44: MTD BB PAGI | K44: =+N39 -> 0 | L44: =+N39 -> 0 | O44: PLAN BB | P44: =+M39 -> 0 | Q44: =IFERROR(+D43/P44,0) -> 0 | AA44: OB | AB44: =SUM(C2:C29) -> 0 | AD44: =+D42 -> 0 | AH44: =+IFERROR(AD44/AB44,0) -> 0 | AI44: =+IFERROR(AD44-AB44,0) -> 0 | AL44: 27.5 | AM44: =AL44-11 -> 16.5 | AU44: 19.28
C45: FR BULANAN | D45: =AG39 -> #DIV/0! | G45: MTD BB MALAM | K45: =+O39 -> 0 | L45: =+O39 -> 0 | O45: SR | P45: =+AB39 -> 0 | Q45: =IFERROR(+D47/P45,0) -> 0 | AA45: COAL | AB45: =SUM(M8:M29) -> 0 | AD45: =+D43 -> 0 | AH45: =+IFERROR(AD45/AB45,0) -> 0 | AI45: =+IFERROR(AD45-AB45,0) -> 0 | AL45: TARGET PER DAY TO GET TARGET | AU45: 20.19
C46: SR HARIAN | D46: =+AC29 -> 0 | O46: FR | P46: 0.85 | Q46: =IFERROR(+D45/P46,0) -> 0 | AA46: SR | AB46: =+IFERROR(AB44/AB45,0) -> 0 | AD46: =+IFERROR(AD44/AD45,0) -> 0 | AI46: =+IFERROR(AD46-AB46,0) -> 0 | AL46: OB | AM46: =IFERROR((C39-AD44)/AM44,"") -> 0 | AU46: 20.61
C47: SR BULANAN | D47: =+AC39 | AL47: COAL | AM47: =IFERROR((M39-AD45)/AM44,"") -> 0 | AU47: 18.77
AU48: 21.13
AU49: 20.1
AU50: 18.76
AU51: 17.26
C52: Prepare By | J52: Approve By | AU52: 19.33
AU53: 20.16
AU54: 20.09
C55: Meliana | J55: Winarno | AU55: 19.66
C56: Jr. SPI MCC | J56: Project Manager | AU56: 18.27
AU57: 19.07
AU58: 20.13
AU59: 21.25
AU60: 20.06
AU61: 19.77
AU62: 20.16
AU63: =SUM(AU18:AU62) -> 828.19
AU64: =+AU63+22 -> 850.19
AU65: =927.8-AU63 -> 99.61

Sheet Sheet3
B3: TANGGAL | C3: UNIT PIT 55 | O3: TANGGAL | P3: UNIT PIT 50
C4: PC.1250-02 | E4: PC.1250-08 | G4: PC.1250-09 | I4: PC.1250-10 | K4: EC.750-01 | P4: PC.1250-01 | R4: PC.1250-06 | T4: PC.1250-07 | V4: PC.1250-11 | X4: EC.750-02
C5: SIANG | D5: MALAM | E5: SIANG | F5: MALAM | G5: SIANG | H5: MALAM | I5: SIANG | J5: MALAM | K5: SIANG | L5: MALAM | P5: SIANG | Q5: MALAM | R5: SIANG | S5: MALAM | T5: SIANG | U5: MALAM | V5: SIANG | W5: MALAM | X5: SIANG | Y5: MALAM
B6: 1 JANUARI 2023 | C6: 0 | D6: 0 | E6: 0 | F6: =[3]Fleet!$G$32 -> 1540 | G6: 0 | H6: 0 | I6: 0 | J6: 0 | K6: 0 | L6: 0 | O6: 1 JANUARI 2023 | P6: 0 | Q6: =[3]Fleet!$G$26 -> 2492 | R6: 0 | S6: 0 | T6: 0 | U6: 0 | V6: 0 | W6: =[3]Fleet!$G$37 -> 4488 | X6: 0 | Y6: 0
B7: 2 JANUARI 2023 | C7: 0 | D7: 0 | E7: =[4]Fleet!$G$13 -> 1276 | G7: 0 | I7: =[4]Fleet!$G$15 -> 1628 | K7: =[4]Fleet!$G$9+[4]Fleet!$G$16 -> 1540 | O7: 2 JANUARI 2023
B8: 3 JANUARI 2023 | O8: 3 JANUARI 2023
B9: 4 JANUARI 2023 | O9: 4 JANUARI 2023
B10: 5 JANUARI 2023 | O10: 5 JANUARI 2023
B11: 6 JANUARI 2023 | O11: 6 JANUARI 2023
B12: 7 JANUARI 2023 | O12: 7 JANUARI 2023
B13: 8 JANUARI 2023 | O13: 8 JANUARI 2023
B14: 9 JANUARI 2023 | O14: 9 JANUARI 2023
B15: 10 JANUARI 2023 | O15: 10 JANUARI 2023
B16: 11 JANUARI 2023 | O16: 11 JANUARI 2023
B17: 12 JANUARI 2023 | O17: 12 JANUARI 2023
B18: 13 JANUARI 2023 | O18: 13 JANUARI 2023
B19: 14 JANUARI 2023 | O19: 14 JANUARI 2023
... B36: 31 JANUARI 2023 | O36: 31 JANUARI 2023
B37: TOTAL | C37: =SUM(C6:L37) -> 993344 | D37: =SUM(D6:D36) -> 0 | E37: =SUM(E6:E36) -> 1276 | F37: =SUM(F6:F36) -> 1540 | G37: =SUM(G6:G36) -> 0 | H37: =SUM(H6:H36) -> 0 | I37: =SUM(I6:I36) -> 1628 | J37: =SUM(J6:J36) -> 0 | K37: =SUM(K6:K36) -> 1540 | L37: =SUM(L6:L36) -> 0 | O37: TOTAL | P37: =SUM(P6:Y37) -> 1158680 | Q37: =SUM(Q6:Q36) -> 2492 | R37: =SUM(R6:R36) -> 0 | S37: =SUM(S6:S36) -> 0 | T37: =SUM(T6:T36) -> 0 | U37: =SUM(U6:U36) -> 0 | V37: =SUM(V6:V36) -> 0 | W37: =SUM(W6:W36) -> 4488 | X37: =SUM(X6:X36) -> 0 | Y37: =SUM(Y6:Y36) -> 0

Sheet Sheet5
D13: 0.11111111 | E13: 0.29166667 | F13: =E13-D13 -> 0.18055556

Sheet Sheet6
F12: 0.62152778 | G12: 0.70833333 | H12: =G12-F12 -> 0.086805556

Sheet 55 REV-
AH2: SMJ(B)-S-MA-PR-V-01
B3: REKAP DAILY REPORT AGUSTUS 2024 | G3: TARGET 100%
B4: PIT 55 GAR | X4: Stok Jetty Akhir Juni 2024 | Y4: 46500.46 | AM4: U/FUEL
B5: TGL | C5: OVERBURDEN (BCM) | Q5: BATUBARA (TON) | Z5: Solar Pagi dengan support | AA5: Solar malam dengan support | AB5: PEMAKAIAN SOLAR (LTR) | AC5: SR | AF5: FR PAGI | AG5: FR MALAM | AH5: FR | AI5: RAIN | AJ5: SLIPERY | AK5: PEMAKAIAN SOLAR (LTR) (Jetty) | AM5: TOTAL MATERIAL (BCM) | AN5: Total Material Pagi | AO5: Total Material Malam
C6: PLAN | G6: AKTUAL | N6: % | O6: % | P6: DEVIASI | Q6: PLAN | T6: ACTUAL | Y6: STOCK JETTY
C8: KEKURANGAN | D8: Harian | E8: MTD | F8: Fleet | G8: PAGI | H8: Fleet | J8: MALAM | K8: Fleet | M8: TOTAL | Q8: Kekurangan | R8: Harian | S8: MTD | T8: PAGI | U8: MALAM | V8: TOTAL | W8: % | X8: DEVIASI | AC8: PLAN | AD8: ACT
B9: 45505 | C9: 33654 | D9: 40000 | E9: =+D9 -> 40000 | F9: 5 Fleet | G9: 14608 | H9: 5 | I9: Fleet | J9: 14060 | K9: 5 | L9: Fleet | M9: =+J9+G9 -> 28668 | N9: =IFERROR(+M9/D9,"") -> 0.7167 | O9: =IFERROR(+M9/D9,"") -> 0.7167 | P9: =M9-D9 -> -11332 | Q9: 2103 | R9: 2500 | S9: =+R9 -> 2500 | T9: 1162.22 | U9: 661.72 | V9: =+U9+T9 -> 1823.94 | W9: =IFERROR(+V9/R9,"") -> 0.729576 | X9: =V9-R9 -> -676.06 | Y9: =+Y4+V9 -> 48324.4 | Z9: 19682 | AA9: 16699 | AB9: =Z9+AA9 -> 36381 | AC9: 14 | AD9: =+IFERROR(M9/V9,0) -> 15.717622 | AF9: =+Z9/(G9+(T9/1.27)) -> 1.2679141 | AG9: =+AA9/(J9+(U9/1.27)) -> 1.1452544 | AH9: =+AB9/(M9+(V9/1.27)) -> 1.2085035 | AI9: 0 | AJ9: 0 | AK9: 124 | AL9: =+'[5]fuel 55 gar'!$F$251 -> 1973 | AM9: =+AN9+AO9 -> 30104.173 | AN9: =+AP9+G9 -> 15523.134 | AO9: =+AQ9+J9 -> 14581.039 | AP9: =+T9/1.27 -> 915.13386 | AQ9: =+U9/1.27 -> 521.03937 | AR9: =+AQ9+AP9 -> 1436.1732 | AS9: =+AR9-#REF! -> #REF! | AT9: =+AR9+M9 -> 30104.173
B10: =+B9+1 -> 45506 | C10: =-P9+D10 -> 51332 | D10: 40000 | E10: =+E9+D10 -> 80000 | F10: 5 Fleet | G10: 10408 | H10: 5 | I10: Fleet | J10: 13568 | K10: 5 | L10: Fleet | M10: =+J10+G10 -> 23976 | N10: =IFERROR(+M10/D10,"") -> 0.5994 | O10: =IFERROR(+M10/D10,"") -> 0.5994 | P10: =M10-C10 -> -27356 | Q10: =+R9+R10 -> 5000 | R10: 2500 | S10: =+S9+R10 -> 5000 | T10: 793.05 | U10: 881.91 | V10: =+U10+T10 -> 1674.96 | W10: =IFERROR(+V10/R10,"") -> 0.669984 | X10: =V10-Q10 -> -3325.04 | Y10: =+V10 -> 1674.96 | Z10: 19106.5 | AA10: 13134 | AB10: =Z10+AA10 -> 32240.5 | AC10: 14 | AD10: =+IFERROR(M10/V10,0) -> 14.314372 | AF10: =+Z10/(G10+(T10/1.27)) -> 1.7318458 | AG10: =+AA10/(J10+(U10/1.27)) -> 0.92088176 | AH10: =+AB10/(M10+(V10/1.27)) -> 1.2745867 | AI10: 0 | AJ10: 0 | AK10: 517 | AL10: =+'[5]fuel 55 gar'!$I$251 -> 890 | AM10: =+AN10+AO10 -> 25294.866 | AN10: =+AP10+G10 -> 11032.449 | AO10: =+AQ10+J10 -> 14262.417 | AP10: =+T10/1.27 -> 624.44882 | AQ10: =+U10/1.27 -> 694.41732 | AR10: =+AQ10+AP10 -> 1318.8661 | AS10: =+AR10-#REF! -> #REF! | AT10: =+AR10+M10 -> 25294.866
B11: =+B10+1 -> 45507 | C11: =-P10+D11 -> 67356 | D11: 40000 | E11: =+E10+D11 -> 120000 | F11: 5 Fleet | G11: 15922 | H11: 5 | I11: Fleet | J11: 13708 | K11: 4 | L11: Fleet | M11: =+J11+G11 -> 29630 | N11: =IFERROR(+M11/D11,"") -> 0.74075 | O11: =IFERROR(+M11/D11,"") -> 0.74075 | P11: =M11-C11 -> -37726 | Q11: =+Q10+R11 -> 7500 | R11: 2500 | S11: =+S10+R11 -> 7500 | T11: 933.46 | U11: 407.32 | V11: =+U11+T11 -> 1340.78 | W11: =IFERROR(+V11/R11,"") -> 0.536312 | X11: =V11-Q11 -> -6159.22 | Y11: =+Y10+V11 -> 3015.74 | Z11: 19943.5 | AA11: 16207.5 | AB11: =Z11+AA11 -> 36151 | AC11: 14 | AD11: =+IFERROR(M11/V11,0) -> 22.099077 | AF11: =+Z11/(G11+(T11/1.27)) -> 1.1973039 | AG11: =+AA11/(J11+(U11/1.27)) -> 1.1553082 | AH11: =+AB11/(M11+(V11/1.27)) -> 1.1781045 | AI11: 0 | AJ11: 0 | AK11: 1531 | AL11: =+AB10-AL10 -> 31350.5 | AM11: =+AN11+AO11 -> 30685.732 | AN11: =+AP11+G11 -> 16657.008 | AO11: =+AQ11+J11 -> 14028.724 | AP11: =+T11/1.27 -> 735.00787 | AQ11: =+U11/1.27 -> 320.72441 | AR11: =+AQ11+AP11 -> 1055.7323 | AS11: =+AR11-#REF! -> #REF! | AT11: =+AR11+M11 -> 30685.732
B12: =+B11+1 -> 45508 | C12: =-P11+D12 -> 57726 | D12: 20000 | E12: =+E11+D12 -> 140000 | F12: 5 Fleet | G12: 3234 | H12: 1 | I12: Fleet | J12: 15246 | K12: 5 | L12: Fleet | M12: =+J12+G12 -> 18480 | N12: =IFERROR(+M12/D12,"") -> 0.924 | O12: =IFERROR(+M12/D12,"") -> 0.924 | P12: =M12-C12 -> -39246 | Q12: =+Q11+R12 -> 9375 | R12: 1875 | S12: =+S11+R12 -> 9375 | T12: 884.08 | U12: 974.72 | V12: =+U12+T12 -> 1858.8 | W12: =IFERROR(+V12/R12,"") -> 0.99136 | X12: =V12-R12 -> -16.2 | Y12: =+Y11+V12 -> 4874.54 | Z12: 5109 | AA12: 15731 | AB12: =Z12+AA12 -> 20840 | AC12: 14 | AD12: =+IFERROR(M12/V12,0) -> 9.941898 | AF12: =+Z12/(G12+(T12/1.27)) -> 1.2999583 | AG12: =+AA12/(J12+(U12/1.27)) -> 0.98235888 | AH12: =+AB12/(M12+(V12/1.27)) -> 1.0449456 | AI12: 0 | AJ12: 0 | AK12: 257 | AL12: =+AL11/(M10+(V10)*1.27) -> 1.2010214 | AM12: =+AN12+AO12 -> 19943.622 | AN12: =+AP12+G12 -> 3930.126 | AO12: =+AQ12+J12 -> 16013.496 | AP12: =+T12/1.27 -> 696.12598 | AQ12: =+U12/1.27 -> 767.49606 | AR12: =+AQ12+AP12 -> 1463.622 | AS12: =+AR12-#REF! -> #REF! | AT12: =+AR12+M12 -> 19943.622
B13: =+B12+1 -> 45509 | C13: =-P12+D13 -> 79246 | D13: 40000 | E13: =+E12+D13 -> 180000 | F13: 5 Fleet | G13: 13666 | H13: 4 | I13: Fleet | J13: 14042 | K13: 4 | L13: Fleet | M13: =+J13+G13 -> 27708 | N13: =IFERROR(+M13/D13,"") -> 0.6927 | O13: =IFERROR(+M13/D13,"") -> 0.6927 | P13: =M13-D13 -> -12292 | Q13: =+Q12+R13 -> 11875 | R13: 2500 | S13: =+S12+R13 -> 11875 | T13: 631 | U13: 1118.83 | V13: =U13+T13 -> 1749.83 | W13: =IFERROR(+V13/R13,"") -> 0.699932 | X13: =V13-R13 -> -750.17 | Y13: =+Y12+V13 -> 6624.37 | Z13: 14940.5 | AA13: 15304.5 | AB13: =Z13+AA13 -> 30245 | AC13: 14 | AD13: =+IFERROR(M13/V13,0) -> 15.834681 | AF13: =+Z13/(G13+(T13/1.27)) -> 1.0549077 | AG13: =+AA13/(J13+(U13/1.27)) -> 1.0255667 | AH13: =+AB13/(M13+(V13/1.27)) -> 1.0398538 | AI13: 0 | AJ13: 0 | AK13: 877 | AM13: =+AN13+AO13 -> 29085.819 | AN13: =+AP13+G13 -> 14162.85 | AO13: =+AQ13+J13 -> 14922.969 | AP13: =+T13/1.27 -> 496.85039 | AQ13: =+U13/1.27 -> 880.9685 | AR13: =+AQ13+AP13 -> 1377.8189 | AS13: =+AR13-#REF! -> #REF! | AT13: =+AR13+M13 -> 29085.819
B14: =+B13+1 -> 45510 | C14: =-P13+D14 -> 52292 | D14: 40000 | E14: =+E13+D14 -> 220000 | F14: 5 Fleet | G14: 12250 | H14: 4 | I14: Fleet | J14: 10922 | K14: 4 | L14: Fleet | M14: =+J14+G14 -> 23172 | N14: =IFERROR(+M14/D14,"") -> 0.5793 | O14: =IFERROR(+M14/D14,"") -> 0.5793 | P14: =M14-D14 -> -16828 | Q14: =+Q13+R14 -> 14375 | R14: 2500 | S14: =+S13+R14 -> 14375 | T14: 1146.81 | U14: 1488.18 | V14: =+U14+T14 -> 2634.99 | W14: =IFERROR(+V14/R14,"") -> 1.053996 | X14: =V14-R14 -> 134.99 | Y14: =+Y13+V14 -> 9259.36 | Z14: 12853.5 | AA14: 16384.5 | AB14: =Z14+AA14 -> 29238 | AC14: 14 | AD14: =+IFERROR(M14/V14,0) -> 8.7939613 | AF14: =+Z14/(G14+(T14/1.27)) -> 0.97722953 | AG14: =+AA14/(J14+(U14/1.27)) -> 1.3547856 | AH14: =+AB14/(M14+(V14/1.27)) -> 1.1580876 | AI14: 0 | AJ14: 0 | AK14: 883 | AM14: =+AN14+AO14 -> 25246.795 | AN14: =+AP14+G14 -> 13153 | AO14: =+AQ14+J14 -> 12093.795 | AP14: =+T14/1.27 -> 903 | AQ14: =+U14/1.27 -> 1171.7953 | AR14: =+AQ14+AP14 -> 2074.7953 | AS14: =+AR14-#REF! -> #REF! | AT14: =+AR14+M14 -> 25246.795
B15: =+B14+1 -> 45511 | C15: =-P14+D15 -> 56828 | D15: 40000 | E15: =+E14+D15 -> 260000 | F15: 5 Fleet | G15: 13642 | H15: 4 | I15: Fleet | J15: 9018 | K15: 4 | L15: Fleet | M15: =+J15+G15 -> 22660 | N15: =IFERROR(+M15/D15,"") -> 0.5665 | O15: =IFERROR(+M15/D15,"") -> 0.5665 | P15: =M15-D15 -> -17340 | Q15: =+Q14+R15 -> 16875 | R15: 2500 | S15: =+S14+R15 -> 16875 | T15: 930.14 | U15: 800.22 | V15: =+U15+T15 -> 1730.36 | W15: =IFERROR(+V15/R15,"") -> 0.692144 | X15: =V15-R15 -> -769.64 | Y15: =+Y14+V15 -> 10989.72 | Z15: 15349.5 | AA15: 16309 | AB15: =Z15+AA15 -> 31658.5 | AC15: 14 | AD15: =+IFERROR(M15/V15,0) -> 13.095541 | AF15: =+Z15/(G15+(T15/1.27)) -> 1.0678363 | AG15: =+AA15/(J15+(U15/1.27)) -> 1.6903856 | AH15: =+AB15/(M15+(V15/1.27)) -> 1.3178693 | AI15: 0.059027778 | AJ15: 0 | AK15: 593 | AM15: =+AN15+AO15 -> 24022.488 | AN15: =+AP15+G15 -> 14374.394 | AO15: =+AQ15+J15 -> 9648.0945 | AP15: =+T15/1.27 -> 732.3937 | AQ15: =+U15/1.27 -> 630.09449 | AR15: =+AQ15+AP15 -> 1362.4882 | AS15: =+AR15-#REF! -> #REF! | AT15: =+AR15+M15 -> 24022.488
B16: =+B15+1 -> 45512 | C16: =-P15+D16 -> 57340 | D16: 40000 | E16: =+E15+D16 -> 300000 | F16: 5 Fleet | G16: 11822 | H16: 5 | I16: Fleet | J16: 5498 | K16: 5 | L16: Fleet | M16: =+J16+G16 -> 17320 | N16: =IFERROR(+M16/D16,"") -> 0.433 | O16: =IFERROR(+M16/D16,"") -> 0.433 | P16: =M16-D16 -> -22680 | Q16: =+Q15+R16 -> 19375 | R16: 2500 | S16: =+S15+R16 -> 19375 | T16: 792.8 | U16: 409.9 | V16: =+U16+T16 -> 1202.7 | W16: =IFERROR(+V16/R16,"") -> 0.48108 | X16: =V16-R16 -> -1297.3 | Y16: =+Y15+V16 -> 12192.42 | Z16: 15972.5 | AA16: 11677.5 | AB16: =Z16+AA16 -> 27650 | AC16: 14 | AD16: =+IFERROR(M16/V16,0) -> 14.400931 | AF16: =+Z16/(G16+(T16/1.27)) -> 1.2833181 | AG16: =+AA16/(J16+(U16/1.27)) -> 2.0061827 | AH16: =+AB16/(M16+(V16/1.27)) -> 1.5136579 | AI16: 0.23541667 | AJ16: 0.041666667 | AK16: 848 | AM16: =+AN16+AO16 -> 18267.008 | AN16: =+AP16+G16 -> 12446.252 | AO16: =+AQ16+J16 -> 5820.7559 | AP16: =+T16/1.27 -> 624.25197 | AQ16: =+U16/1.27 -> 322.75591 | AR16: =+AQ16+AP16 -> 947.00787 | AS16: =+AR16-#REF! -> #REF! | AT16: =+AR16+M16 -> 18267.008
B17: =+B16+1 -> 45513 | C17: =-P16+D17 -> 62680 | D17: 40000 | E17: =+E16+D17 -> 340000 | F17: 5 Fleet | G17: 9848 | H17: 5 | I17: Fleet | J17: 17052 | K17: 5 | L17: Fleet | M17: =+J17+G17 -> 26900 | N17: =IFERROR(+M17/D17,"") -> 0.6725 | O17: =IFERROR(+M17/D17,"") -> 0.6725 | P17: =M17-D17 -> -13100 | Q17: =+Q16+R17 -> 21875 | R17: 2500 | S17: =+S16+R17 -> 21875 | T17: 434.08 | U17: 1050.83 | V17: =+U17+T17 -> 1484.91 | W17: =IFERROR(+V17/R17,"") -> 0.593964 | X17: =V17-R17 -> -1015.09 | Y17: =+Y16+V17 -> 13677.33 | Z17: 8030 | AA17: 13646 | AB17: =Z17+AA17 -> 21676 | AC17: 14 | AD17: =+IFERROR(M17/V17,0) -> 18.115576 | AF17: =+Z17/(G17+(T17/1.27)) -> 0.78804331 | AG17: =+AA17/(J17+(U17/1.27)) -> 0.76322364 | AH17: =+AB17/(M17+(V17/1.27)) -> 0.77223377 | AI17: 0 | AJ17: 0.041666667 | AK17: 849 | AM17: =+AN17+AO17 -> 28069.22 | AN17: =+AP17+G17 -> 10189.795 | AO17: =+AQ17+J17 -> 17879.425 | AP17: =+T17/1.27 -> 341.79528 | AQ17: =+U17/1.27 -> 827.4252 | AR17: =+AQ17+AP17 -> 1169.2205 | AS17: =+AR17-#REF! -> #REF! | AT17: =+AR17+M17 -> 28069.22
B18: =+B17+1 -> 45514 | C18: =-P17+D18 -> 53100 | D18: 40000 | E18: =+E17+D18 -> 380000 | F18: 5 Fleet | G18: 16052 | H18: 5 | I18: Fleet | J18: 13930 | K18: 5 | L18: Fleet | M18: =+J18+G18 -> 29982 | N18: =IFERROR(+M18/D18,"") -> 0.74955 | O18: =IFERROR(+M18/D18,"") -> 0.74955 | P18: =M18-D18 -> -10018 | Q18: =+Q17+R18 -> 24375 | R18: 2500 | S18: =+S17+R18 -> 24375 | T18: 338.14 | U18: 593.77 | V18: =+U18+T18 -> 931.91 | W18: =IFERROR(+V18/R18,"") -> 0.372764 | X18: =V18-R18 -> -1568.09 | Y18: =+Y17+V18 -> 14609.24 | Z18: 16645 | AA18: 14409 | AB18: =Z18+AA18 -> 31054 | AC18: 14 | AD18: =+IFERROR(M18/V18,0) -> 32.172635 | AF18: =+Z18/(G18+(T18/1.27)) -> 1.0200235 | AG18: =+AA18/(J18+(U18/1.27)) -> 1.0007963 | AH18: =+AB18/(M18+(V18/1.27)) -> 1.011011 | AI18: 0 | AJ18: 0 | AK18: 447 | AM18: =+AN18+AO18 -> 30715.787 | AN18: =+AP18+G18 -> 16318.252 | AO18: =+AQ18+J18 -> 14397.535 | AP18: =+T18/1.27 -> 266.25197 | AQ18: =+U18/1.27 -> 467.53543 | AR18: =+AQ18+AP18 -> 733.7874 | AS18: =+AR18-#REF! -> #REF! | AT18: =+AR18+M18 -> 30715.787
B19: =+B18+1 -> 45515 | C19: =-P18+D19 -> 30018 | D19: 20000 | E19: =+E18+D19 -> 400000 | F19: 5 Fleet | G19: 3982 | H19: 1 | I19: Fleet | J19: 14480 | K19: 5 | L19: Fleet | M19: =+J19+G19 -> 18462 | N19: =IFERROR(+M19/D19,"") -> 0.9231 | O19: =IFERROR(+M19/D19,"") -> 0.9231 | P19: =M19-D19 -> -1538 | Q19: =+Q18+R19 -> 26250 | R19: 1875 | S19: =+S18+R19 -> 26250 | T19: 557.18 | U19: 597.42 | V19: =U19+T19 -> 1154.6 | W19: =IFERROR(+V19/R19,"") -> 0.61578667 | X19: =V19-R19 -> -720.4 | Y19: =+Y18+V19 -> 15763.84 | Z19: 6273 | AA19: 13772 | AB19: =Z19+AA19 -> 20045 | AC19: 14 | AD19: =+IFERROR(M19/V19,0) -> 15.989953 | AF19: =+Z19/(G19+(T19/1.27)) -> 1.4189982 | AG19: =+AA19/(J19+(U19/1.27)) -> 0.92117878 | AH19: =+AB19/(M19+(V19/1.27)) -> 1.0347871 | AI19: 0 | AJ19: 0 | AK19: 1012 | AM19: =+AN19+AO19 -> 19371.134 | AN19: =+AP19+G19 -> 4420.7244 | AO19: =+AQ19+J19 -> 14950.409 | AP19: =+T19/1.27 -> 438.72441 | AQ19: =+U19/1.27 -> 470.40945 | AR19: =+AQ19+AP19 -> 909.13386 | AS19: =+AR19-#REF! -> #REF! | AT19: =+AR19+M19 -> 19371.134 | AV19: 20.1
B20: =+B19+1 -> 45516 | C20: =-P19+D20 -> 41538 | D20: 40000 | E20: =+E19+D20 -> 440000 | F20: 5 Fleet | G20: 15138 | H20: 5 | I20: Fleet | J20: 14112 | K20: 5 | L20: Fleet | M20: =+J20+G20 -> 29250 | N20: =IFERROR(+M20/D20,"") -> 0.73125 | O20: =IFERROR(+M20/D20,"") -> 0.73125 | P20: =M20-D20 -> -10750 | Q20: =+Q19+R20 -> 28750 | R20: 2500 | S20: =+S19+R20 -> 28750 | T20: 543.5 | U20: 812.26 | V20: =+U20+T20 -> 1355.76 | W20: =IFERROR(+V20/R20,"") -> 0.542304 | X20: =V20-R20 -> -1144.24 | Y20: =+Y19+V20 -> 17119.6 | Z20: 17534.5 | AA20: 13903.5 | AB20: =Z20+AA20 -> 31438 | AC20: 14 | AD20: =+IFERROR(M20/V20,0) -> 21.574615 | AF20: =+Z20/(G20+(T20/1.27)) -> 1.1264649 | AG20: =+AA20/(J20+(U20/1.27)) -> 0.94250954 | AH20: =+AB20/(M20+(V20/1.27)) -> 1.0369579 | AI20: 0 | AJ20: 0 | AK20: 446 | AM20: =+AN20+AO20 -> 30317.528 | AN20: =+AP20+G20 -> 15565.953 | AO20: =+AQ20+J20 -> 14751.575 | AP20: =+T20/1.27 -> 427.95276 | AQ20: =+U20/1.27 -> 639.5748 | AR20: =+AQ20+AP20 -> 1067.5276 | AS20: =+AR20-#REF! -> #REF! | AT20: =+AR20+M20 -> 30317.528 | AV20: 19.76
B21: =+B20+1 -> 45517 | C21: =-P20+D21 -> 50750 | D21: 40000 | E21: =+E20+D21 -> 480000 | F21: 5 Fleet | I21: Fleet | L21: Fleet | M21: =+J21+G21 -> 0 | N21: =IFERROR(+M21/D21,"") -> 0 | O21: =IFERROR(+M21/D21,"") -> 0 | P21: =M21-D21 -> -40000 | Q21: =+Q20+R21 -> 31250 | R21: 2500 | S21: =+S20+R21 -> 31250 | V21: =U21+T21 -> 0 | W21: =IFERROR(+V21/R21,"") -> 0 | X21: =V21-R21 -> -2500 | AB21: =Z21+AA21 -> 0 | AC21: 14 | AD21: =+IFERROR(M21/V21,0) -> 0 | AF21: =+Z21/(G21+(T21/1.27)) -> #DIV/0! | AG21: =+AA21/(J21+(U21/1.27)) -> #DIV/0! | AH21: =+AB21/(M21+(V21/1.27)) -> #DIV/0! | AK21: 20 | AL21: =49+43 -> 92 | AM21: =+AN21+AO21 -> 0 | AN21: =+AP21+G21 -> 0 | AO21: =+AQ21+J21 -> 0 | AP21: =+T21/1.27 -> 0 | AQ21: =+U21/1.27 -> 0 | AR21: =+AQ21+AP21 -> 0 | AS21: =+AR21-#REF! -> #REF! | AT21: =+AR21+M21 -> 0 | AV21: 20.06
B22: =+B21+1 -> 45518 | C22: =-P21+D22 -> 80000 | D22: 40000 | E22: =+E21+D22 -> 520000 | F22: 5 Fleet | I22: Fleet | L22: Fleet | M22: =+J22+G22 -> 0 | N22: =IFERROR(+M22/D22,"") -> 0 | O22: =IFERROR(+M22/D22,"") -> 0 | P22: =M22-D22 -> -40000 | Q22: =+Q21+R22 -> 33750 | R22: 2500 | S22: =+S21+R22 -> 33750 | V22: =U22+T22 -> 0 | W22: =IFERROR(+V22/R22,"") -> 0 | X22: =V22-R22 -> -2500 | AB22: =Z22+AA22 -> 0 | AC22: 14 | AD22: =+IFERROR(M22/V22,0) -> 0 | AF22: =+Z22/(G22+(T22/1.27)) -> #DIV/0! | AG22: =+AA22/(J22+(U22/1.27)) -> #DIV/0! | AH22: =+AB22/(M22+(V22/1.27)) -> #DIV/0! | AK22: 0 | AL22: =+AL21/60 -> 1.5333333 | AM22: =+AN22+AO22 -> 0 | AN22: =+AP22+G22 -> 0 | AO22: =+AQ22+J22 -> 0 | AP22: =+T22/1.27 -> 0 | AQ22: =+U22/1.27 -> 0 | AR22: =+AQ22+AP22 -> 0 | AS22: =+AR22-#REF! -> #REF! | AT22: =+AR22+M22 -> 0 | AV22: 20.97
B23: =+B22+1 -> 45519 | C23: =-P22+D23 -> 80000 | D23: 40000 | E23: =+E22+D23 -> 560000 | F23: 5 Fleet | I23: Fleet | L23: Fleet | M23: =+J23+G23 -> 0 | N23: =IFERROR(+M23/D23,"") -> 0 | O23: =IFERROR(+M23/D23,"") -> 0 | P23: =M23-D23 -> -40000 | Q23: =+Q22+R23 -> 36250 | R23: 2500 | S23: =+S22+R23 -> 36250 | V23: =+U23+T23 -> 0 | W23: =IFERROR(+V23/R23,"") -> 0 | X23: =V23-R23 -> -2500 | AB23: =Z23+AA23 -> 0 | AC23: 14 | AD23: =+IFERROR(M23/V23,0) -> 0 | AF23: =+Z23/(G23+(T23/1.27)) -> #DIV/0! | AG23: =+AA23/(J23+(U23/1.27)) -> #DIV/0! | AH23: =+AB23/(M23+(V23/1.27)) -> #DIV/0! | AK23: 871 | AL23: =1.34+2.05 -> 3.39 | AM23: =+AN23+AO23 -> 0 | AN23: =+AP23+G23 -> 0 | AO23: =+AQ23+J23 -> 0 | AP23: =+T23/1.27 -> 0 | AQ23: =+U23/1.27 -> 0 | AR23: =+AQ23+AP23 -> 0 | AS23: =+AR23-#REF! -> #REF! | AT23: =+AR23+M23 -> 0 | AV23: 19.56
B24: =+B23+1 -> 45520 | C24: =-P23+D24 -> 80000 | D24: 40000 | E24: =+E23+D24 -> 600000 | F24: 5 Fleet | I24: Fleet | L24: Fleet | M24: =+J24+G24 -> 0 | N24: =IFERROR(+M24/D24,"") -> 0 | O24: =IFERROR(+M24/D24,"") -> 0 | P24: =M24-D24 -> -40000 | Q24: =+Q23+R24 -> 38750 | R24: 2500 | S24: =+S23+R24 -> 38750 | V24: =+U24+T24 -> 0 | W24: =IFERROR(+V24/R24,"") -> 0 | X24: =V24-R24 -> -2500 | AB24: =Z24+AA24 -> 0 | AC24: 14 | AD24: =+IFERROR(M24/V24,0) -> 0 | AF24: =+Z24/(G24+(T24/1.27)) -> #DIV/0! | AG24: =+AA24/(J24+(U24/1.27)) -> #DIV/0! | AH24: =+AB24/(M24+(V24/1.27)) -> #DIV/0! | AK24: =+'[2]Daily All PIT'!$AF$23 -> 366 | AM24: =+AN24+AO24 -> 0 | AN24: =+AP24+G24 -> 0 | AO24: =+AQ24+J24 -> 0 | AP24: =+T24/1.27 -> 0 | AQ24: =+U24/1.27 -> 0 | AR24: =+AQ24+AP24 -> 0 | AS24: =+AR24-#REF! -> #REF! | AT24: =+AR24+M24 -> 0 | AV24: 22.16
B25: =+B24+1 -> 45521 | C25: =-P24+D25 -> 80000 | D25: 40000 | E25: =+E24+D25 -> 640000 | F25: 5 Fleet | I25: Fleet | L25: Fleet | M25: =+J25+G25 -> 0 | N25: =IFERROR(+M25/D25,"") -> 0 | O25: =IFERROR(+M25/D25,"") -> 0 | P25: =M25-D25 -> -40000 | Q25: =+Q24+R25 -> 41250 | R25: 2500 | S25: =+S24+R25 -> 41250 | V25: =+U25+T25 -> 0 | W25: =IFERROR(+V25/R25,"") -> 0 | X25: =V25-R25 -> -2500 | AB25: =Z25+AA25 -> 0 | AC25: 14 | AD25: =+IFERROR(M25/V25,0) -> 0 | AF25: =+Z25/(G25+(T25/1.27)) -> #DIV/0! | AG25: =+AA25/(J25+(U25/1.27)) -> #DIV/0! | AH25: =+AB25/(M25+(V25/1.27)) -> #DIV/0! | AK25: 900 | AM25: =+AN25+AO25 -> 0 | AN25: =+AP25+G25 -> 0 | AO25: =+AQ25+J25 -> 0 | AP25: =+T25/1.27 -> 0 | AQ25: =+U25/1.27 -> 0 | AR25: =+AQ25+AP25 -> 0 | AS25: =+AR25-#REF! -> #REF! | AT25: =+AR25+M25 -> 0 | AV25: 21.71
B26: =+B25+1 -> 45522 | C26: =-P25+D26 -> 60000 | D26: 20000 | E26: =+E25+D26 -> 660000 | F26: 5 Fleet | I26: Fleet | L26: Fleet | M26: =+J26+G26 -> 0 | N26: =IFERROR(+M26/D26,"") -> 0 | O26: =IFERROR(+M26/D26,"") -> 0 | P26: =M26-D26 -> -20000 | Q26: =+Q25+R26 -> 43125 | R26: 1875 | S26: =+S25+R26 -> 43125 | V26: =+U26+T26 -> 0 | W26: =IFERROR(+V26/R26,"") -> 0 | X26: =V26-R26 -> -1875 | AB26: =Z26+AA26 -> 0 | AC26: 14 | AD26: =+IFERROR(M26/V26,0) -> 0 | AF26: =+Z26/(G26+(T26/1.27)) -> #DIV/0! | AG26: =+AA26/(J26+(U26/1.27)) -> #DIV/0! | AH26: =+AB26/(M26+(V26/1.27)) -> #DIV/0! | AK26: 275 | AM26: =+AN26+AO26 -> 0 | AN26: =+AP26+G26 -> 0 | AO26: =+AQ26+J26 -> 0 | AP26: =+T26/1.27 -> 0 | AQ26: =+U26/1.27 -> 0 | AR26: =+AQ26+AP26 -> 0 | AS26: =+AR26-#REF! -> #REF! | AT26: =+AR26+M26 -> 0 | AV26: 22.24
A27: 0 | B27: =+B26+1 -> 45523 | C27: =-P26+D27 -> 60000 | D27: 40000 | E27: =+E26+D27 -> 700000 | F27: 5 Fleet | I27: Fleet | L27: Fleet | M27: =+J27+G27 -> 0 | N27: =IFERROR(+M27/D27,"") -> 0 | O27: =IFERROR(+M27/D27,"") -> 0 | P27: =M27-D27 -> -40000 | Q27: =+Q26+R27 -> 45625 | R27: 2500 | S27: =+S26+R27 -> 45625 | V27: =+U27+T27 -> 0 | W27: =IFERROR(+V27/R27,"") -> 0 | X27: =V27-R27 -> -2500 | AB27: =Z27+AA27 -> 0 | AC27: 14 | AD27: =+IFERROR(M27/V27,0) -> 0 | AF27: =+Z27/(G27+(T27/1.27)) -> #DIV/0! | AG27: =+AA27/(J27+(U27/1.27)) -> #DIV/0! | AH27: =+AB27/(M27+(V27/1.27)) -> #DIV/0! | AM27: =+AN27+AO27 -> 0 | AN27: =+AP27+G27 -> 0 | AO27: =+AQ27+J27 -> 0 | AP27: =+T27/1.27 -> 0 | AQ27: =+U27/1.27 -> 0 | AR27: =+AQ27+AP27 -> 0 | AS27: =+AR27-#REF! -> #REF! | AT27: =+AR27+M27 -> 0 | AV27: 21.9
B28: =+B27+1 -> 45524 | C28: =-P27+D28 -> 80000 | D28: 40000 | E28: =+E27+D28 -> 740000 | F28: 5 Fleet | I28: Fleet | L28: Fleet | M28: =+J28+G28 -> 0 | N28: =IFERROR(+M28/D28,"") -> 0 | O28: =IFERROR(+M28/D28,"") -> 0 | P28: =M28-D28 -> -40000 | Q28: =+Q27+R28 -> 48125 | R28: 2500 | S28: =+S27+R28 -> 48125 | V28: =+U28+T28 -> 0 | W28: =IFERROR(+V28/R28,"") -> 0 | X28: =V28-R28 -> -2500 | AB28: =Z28+AA28 -> 0 | AC28: 14 | AD28: =+IFERROR(M28/V28,0) -> 0 | AF28: =+Z28/(G28+(T28/1.27)) -> #DIV/0! | AG28: =+AA28/(J28+(U28/1.27)) -> #DIV/0! | AH28: =+AB28/(M28+(V28/1.27)) -> #DIV/0! | AM28: =+AN28+AO28 -> 0 | AN28: =+AP28+G28 -> 0 | AO28: =+AQ28+J28 -> 0 | AP28: =+T28/1.27 -> 0 | AQ28: =+U28/1.27 -> 0 | AR28: =+AQ28+AP28 -> 0 | AS28: =+AR28-#REF! -> #REF! | AT28: =+AR28+M28 -> 0 | AV28: =34.75-13.11 -> 21.64
B29: =+B28+1 -> 45525 | C29: =-P28+D29 -> 80000 | D29: 40000 | E29: =+E28+D29 -> 780000 | F29: 5 Fleet | I29: Fleet | L29: Fleet | M29: =+J29+G29 -> 0 | N29: =IFERROR(+M29/D29,"") -> 0 | O29: =IFERROR(+M29/D29,"") -> 0 | P29: =M29-D29 -> -40000 | Q29: =+Q28+R29 -> 50625 | R29: 2500 | S29: =+S28+R29 -> 50625 | V29: =+U29+T29 -> 0 | W29: =IFERROR(+V29/R29,"") -> 0 | X29: =V29-R29 -> -2500 | AB29: =Z29+AA29 -> 0 | AC29: 14 | AD29: =+IFERROR(M29/V29,0) -> 0 | AF29: =+Z29/(G29+(T29/1.27)) -> #DIV/0! | AG29: =+AA29/(J29+(U29/1.27)) -> #DIV/0! | AH29: =+AB29/(M29+(V29/1.27)) -> #DIV/0! | AM29: =+AN29+AO29 -> 0 | AN29: =+AP29+G29 -> 0 | AO29: =+AQ29+J29 -> 0 | AP29: =+T29/1.27 -> 0 | AQ29: =+U29/1.27 -> 0 | AR29: =+AQ29+AP29 -> 0 | AS29: =+AR29-#REF! -> #REF! | AT29: =+AR29+M29 -> 0 | AV29: 21
B30: =+B29+1 -> 45526 | C30: =-P29+D30 -> 80000 | D30: 40000 | E30: =+E29+D30 -> 820000 | F30: 5 Fleet | I30: Fleet | L30: Fleet | M30: =+J30+G30 -> 0 | N30: =IFERROR(+M30/D30,"") -> 0 | O30: =IFERROR(+M30/D30,"") -> 0 | P30: =M30-D30 -> -40000 | Q30: =+Q29+R30 -> 53125 | R30: 2500 | S30: =+S29+R30 -> 53125 | V30: =+U30+T30 -> 0 | W30: =IFERROR(+V30/R30,"") -> 0 | X30: =V30-R30 -> -2500 | AB30: =Z30+AA30 -> 0 | AC30: 14 | AD30: =+IFERROR(M30/V30,0) -> 0 | AF30: =+Z30/(G30+(T30/1.27)) -> #DIV/0! | AG30: =+AA30/(J30+(U30/1.27)) -> #DIV/0! | AH30: =+AB30/(M30+(V30/1.27)) -> #DIV/0! | AM30: =+AN30+AO30 -> 0 | AN30: =+AP30+G30 -> 0 | AO30: =+AQ30+J30 -> 0 | AP30: =+T30/1.27 -> 0 | AQ30: =+U30/1.27 -> 0 | AR30: =+AQ30+AP30 -> 0 | AS30: =+AR30-#REF! -> #REF! | AT30: =+AR30+M30 -> 0 | AV30: 19.65
B31: =+B30+1 -> 45527 | D31: 40000 | E31: =+E30+D31 -> 860000 | F31: 5 Fleet | I31: Fleet | L31: Fleet | M31: =+J31+G31 -> 0 | N31: =IFERROR(+M31/D31,"") -> 0 | O31: =IFERROR(+M31/D31,"") -> 0 | P31: =M31-D31 -> -40000 | R31: 2500 | S31: =+S30+R31 -> 55625 | V31: =+U31+T31 -> 0 | W31: =IFERROR(+V31/R31,"") -> 0 | X31: =V31-R31 -> -2500 | AB31: =Z31+AA31 -> 0 | AC31: 14 | AD31: =+IFERROR(M31/V31,0) -> 0 | AF31: =+Z31/(G31+(T31/1.27)) -> #DIV/0! | AG31: =+AA31/(J31+(U31/1.27)) -> #DIV/0! | AH31: =+AB31/(M31+(V31/1.27)) -> #DIV/0! | AM31: =+AN31+AO31 -> 0 | AN31: =+AP31+G31 -> 0 | AO31: =+AQ31+J31 -> 0 | AP31: =+T31/1.27 -> 0 | AQ31: =+U31/1.27 -> 0 | AR31: =+AQ31+AP31 -> 0 | AS31: =+AR31-#REF! -> #REF! | AT31: =+AR31+M31 -> 0 | AV31: 20.07
B32: =+B31+1 -> 45528 | D32: 40000 | E32: =+E31+D32 -> 900000 | F32: 5 Fleet | I32: Fleet | L32: Fleet | M32: =+J32+G32 -> 0 | N32: =IFERROR(+M32/D32,"") -> 0 | O32: =IFERROR(+M32/D32,"") -> 0 | P32: =M32-D32 -> -40000 | R32: 2500 | S32: =+S31+R32 -> 58125 | V32: =+U32+T32 -> 0 | W32: =IFERROR(+V32/R32,"") -> 0 | X32: =V32-R32 -> -2500 | AB32: =Z32+AA32 -> 0 | AC32: 14 | AD32: =+IFERROR(M32/V32,0) -> 0 | AF32: =+Z32/(G32+(T32/1.27)) -> #DIV/0! | AG32: =+AA32/(J32+(U32/1.27)) -> #DIV/0! | AH32: =+AB32/(M32+(V32/1.27)) -> #DIV/0! | AM32: =+AN32+AO32 -> 0 | AN32: =+AP32+G32 -> 0 | AO32: =+AQ32+J32 -> 0 | AP32: =+T32/1.27 -> 0 | AQ32: =+U32/1.27 -> 0 | AR32: =+AQ32+AP32 -> 0 | AS32: =+AR32-#REF! -> #REF! | AT32: =+AR32+M32 -> 0 | AV32: 20.65
B33: =+B32+1 -> 45529 | D33: 20000 | E33: =+E32+D33 -> 920000 | F33: 5 Fleet | I33: Fleet | L33: Fleet | M33: =+J33+G33 -> 0 | N33: =IFERROR(+M33/D33,"") -> 0 | O33: =IFERROR(+M33/D33,"") -> 0 | P33: =M33-D33 -> -20000 | R33: 1875 | S33: =+S32+R33 -> 60000 | V33: =+U33+T33 -> 0 | W33: =IFERROR(+V33/R33,"") -> 0 | X33: =V33-R33 -> -1875 | AB33: =Z33+AA33 -> 0 | AC33: 14 | AD33: =+IFERROR(M33/V33,0) -> 0 | AF33: =+Z33/(G33+(T33/1.27)) -> #DIV/0! | AG33: =+AA33/(J33+(U33/1.27)) -> #DIV/0! | AH33: =+AB33/(M33+(V33/1.27)) -> #DIV/0! | AM33: =+AN33+AO33 -> 0 | AN33: =+AP33+G33 -> 0 | AO33: =+AQ33+J33 -> 0 | AP33: =+T33/1.27 -> 0 | AQ33: =+U33/1.27 -> 0 | AR33: =+AQ33+AP33 -> 0 | AT33: =+AR33+M33 -> 0
B34: =+B33+1 -> 45530 | D34: 40000 | E34: =+E33+D34 -> 960000 | F34: 5 Fleet | I34: Fleet | L34: Fleet | M34: =+J34+G34 -> 0 | N34: 0 | O34: =IFERROR(+M34/D34,"") -> 0 | P34: =M34-D34 -> -40000 | R34: 2500 | S34: =+S33+R34 -> 62500 | V34: =+U34+T34 -> 0 | W34: =IFERROR(+V34/R34,"") -> 0 | X34: =V34-R34 -> -2500 | AB34: =Z34+AA34 -> 0 | AC34: 14 | AD34: =+IFERROR(M34/V34,0) -> 0 | AF34: =+Z34/(G34+(T34/1.27)) -> #DIV/0! | AG34: =+AA34/(J34+(U34/1.27)) -> #DIV/0! | AH34: =+AB34/(M34+(V34/1.27)) -> #DIV/0! | AM34: =+AN34+AO34 -> 0 | AN34: =+AP34+G34 -> 0 | AO34: =+AQ34+J34 -> 0 | AP34: =+T34/1.27 -> 0 | AQ34: =+U34/1.27 -> 0 | AR34: =+AQ34+AP34 -> 0 | AS34: =+AR34-#REF! -> #REF! | AT34: =+AR34+M34 -> 0 | AV34: 21.9
B35: =+B34+1 -> 45531 | D35: 40000 | E35: =+E34+D35 -> 1000000 | F35: 5 Fleet | I35: Fleet | L35: Fleet | M35: =+J35+G35 -> 0 | N35: 0.48944744 | O35: =IFERROR(+M35/D35,"") -> 0 | P35: =M35-D35 -> -40000 | R35: 2500 | S35: =+S34+R35 -> 65000 | V35: =+U35+T35 -> 0 | W35: =IFERROR(+V35/R35,"") -> 0 | X35: =V35-R35 -> -2500 | AB35: =Z35+AA35 -> 0 | AC35: 14 | AD35: =+IFERROR(M35/V35,0) -> 0 | AF35: =+Z35/(G35+(T35/1.27)) -> #DIV/0! | AG35: =+AA35/(J35+(U35/1.27)) -> #DIV/0! | AH35: =+AB35/(M35+(V35/1.27)) -> #DIV/0! | AM35: 24473.622 | AN35: 7022.4252 | AO35: 17451.197 | AP35: 312.4252 | AQ35: 599.19685 | AR35: 911.62205 | AS35: #REF! | AT35: 24473.622 | AV35: 20.98
B36: =+B35+1 -> 45532 | D36: 40000 | E36: =+E35+D36 -> 1040000 | F36: 5 Fleet | I36: Fleet | L36: Fleet | M36: =+J36+G36 -> 0 | N36: 0.28562526 | O36: =IFERROR(+M36/D36,"") -> 0 | P36: =M36-D36 -> -40000 | R36: 2500 | S36: =+S35+R36 -> 67500 | V36: =+U36+T36 -> 0 | W36: =IFERROR(+V36/R36,"") -> 0 | X36: =V36-R36 -> -2500 | AB36: =Z36+AA36 -> 0 | AC36: 14 | AD36: =+IFERROR(M36/V36,0) -> 0 | AF36: =+Z36/(G36+(T36/1.27)) -> #DIV/0! | AG36: =+AA36/(J36+(U36/1.27)) -> #DIV/0! | AH36: =+AB36/(M36+(V36/1.27)) -> #DIV/0! | AM36: 14714.433 | AN36: 5716.0787 | AO36: 8998.3543 | AP36: 546.07874 | AQ36: 418.35433 | AR36: 964.43307 | AS36: #REF! | AT36: 14714.433 | AV36: 21.08
B37: =+B36+1 -> 45533 | D37: 40000 | E37: =+E36+D37 -> 1080000 | F37: 5 Fleet | I37: Fleet | L37: Fleet | M37: =+J37+G37 -> 0 | O37: =IFERROR(+M37/D37,"") -> 0 | P37: =M37-D37 -> -40000 | R37: 2500 | S37: =+S36+R37 -> 70000 | V37: =+U37+T37 -> 0 | W37: =IFERROR(+V37/R37,"") -> 0 | X37: =V37-R37 -> -2500 | AB37: =Z37+AA37 -> 0 | AC37: 14 | AD37: =+IFERROR(M37/V37,0) -> 0 | AF37: =+Z37/(G37+(T37/1.27)) -> #DIV/0! | AG37: =+AA37/(J37+(U37/1.27)) -> #DIV/0! | AH37: =+AB37/(M37+(V37/1.27)) -> #DIV/0! | AM37: 24472.654 | AN37: 12843.165 | AO37: 11629.488 | AP37: 369.16535 | AQ37: 431.48819 | AR37: 800.65354 | AT37: 24472.654
B38: =+B37+1 -> 45534 | D38: 40000 | E38: =+E37+D38 -> 1120000 | F38: 5 Fleet | I38: Fleet | L38: Fleet | M38: =+J38+G38 -> 0 | O38: =IFERROR(+M38/D38,"") -> 0 | P38: =M38-D38 -> -40000 | R38: 2500 | S38: =+S37+R38 -> 72500 | V38: =+U38+T38 -> 0 | W38: =IFERROR(+V38/R38,"") -> 0 | X38: =V38-R38 -> -2500 | AB38: =Z38+AA38 -> 0 | AC38: 14 | AD38: =+IFERROR(M38/V38,0) -> 0 | AF38: =+Z38/(G38+(T38/1.27)) -> #DIV/0! | AG38: =+AA38/(J38+(U38/1.27)) -> #DIV/0! | AH38: =+AB38/(M38+(V38/1.27)) -> #DIV/0!
B39: =+B38+1 -> 45535 | D39: 40000 | E39: =+E38+D39 -> 1160000 | F39: 5 Fleet | I39: Fleet | L39: Fleet | M39: =+J39+G39 -> 0 | O39: =IFERROR(+M39/D39,"") -> 0 | P39: =M39-D39 -> -40000 | R39: 2500 | S39: =+S38+R39 -> 75000 | V39: =+U39+T39 -> 0 | W39: =IFERROR(+V39/R39,"") -> 0 | X39: =V39-R39 -> -2500 | AB39: =Z39+AA39 -> 0 | AC39: 14 | AD39: =+IFERROR(M39/V39,0) -> 0 | AF39: =+Z39/(G39+(T39/1.27)) -> #DIV/0! | AG39: =+AA39/(J39+(U39/1.27)) -> #DIV/0! | AH39: =+AB39/(M39+(V39/1.27)) -> #DIV/0!
D40: =SUM(D9:D39) -> 1160000 | G40: =SUM(G9:G39) -> 140572 | H40: =AVERAGE(H9:H39) -> 4.0833333 | I40: Fleet | J40: =SUM(J9:J39) -> 155636 | K40: =AVERAGE(K9:K39) -> 4.6666667 | L40: Fleet | M40: =SUM(M9:M39) -> 296208 | N40: =IFERROR(+M40/D40,"") -> 0.25535172 | O40: =IFERROR(+M40/D40,"") -> 0.25535172 | P40: =+M40-D40 -> -863792 | R40: =SUM(R9:R39) -> 75000 | T40: =SUM(T9:T39) -> 9146.46 | U40: =SUM(U9:U39) -> 9797.08 | V40: =SUM(V9:V39) -> 18943.54 | W40: =IFERROR(+V40/R40,"") -> 0.25258053 | X40: =+V40-R40 -> -56056.46 | Z40: =SUM(Z9:Z39) -> 171439.5 | AA40: =SUM(AA9:AA39) -> 177177.5 | AB40: =SUM(AB9:AB39) -> 348617 | AC40: =+IFERROR(D40/R40,0) -> 15.466667 | AD40: =+IFERROR(M40/V40,"") -> 15.636359 | AF40: =+Z40/(G40+(T40/1.27)) -> 1.1601471 | AG40: =+AA40/(J40+(U40/1.27)) -> 1.084648 | AH40: =+AB40/(M40+(V40/1.27)) -> 1.1205076 | AI40: =SUM(AI9:AI39) -> 0.29444444 | AJ40: =SUM(AJ9:AJ39) -> 0.083333333 | AK40: =SUM(AK9:AK37) -> 10816 | AL40: 15 | AM40: =SUM(AM9:AM37) -> 374784.88 | AN40: =SUM(AN9:AN37) -> 173355.61 | AO40: =SUM(AO9:AO37) -> 201429.28 | AP40: =+T40/1.27 -> 7201.937 | AQ40: =+U40/1.27 -> 7714.2362 | AR40: =+AQ40+AP40 -> 14916.173 | AS40: =+AR40-#REF! -> #REF! | AT40: =+AR40+M40 -> 311124.17 | AV40: 19.71
V41: =1500*3 -> 4500 | W41: =+V41+V40 -> 23443.54 | AB41: =+AB40/(M40+(V40/1.27))=AH40 -> TRUE | AV41: 20.07
D42: MTD OB | G42: =M40 -> 296208 | J42: MTD OB PAGI | N42: =+G40 -> 140572 | O42: =+G40 -> 140572 | R42: RAIN | T42: =+AI40 -> 0.29444444 | U42: Note : | V42: Plan sesuai dengan rencana kerja mingguan | AB42: MTD ACHIEVEMENT | AV42: 20.17
D43: MTD COAL | G43: =V40 -> 18943.54 | J43: MTD OB MALAM | N43: =+J40 -> 155636 | O43: =+J40 -> 155636 | R43: SLIPERY | T43: =+AJ40 -> 0.083333333 | U43: PLAN OB | V43: =SUM(D9:D39) -> 1160000 | W43: =IFERROR(+G42/V43,0) -> 0.25535172 | AB43: UNIT | AC43: PLAN | AE43: ACTUAL | AI43: ACHV | AJ43: VARIANCE | AM43: WORKING DAYS IN MONTH | AN43: REMAINING DAYS | AV43: 19.06
D44: FR HARIAN | G44: =AH20 -> 1.0369579 | J44: MTD BB PAGI | N44: =+T40 -> 9146.46 | O44: =+T40 -> 9146.46 | U44: PLAN BB | V44: =SUM((R9:R39)) -> 75000 | W44: =IFERROR(+G43/V44,0) -> 0.25258053 | AB44: OB | AC44: =SUM(D9:D39) -> 1160000 | AE44: =+G42 -> 296208 | AI44: =+IFERROR(AE44/AC44,0) -> 0.25535172 | AJ44: =+IFERROR(AE44-AC44,0) -> -863792 | AM44: 27.5 | AN44: =AM44-11 -> 16.5 | AP44: =285340+270534 -> 555874 | AV44: 19.28 | AW44: 967306
D45: FR BULANAN | G45: =AH40 -> 1.1205076 | J45: MTD BB MALAM | N45: =+U40 -> 9797.08 | O45: =+U40 -> 9797.08 | U45: SR | V45: 14 | W45: =IFERROR(+G47/V45,0) -> 1.1168828 | AB45: COAL | AC45: =SUM(R9:R39) -> 75000 | AE45: =+G43 -> 18943.54 | AI45: =+IFERROR(AE45/AC45,0) -> 0.25258053 | AJ45: =+IFERROR(AE45-AC45,0) -> -56056.46 | AM45: TARGET PER DAY TO GET TARGET | AP45: =8671.4+17238.09 -> 25909.49 | AV45: 20.19 | AW45: 72018
D46: SR HARIAN | G46: =+AD20 -> 21.574615 | U46: FR | V46: 1.1 | W46: =IFERROR(+G45/V46,0) -> 1.0186433 | AB46: SR | AC46: 14 | AE46: =+IFERROR(AE44/AE45,0) -> 15.636359 | AJ46: =+IFERROR(AE46-AC46,0) -> 1.6363594 | AM46: OB | AN46: =IFERROR((D40-AE44)/AN44,"") -> 52351.03 | AP46: =+AP44/AP45 -> 21.454455 | AV46: 20.61
D47: SR BULANAN | G47: =+AD40 -> 15.636359 | AB47: FR | AC47: 1.1 | AF47: =G45 -> 1.1205076 | AJ47: =+IFERROR(AF47-AC47,0) -> 0.020507598 | AM47: COAL | AN47: =IFERROR((R40-AE45)/AN44,"") -> 3397.3612 | AP47: =285340/8671.4 -> 32.905874 | AV47: 18.77
AV48: 21.13
AB49: ACHIEVMENT 1 - 12 AGUSTUS 2024 | AV49: 20.1
AB50: UNIT | AC50: PLAN | AE50: ACTUAL | AI50: ACHV | AJ50: VARIANCE | AV50: 18.76
AB51: OB | AC51: =SUM(D9:D20) -> 440000 | AE51: =SUM(M9:M39) -> 296208 | AI51: =+IFERROR(AE51/AC51,0) -> 0.6732 | AJ51: =+IFERROR(AE51-AC51,0) -> -143792 | AV51: 17.26
D52: Dibuat oleh | L52: Diketahui Oleh | AB52: COAL | AC52: =SUM(R9:R20) -> 28750 | AE52: =SUM(V9:V39) -> 18943.54 | AI52: =+IFERROR(AE52/AC52,0) -> 0.65890574 | AJ52: =+IFERROR(AE52-AC52,0) -> -9806.46
AB53: SR | AC53: =+IFERROR(AC51/AC52,0) -> 15.304348 | AE53: =+IFERROR(AE51/AE52,0) -> 15.636359 | AJ53: =+IFERROR(AE53-AC53,0) -> 0.33201159
AB54: FR | AC54: 1 | AF54: =+G45 -> 1.1205076 | AJ54: =+IFERROR(AF54-AC54,0) -> 0.1205076
AB57: PENGAPALAN TGL 28 AGUSTUS 2024 | AV57: 20.16
D58: Anita Virginia | N58: Anita Virginia | O58: Wahyudi Kokasih | V58: Ikhsan Nur Ramadhani | AB58: TARGET | AC58: STOK JETTY | AF58: KEKURANGAN | AV58: 20.09
D59: Foreman MCC | N59: Foreman MCC | O59: SPI Produksi | V59: DGM Operation | AB59: 55000 | AC59: =+Y20 -> 17119.6 | AF59: =+AC59-AB59 -> -37880.4 | AV59: 19.66
AB60: Barge | AC60: 54147.732 | AV60: 18.27
AV61: 19.07
AV62: 20.13
AB63: OB | AC63: =+AC44-AE44 -> 863792 | AF63: 11 | AG63: =+AC63/AF63 -> 78526.545 | AV63: =927.8-#REF! -> #REF!
AB64: BB | AC64: =+AC45-AE45 -> 56056.46 | AF64: 11 | AG64: =+AC64/AF64 -> 5096.0418

Sheet 50 REV
B2: PT. SUMBER MITRA JAYA | AE2: SMJ(B)-S-MA-PR-V-01
B3: REKAP DAILY REPORT AGUSTUS 2024
B4: PIT 50 GAR | AJ4: U/FUEL
B5: TGL | C5: OVERBURDEN (BCM) | O5: BATUBARA | W5: Solar Pagi | X5: Solar malam | Y5: PEMAKAIAN SOLAR (LTR) | Z5: SR | AC5: FR PAGI | AD5: FR MALAM | AE5: FR | AF5: RAIN | AG5: SLIPERY | AH5: PEMAKAIAN SOLAR (LTR) (Jetty) | AJ5: TOTAL MATERIAL (BCM) | AK5: Total Material Pagi | AL5: Total Material Malam
C6: PLAN | F6: AKTUAL | O6: TARGET | Q6: ACTUAL
C7: FLEET | D7: HARIAN | E7: MTD | F7: PAGI | G7: Fleet | I7: MALAM | J7: Fleet | L7: TOTAL | M7: % | N7: DEVIASI | O7: PLAN | P7: MTD | Q7: PAGI | R7: MALAM | S7: TOTAL | T7: % | U7: DEVIASI | V7: STOCK JETTY PAGI | Z7: PLAN | AA7: ACT | AB7: %ACH
B8: 45505 | C8: 7 FLEET | D8: 50000 | E8: =+D8 -> 50000 | F8: 18700 | G8: 6 | H8: fleet | I8: 22660 | J8: 6 | K8: fleet | L8: =+F8+I8 -> 41360 | M8: =IFERROR(+L8/D8,"") -> 0.8272 | N8: =L8-D8 -> -8640 | O8: 3800 | P8: =+O8 -> 3800 | Q8: 1803.82 | R8: 1082.41 | S8: =+R8+Q8 -> 2886.23 | T8: =IFERROR(+S8/O8,"") -> 0.75953421 | U8: =S8-O8 -> -913.77 | V8: =31862.82+S8 -> 34749.05 | W8: 19232 | X8: 16483 | Y8: =+W8+X8 -> 35715 | Z8: 12 | AA8: =+IFERROR(L8/S8,0) -> 14.330112 | AB8: =IFERROR(+AA8/Z8,"") -> 1.194176 | AC8: =+W8/(F8+(Q8/1.27)) -> 0.9558491 | AD8: =+X8/(I8+(R8/1.27)) -> 0.70103759 | AE8: =+Y8/(L8+(S8/1.27)) -> 0.81853894 | AF8: 0 | AG8: 0 | AH8: 124 | AJ8: =+AK8+AL8 -> 43632.622 | AK8: =+AM8+F8 -> 20120.331 | AL8: =+AN8+I8 -> 23512.291 | AM8: =+Q8/1.27 -> 1420.3307 | AN8: =+R8/1.27 -> 852.29134 | AO8: =+AN8+AM8 -> 2272.622 | AP8: =+AO8-#REF! -> #REF! | AQ8: =+AO8+L8 -> 43632.622
B9: 45506 | C9: 7 FLEET | D9: 50000 | E9: =+E8+D9 -> 100000 | F9: 20284 | G9: 6 | H9: fleet | I9: 21406 | J9: 6 | K9: fleet | L9: =+F9+I9 -> 41690 | M9: =IFERROR(+L9/D9,"") -> 0.8338 | N9: =L9-D9 -> -8310 | O9: 3800 | P9: =+P8+O9 -> 7600 | Q9: 1872.32 | R9: 1545.68 | S9: =+R9+Q9 -> 3418 | T9: =IFERROR(+S9/O9,"") -> 0.89947368 | U9: =S9-O9 -> -382 | V9: =V8+S9 -> 38167.05 | W9: 18850 | X9: 19097 | Y9: =+W9+X9 -> 37947 | Z9: 12 | AA9: =+IFERROR(L9/S9,0) -> 12.197191 | AB9: =IFERROR(+AA9/Z9,"") -> 1.0164326 | AC9: =+W9/(F9+(Q9/1.27)) -> 0.86633735 | AD9: =+X9/(I9+(R9/1.27)) -> 0.84413827 | AE9: =+Y9/(L9+(S9/1.27)) -> 0.85502153 | AF9: 0 | AG9: 0 | AH9: 517 | AJ9: =+AK9+AL9 -> 44381.339 | AK9: =+AM9+F9 -> 21758.268 | AL9: =+AN9+I9 -> 22623.071 | AM9: =+Q9/1.27 -> 1474.2677 | AN9: =+R9/1.27 -> 1217.0709 | AO9: =+AN9+AM9 -> 2691.3386 | AP9: =+AO9-#REF! -> #REF! | AQ9: =+AO9+L9 -> 44381.339
B10: 45507 | C10: 7 FLEET | D10: 50000 | E10: =+E9+D10 -> 150000 | F10: 18810 | G10: 6 | H10: fleet | I10: 20108 | J10: 6 | K10: fleet | L10: =+F10+I10 -> 38918 | M10: =IFERROR(+L10/D10,"") -> 0.77836 | N10: =L10-D10 -> -11082 | O10: 3800 | P10: =+P9+O10 -> 11400 | Q10: 1927.58 | R10: 1885.72 | S10: =+R10+Q10 -> 3813.3 | T10: =IFERROR(+S10/O10,"") -> 1.0035 | U10: =S10-O10 -> 13.3 | V10: =V9+S10 -> 41980.35 | W10: 17885 | X10: 18907 | Y10: =+W10+X10 -> 36792 | Z10: 12 | AA10: =+IFERROR(L10/S10,0) -> 10.205858 | AB10: =IFERROR(+AA10/Z10,"") -> 0.8504882 | AC10: =+W10/(F10+(Q10/1.27)) -> 0.87983048 | AD10: =+X10/(I10+(R10/1.27)) -> 0.87561518 | AE10: =+Y10/(L10+(S10/1.27)) -> 0.87765923 | AF10: 0 | AG10: 0 | AH10: 1531 | AJ10: =+AK10+AL10 -> 41920.598 | AK10: =+AM10+F10 -> 20327.78 | AL10: =+AN10+I10 -> 21592.819 | AM10: =+Q10/1.27 -> 1517.7795 | AN10: =+R10/1.27 -> 1484.8189 | AO10: =+AN10+AM10 -> 3002.5984 | AP10: =+AO10-#REF! -> #REF! | AQ10: =+AO10+L10 -> 41920.598
B11: 45508 | C11: 7 FLEET | D11: =D10/2 -> 25000 | E11: =+E10+D11 -> 175000 | F11: 3850 | G11: 1 | H11: fleet | I11: 17578 | J11: 6 | K11: fleet | L11: =+F11+I11 -> 21428 | M11: =IFERROR(+L11/D11,"") -> 0.85712 | N11: =L11-D11 -> -3572 | O11: =3800/2 -> 1900 | P11: =+P10+O11 -> 13300 | Q11: 0 | R11: 1784.63 | S11: =+R11+Q11 -> 1784.63 | T11: =IFERROR(+S11/O11,"") -> 0.93927895 | U11: =S11-O11 -> -115.37 | V11: =V10+S11 -> 43764.98 | W11: 6228 | X11: 16417 | Y11: =+W11+X11 -> 22645 | Z11: 12 | AA11: =+IFERROR(L11/S11,0) -> 12.006971 | AB11: =IFERROR(+AA11/Z11,"") -> 1.0005809 | AC11: =+W11/(F11+(Q11/1.27)) -> 1.6176623 | AD11: =+X11/(I11+(R11/1.27)) -> 0.86481638 | AE11: =+Y11/(L11+(S11/1.27)) -> 0.99175673 | AF11: 0.011805556 | AG11: 0.029861111 | AH11: 257 | AJ11: =+AK11+AL11 -> 22833.22 | AK11: =+AM11+F11 -> 3850 | AL11: =+AN11+I11 -> 18983.22 | AM11: =+Q11/1.27 -> 0 | AN11: =+R11/1.27 -> 1405.2205 | AO11: =+AN11+AM11 -> 1405.2205 | AP11: =+AO11-#REF! -> #REF! | AQ11: =+AO11+L11 -> 22833.22
B12: 45509 | C12: 7 FLEET | D12: 50000 | E12: =+E11+D12 -> 225000 | F12: 27038 | G12: 7 | H12: fleet | I12: 23716 | J12: 6 | K12: fleet | L12: =+F12+I12 -> 50754 | M12: =IFERROR(+L12/D12,"") -> 1.01508 | N12: =L12-D12 -> 754 | O12: 3800 | P12: =+P11+O12 -> 17100 | Q12: 1929.3 | R12: 1548.81 | S12: =+R12+Q12 -> 3478.11 | T12: =IFERROR(+S12/O12,"") -> 0.91529211 | U12: =S12-O12 -> -321.89 | V12: =V11+S12 -> 47243.09 | W12: 21755.5 | X12: 23524.5 | Y12: =+W12+X12 -> 45280 | Z12: 12 | AA12: =+IFERROR(L12/S12,0) -> 14.592408 | AB12: =IFERROR(+AA12/Z12,"") -> 1.216034 | AC12: =+W12/(F12+(Q12/1.27)) -> 0.76182365 | AD12: =+X12/(I12+(R12/1.27)) -> 0.94341267 | AE12: =+Y12/(L12+(S12/1.27)) -> 0.84647113 | AF12: 0 | AG12: 0 | AH12: 877 | AJ12: =+AK12+AL12 -> 53492.669 | AK12: =+AM12+F12 -> 28557.134 | AL12: =+AN12+I12 -> 24935.535 | AM12: =+Q12/1.27 -> 1519.1339 | AN12: =+R12/1.27 -> 1219.5354 | AO12: =+AN12+AM12 -> 2738.6693 | AP12: =+AO12-#REF! -> #REF! | AQ12: =+AO12+L12 -> 53492.669
B13: 45510 | C13: 7 FLEET | D13: 50000 | E13: =+E12+D13 -> 275000 | F13: 25212 | G13: 7 | H13: fleet | I13: 21604 | J13: 7 | K13: fleet | L13: =+F13+I13 -> 46816 | M13: =IFERROR(+L13/D13,"") -> 0.93632 | N13: =L13-D13 -> -3184 | O13: 3800 | P13: =+P12+O13 -> 20900 | Q13: 2300.02 | R13: 1853.29 | S13: =+R13+Q13 -> 4153.31 | T13: =IFERROR(+S13/O13,"") -> 1.0929763 | U13: =S13-O13 -> 353.31 | V13: =V12+S13 -> 51396.4 | W13: 22963.5 | X13: 20575.5 | Y13: =+W13+X13 -> 43539 | Z13: 12 | AA13: =+IFERROR(L13/S13,0) -> 11.271973 | AB13: =IFERROR(+AA13/Z13,"") -> 0.93933112 | AC13: =+W13/(F13+(Q13/1.27)) -> 0.84977488 | AD13: =+X13/(I13+(R13/1.27)) -> 0.89213229 | AE13: =+Y13/(L13+(S13/1.27)) -> 0.86927923 | AF13: 0 | AG13: 0 | AH13: 883 | AJ13: =+AK13+AL13 -> 50086.323 | AK13: =+AM13+F13 -> 27023.039 | AL13: =+AN13+I13 -> 23063.283 | AM13: =+Q13/1.27 -> 1811.0394 | AN13: =+R13/1.27 -> 1459.2835 | AO13: =+AN13+AM13 -> 3270.3228 | AP13: =+AO13-#REF! -> #REF! | AQ13: =+AO13+L13 -> 50086.323
B14: 45511 | C14: 7 FLEET | D14: 50000 | E14: =+E13+D14 -> 325000 | F14: 22792 | G14: 6 | H14: fleet | I14: 15246 | J14: 6 | K14: fleet | L14: =+F14+I14 -> 38038 | M14: =IFERROR(+L14/D14,"") -> 0.76076 | N14: =L14-D14 -> -11962 | O14: 3800 | P14: =+P13+O14 -> 24700 | Q14: 1797.9 | R14: 1032.37 | S14: =+R14+Q14 -> 2830.27 | T14: =IFERROR(+S14/O14,"") -> 0.74480789 | U14: =S14-O14 -> -969.73 | V14: 47058.26 | W14: 19475.5 | X14: 21053 | Y14: =+W14+X14 -> 40528.5 | Z14: 12 | AA14: =+IFERROR(L14/S14,0) -> 13.439707 | AB14: =IFERROR(+AA14/Z14,"") -> 1.1199756 | AC14: =+W14/(F14+(Q14/1.27)) -> 0.80451777 | AD14: =+X14/(I14+(R14/1.27)) -> 1.3109873 | AE14: =+Y14/(L14+(S14/1.27)) -> 1.0065052 | AF14: 0.11805556 | AG14: 0.022222222 | AH14: 593 | AJ14: =+AK14+AL14 -> 40266.559 | AK14: =+AM14+F14 -> 24207.669 | AL14: =+AN14+I14 -> 16058.89 | AM14: =+Q14/1.27 -> 1415.6693 | AN14: =+R14/1.27 -> 812.88976 | AO14: =+AN14+AM14 -> 2228.5591 | AP14: =+AO14-#REF! -> #REF! | AQ14: =+AO14+L14 -> 40266.559
B15: 45512 | C15: 7 FLEET | D15: 50000 | E15: =+E14+D15 -> 375000 | F15: 16808 | G15: 5 | H15: fleet | I15: 4752 | J15: 6 | K15: fleet | L15: =+F15+I15 -> 21560 | M15: =IFERROR(+L15/D15,"") -> 0.4312 | N15: =L15-D15 -> -28440 | O15: 3800 | P15: =+P14+O15 -> 28500 | Q15: 1091.5 | R15: 591.84 | S15: =+R15+Q15 -> 1683.34 | T15: =IFERROR(+S15/O15,"") -> 0.44298421 | U15: =S15-O15 -> -2116.66 | V15: =V14+S15 -> 48741.6 | W15: 14694.5 | X15: 14931.5 | Y15: =+W15+X15 -> 29626 | Z15: 12 | AA15: =+IFERROR(L15/S15,0) -> 12.80787 | AB15: =IFERROR(+AA15/Z15,"") -> 1.0673225 | AC15: =+W15/(F15+(Q15/1.27)) -> 0.83172733 | AD15: =+X15/(I15+(R15/1.27)) -> 2.8615284 | AE15: =+Y15/(L15+(S15/1.27)) -> 1.2945335 | AF15: 0.25416667 | AG15: 0.16180556 | AH15: 848 | AJ15: =+AK15+AL15 -> 22885.465 | AK15: =+AM15+F15 -> 17667.449 | AL15: =+AN15+I15 -> 5218.0157 | AM15: =+Q15/1.27 -> 859.44882 | AN15: =+R15/1.27 -> 466.01575 | AO15: =+AN15+AM15 -> 1325.4646 | AP15: =+AO15-#REF! -> #REF! | AQ15: =+AO15+L15 -> 22885.465
B16: 45513 | C16: 7 FLEET | D16: 50000 | E16: =+E15+D16 -> 425000 | F16: 14014 | G16: 5 | H16: fleet | I16: 20328 | J16: 5 | K16: fleet | L16: =+F16+I16 -> 34342 | M16: =IFERROR(+L16/D16,"") -> 0.68684 | N16: =L16-D16 -> -15658 | O16: 3800 | P16: =+P15+O16 -> 32300 | Q16: 1136.64 | R16: 612.65 | S16: =+R16+Q16 -> 1749.29 | T16: =IFERROR(+S16/O16,"") -> 0.46033947 | U16: =S16-O16 -> -2050.71 | V16: =V15+S16 -> 50490.89 | W16: 7117 | X16: 15717 | Y16: =+W16+X16 -> 22834 | Z16: 12 | AA16: =+IFERROR(L16/S16,0) -> 19.631965 | AB16: =IFERROR(+AA16/Z16,"") -> 1.6359971 | AC16: =+W16/(F16+(Q16/1.27)) -> 0.47736292 | AD16: =+X16/(I16+(R16/1.27)) -> 0.75524732 | AE16: =+Y16/(L16+(S16/1.27)) -> 0.63926057 | AF16: 0 | AG16: 0.064583333 | AH16: 321 | AJ16: =+AK16+AL16 -> 35719.394 | AK16: =+AM16+F16 -> 14908.992 | AL16: =+AN16+I16 -> 20810.402 | AM16: =+Q16/1.27 -> 894.99213 | AN16: =+R16/1.27 -> 482.40157 | AO16: =+AN16+AM16 -> 1377.3937 | AP16: =+AO16-#REF! -> #REF! | AQ16: =+AO16+L16 -> 35719.394
B17: 45514 | C17: 7 FLEET | D17: 50000 | E17: =+E16+D17 -> 475000 | F17: 20394 | G17: 6 | H17: fleet | I17: 19316 | J17: 5 | K17: fleet | L17: =+F17+I17 -> 39710 | M17: =IFERROR(+L17/D17,"") -> 0.7942 | N17: =L17-D17 -> -10290 | O17: 3800 | P17: =+P16+O17 -> 36100 | Q17: 1787.58 | R17: 1298.8 | S17: =+R17+Q17 -> 3086.38 | T17: =IFERROR(+S17/O17,"") -> 0.81220526 | U17: =S17-O17 -> -713.62 | V17: =V16+S17 -> 53577.27 | W17: 17475 | X17: 16922 | Y17: =+W17+X17 -> 34397 | Z17: 12 | AA17: =+IFERROR(L17/S17,0) -> 12.866206 | AB17: =IFERROR(+AA17/Z17,"") -> 1.0721838 | AC17: =+W17/(F17+(Q17/1.27)) -> 0.80154876 | AD17: =+X17/(I17+(R17/1.27)) -> 0.83201085 | AE17: =+Y17/(L17+(S17/1.27)) -> 0.81625107 | AF17: 0 | AG17: 0 | AH17: 447 | AJ17: =+AK17+AL17 -> 42140.22 | AK17: =+AM17+F17 -> 21801.543 | AL17: =+AN17+I17 -> 20338.677 | AM17: =+Q17/1.27 -> 1407.5433 | AN17: =+R17/1.27 -> 1022.6772 | AO17: =+AN17+AM17 -> 2430.2205 | AP17: =+AO17-#REF! -> #REF! | AQ17: =+AO17+L17 -> 42140.22
B18: 45515 | C18: 7 FLEET | D18: =50000/2 -> 25000 | E18: =+E17+D18 -> 500000 | F18: 4862 | G18: 1 | H18: fleet | I18: 16808 | J18: 5 | K18: fleet | L18: =+F18+I18 -> 21670 | M18: =IFERROR(+L18/D18,"") -> 0.8668 | N18: =L18-D18 -> -3330 | O18: =3800/2 -> 1900 | P18: =+P17+O18 -> 38000 | Q18: 0 | R18: 1782.07 | S18: =+R18+Q18 -> 1782.07 | T18: =IFERROR(+S18/O18,"") -> 0.93793158 | U18: =S18-O18 -> -117.93 | V18: =V17+S18 -> 55359.34 | W18: 4725 | X18: 15812 | Y18: =+W18+X18 -> 20537 | Z18: 12 | AA18: =+IFERROR(L18/S18,0) -> 12.160016 | AB18: =IFERROR(+AA18/Z18,"") -> 1.0133347 | AC18: =+W18/(F18+(Q18/1.27)) -> 0.9718223 | AD18: =+X18/(I18+(R18/1.27)) -> 0.86825667 | AE18: =+Y18/(L18+(S18/1.27)) -> 0.89008008 | AF18: 0 | AG18: 0 | AH18: 1012 | AJ18: =+AK18+AL18 -> 23073.205 | AK18: =+AM18+F18 -> 4862 | AL18: =+AN18+I18 -> 18211.205 | AM18: =+Q18/1.27 -> 0 | AN18: =+R18/1.27 -> 1403.2047 | AO18: =+AN18+AM18 -> 1403.2047 | AP18: =+AO18-#REF! -> #REF! | AQ18: =+AO18+L18 -> 23073.205 | AS18: 20.1
B19: 45516 | C19: 7 FLEET | D19: 50000 | E19: =+E18+D19 -> 550000 | F19: 19998 | G19: 5 | H19: fleet | I19: 20988 | J19: 5 | K19: fleet | L19: =+F19+I19 -> 40986 | M19: =IFERROR(+L19/D19,"") -> 0.81972 | N19: =L19-D19 -> -9014 | O19: 3800 | P19: =+P18+O19 -> 41800 | Q19: 1830.65 | R19: 1805.99 | S19: =+R19+Q19 -> 3636.64 | T19: =IFERROR(+S19/O19,"") -> 0.95701053 | U19: =S19-O19 -> -163.36 | V19: 58946.47 | W19: 18863.5 | X19: 15357.5 | Y19: =+W19+X19 -> 34221 | Z19: 12 | AA19: =+IFERROR(L19/S19,0) -> 11.270293 | AB19: =IFERROR(+AA19/Z19,"") -> 0.93919112 | AC19: =+W19/(F19+(Q19/1.27)) -> 0.87984972 | AD19: =+X19/(I19+(R19/1.27)) -> 0.68529554 | AE19: =+Y19/(L19+(S19/1.27)) -> 0.78041946 | AF19: 0 | AG19: 0 | AH19: 446 | AJ19: =+AK19+AL19 -> 43849.496 | AK19: =+AM19+F19 -> 21439.457 | AL19: =+AN19+I19 -> 22410.039 | AM19: =+Q19/1.27 -> 1441.4567 | AN19: =+R19/1.27 -> 1422.0394 | AO19: =+AN19+AM19 -> 2863.4961 | AP19: =+AO19-#REF! -> #REF! | AQ19: =+AO19+L19 -> 43849.496 | AS19: 19.76
B20: 45517 | C20: 7 FLEET | D20: 50000 | E20: =+E19+D20 -> 600000 | H20: fleet | K20: fleet | L20: =+F20+I20 -> 0 | M20: =IFERROR(+L20/D20,"") -> 0 | N20: =L20-D20 -> -50000 | O20: 3800 | P20: =+P19+O20 -> 45600 | S20: =+R20+Q20 -> 0 | T20: =IFERROR(+S20/O20,"") -> 0 | U20: =S20-O20 -> -3800 | Y20: =W20+X20 -> 0 | Z20: 12 | AA20: =+IFERROR(L20/S20,0) -> 0 | AB20: =IFERROR(+AA20/Z20,"") -> 0 | AC20: =+W20/(F20+(Q20/1.27)) -> #DIV/0! | AD20: =+X20/(I20+(R20/1.27)) -> #DIV/0! | AE20: =+Y20/(L20+(S20/1.27)) -> #DIV/0! | AH20: 20 | AJ20: =+AK20+AL20 -> 0 | AK20: =+AM20+F20 -> 0 | AL20: =+AN20+I20 -> 0 | AM20: =+Q20/1.27 -> 0 | AN20: =+R20/1.27 -> 0 | AO20: =+AN20+AM20 -> 0 | AP20: =+AO20-#REF! -> #REF! | AQ20: =+AO20+L20 -> 0 | AS20: 20.06
B21: 45518 | C21: 7 FLEET | D21: 50000 | E21: =+E20+D21 -> 650000 | H21: fleet | K21: fleet | L21: =+F21+I21 -> 0 | M21: =IFERROR(+L21/D21,"") -> 0 | N21: =L21-D21 -> -50000 | O21: 3800 | P21: =+P20+O21 -> 49400 | S21: =+R21+Q21 -> 0 | T21: =IFERROR(+S21/O21,"") -> 0 | U21: =S21-O21 -> -3800 | Y21: =W21+X21 -> 0 | Z21: 12 | AA21: =+IFERROR(L21/S21,0) -> 0 | AB21: =IFERROR(+AA21/Z21,"") -> 0 | AC21: =+W21/(F21+(Q21/1.27)) -> #DIV/0! | AD21: =+X21/(I21+(R21/1.27)) -> #DIV/0! | AE21: =+Y21/(L21+(S21/1.27)) -> #DIV/0! | AH21: 0 | AJ21: =+AK21+AL21 -> 0 | AK21: =+AM21+F21 -> 0 | AL21: =+AN21+I21 -> 0 | AM21: =+Q21/1.27 -> 0 | AN21: =+R21/1.27 -> 0 | AO21: =+AN21+AM21 -> 0 | AP21: =+AO21-#REF! -> #REF! | AQ21: =+AO21+L21 -> 0 | AS21: 20.97
B22: 45519 | C22: 7 FLEET | D22: 50000 | E22: =+E21+D22 -> 700000 | H22: fleet | K22: fleet | L22: =+F22+I22 -> 0 | M22: =IFERROR(+L22/D22,"") -> 0 | N22: =L22-D22 -> -50000 | O22: 3800 | P22: =+P21+O22 -> 53200 | S22: =+R22+Q22 -> 0 | T22: =IFERROR(+S22/O22,"") -> 0 | U22: =S22-O22 -> -3800 | Y22: =W22+X22 -> 0 | Z22: 12 | AA22: =+IFERROR(L22/S22,0) -> 0 | AB22: =IFERROR(+AA22/Z22,"") -> 0 | AC22: =+W22/(F22+(Q22/1.27)) -> #DIV/0! | AD22: =+X22/(I22+(R22/1.27)) -> #DIV/0! | AE22: =+Y22/(L22+(S22/1.27)) -> #DIV/0! | AH22: 871 | AJ22: =+AK22+AL22 -> 0 | AK22: =+AM22+F22 -> 0 | AL22: =+AN22+I22 -> 0 | AM22: =+Q22/1.27 -> 0 | AN22: =+R22/1.27 -> 0 | AO22: =+AN22+AM22 -> 0 | AP22: =+AO22-#REF! -> #REF! | AQ22: =+AO22+L22 -> 0 | AS22: 19.56
B23: 45520 | C23: 7 FLEET | D23: 50000 | E23: =+E22+D23 -> 750000 | H23: fleet | K23: fleet | L23: =+F23+I23 -> 0 | M23: =IFERROR(+L23/D23,"") -> 0 | N23: =L23-D23 -> -50000 | O23: 3800 | P23: =+P22+O23 -> 57000 | S23: =+R23+Q23 -> 0 | T23: =IFERROR(+S23/O23,"") -> 0 | U23: =S23-O23 -> -3800 | Y23: =+W23+X23 -> 0 | Z23: 12 | AA23: =+IFERROR(L23/S23,0) -> 0 | AB23: =IFERROR(+AA23/Z23,"") -> 0 | AC23: =+W23/(F23+(Q23/1.27)) -> #DIV/0! | AD23: =+X23/(I23+(R23/1.27)) -> #DIV/0! | AE23: =+Y23/(L23+(S23/1.27)) -> #DIV/0! | AH23: =+'[2]Daily All PIT'!$AF$23 -> 366 | AJ23: =+AK23+AL23 -> 0 | AK23: =+AM23+F23 -> 0 | AL23: =+AN23+I23 -> 0 | AM23: =+Q23/1.27 -> 0 | AN23: =+R23/1.27 -> 0 | AO23: =+AN23+AM23 -> 0 | AP23: =+AO23-#REF! -> #REF! | AQ23: =+AO23+L23 -> 0 | AS23: 22.16
B24: 45521 | C24: 7 FLEET | D24: 50000 | E24: =+E23+D24 -> 800000 | H24: fleet | K24: fleet | L24: =+F24+I24 -> 0 | M24: =IFERROR(+L24/D24,"") -> 0 | N24: =L24-D24 -> -50000 | O24: 3800 | P24: =+P23+O24 -> 60800 | S24: =+R24+Q24 -> 0 | T24: =IFERROR(+S24/O24,"") -> 0 | U24: =S24-O24 -> -3800 | Y24: =+W24+X24 -> 0 | Z24: 12 | AA24: =+IFERROR(L24/S24,0) -> 0 | AB24: =IFERROR(+AA24/Z24,"") -> 0 | AC24: =+W24/(F24+(Q24/1.27)) -> #DIV/0! | AD24: =+X24/(I24+(R24/1.27)) -> #DIV/0! | AE24: =+Y24/(L24+(S24/1.27)) -> #DIV/0! | AH24: 900 | AJ24: =+AK24+AL24 -> 0 | AK24: =+AM24+F24 -> 0 | AL24: =+AN24+I24 -> 0 | AM24: =+Q24/1.27 -> 0 | AN24: =+R24/1.27 -> 0 | AO24: =+AN24+AM24 -> 0 | AP24: =+AO24-#REF! -> #REF! | AQ24: =+AO24+L24 -> 0 | AS24: 21.71
B25: 45522 | C25: 7 FLEET | D25: =50000/2 -> 25000 | E25: =+E24+D25 -> 825000 | H25: fleet | K25: fleet | L25: =+F25+I25 -> 0 | M25: =IFERROR(+L25/D25,"") -> 0 | N25: =L25-D25 -> -25000 | O25: =3800/2 -> 1900 | P25: =+P24+O25 -> 62700 | S25: =+R25+Q25 -> 0 | T25: =IFERROR(+S25/O25,"") -> 0 | U25: =S25-O25 -> -1900 | Y25: =+W25+X25 -> 0 | Z25: 12 | AA25: =+IFERROR(L25/S25,0) -> 0 | AB25: =IFERROR(+AA25/Z25,"") -> 0 | AC25: =+W25/(F25+(Q25/1.27)) -> #DIV/0! | AD25: =+X25/(I25+(R25/1.27)) -> #DIV/0! | AE25: =+Y25/(L25+(S25/1.27)) -> #DIV/0! | AH25: 275 | AJ25: =+AK25+AL25 -> 0 | AK25: =+AM25+F25 -> 0 | AL25: =+AN25+I25 -> 0 | AM25: =+Q25/1.27 -> 0 | AN25: =+R25/1.27 -> 0 | AO25: =+AN25+AM25 -> 0 | AP25: =+AO25-#REF! -> #REF! | AQ25: =+AO25+L25 -> 0 | AS25: 22.24
B26: 45523 | C26: 7 FLEET | D26: 50000 | E26: =+E25+D26 -> 875000 | H26: fleet | K26: fleet | L26: =+F26+I26 -> 0 | M26: =IFERROR(+L26/D26,"") -> 0 | N26: =L26-D26 -> -50000 | O26: 3800 | P26: =+P25+O26 -> 66500 | S26: =+R26+Q26 -> 0 | T26: =IFERROR(+S26/O26,"") -> 0 | U26: =S26-O26 -> -3800 | Y26: =+W26+X26 -> 0 | Z26: 12 | AA26: =+IFERROR(L26/S26,0) -> 0 | AC26: =+W26/(F26+(Q26/1.27)) -> #DIV/0! | AD26: =+X26/(I26+(R26/1.27)) -> #DIV/0! | AE26: =+Y26/(L26+(S26/1.27)) -> #DIV/0! | AJ26: =+AK26+AL26 -> 0 | AK26: =+AM26+F26 -> 0 | AL26: =+AN26+I26 -> 0 | AM26: =+Q26/1.27 -> 0 | AN26: =+R26/1.27 -> 0 | AO26: =+AN26+AM26 -> 0 | AP26: =+AO26-#REF! -> #REF! | AQ26: =+AO26+L26 -> 0 | AS26: 21.9
B27: 45524 | C27: 7 FLEET | D27: 50000 | E27: =+E26+D27 -> 925000 | H27: fleet | K27: fleet | L27: =+F27+I27 -> 0 | M27: =IFERROR(+L27/D27,"") -> 0 | N27: =L27-D27 -> -50000 | O27: 3800 | P27: =+P26+O27 -> 70300 | S27: =+R27+Q27 -> 0 | T27: =IFERROR(+S27/O27,"") -> 0 | U27: =S27-O27 -> -3800 | Y27: =+W27+X27 -> 0 | Z27: 12 | AA27: =+IFERROR(L27/S27,0) -> 0 | AB27: =IFERROR(+AA27/Z27,"") -> 0 | AC27: =+W27/(F27+(Q27/1.27)) -> #DIV/0! | AD27: =+X27/(I27+(R27/1.27)) -> #DIV/0! | AE27: =+Y27/(L27+(S27/1.27)) -> #DIV/0! | AJ27: =+AK27+AL27 -> 0 | AK27: =+AM27+F27 -> 0 | AL27: =+AN27+I27 -> 0 | AM27: =+Q27/1.27 -> 0 | AN27: =+R27/1.27 -> 0 | AO27: =+AN27+AM27 -> 0 | AP27: =+AO27-#REF! -> #REF! | AQ27: =+AO27+L27 -> 0 | AS27: =34.75-13.11 -> 21.64
B28: 45525 | C28: 7 FLEET | D28: 50000 | E28: =+E27+D28 -> 975000 | H28: fleet | K28: fleet | L28: =+F28+I28 -> 0 | M28: =IFERROR(+L28/D28,"") -> 0 | N28: =L28-D28 -> -50000 | O28: 3800 | P28: =+P27+O28 -> 74100 | S28: =+R28+Q28 -> 0 | T28: =IFERROR(+S28/O28,"") -> 0 | U28: =S28-O28 -> -3800 | Y28: =+W28+X28 -> 0 | Z28: 12 | AA28: =+IFERROR(L28/S28,0) -> 0 | AB28: =IFERROR(+AA28/Z28,"") -> 0 | AC28: =+W28/(F28+(Q28/1.27)) -> #DIV/0! | AD28: =+X28/(I28+(R28/1.27)) -> #DIV/0! | AE28: =+Y28/(L28+(S28/1.27)) -> #DIV/0! | AJ28: =+AK28+AL28 -> 0 | AK28: =+AM28+F28 -> 0 | AL28: =+AN28+I28 -> 0 | AM28: =+Q28/1.27 -> 0 | AN28: =+R28/1.27 -> 0 | AO28: =+AN28+AM28 -> 0 | AP28: =+AO28-#REF! -> #REF! | AQ28: =+AO28+L28 -> 0 | AS28: 21
B29: 45526 | C29: 7 FLEET | D29: 50000 | E29: =+E28+D29 -> 1025000 | H29: fleet | K29: fleet | L29: =+F29+I29 -> 0 | M29: =IFERROR(+L29/D29,"") -> 0 | N29: =L29-D29 -> -50000 | O29: 3800 | P29: =+P28+O29 -> 77900 | S29: =+R29+Q29 -> 0 | T29: =IFERROR(+S29/O29,"") -> 0 | U29: =S29-O29 -> -3800 | Y29: =+W29+X29 -> 0 | Z29: 12 | AA29: =+IFERROR(L29/S29,0) -> 0 | AB29: =IFERROR(+AA29/Z29,"") -> 0 | AC29: =+W29/(F29+(Q29/1.27)) -> #DIV/0! | AD29: =+X29/(I29+(R29/1.27)) -> #DIV/0! | AE29: =+Y29/(L29+(S29/1.27)) -> #DIV/0! | AJ29: =+AK29+AL29 -> 0 | AK29: =+AM29+F29 -> 0 | AL29: =+AN29+I29 -> 0 | AM29: =+Q29/1.27 -> 0 | AN29: =+R29/1.27 -> 0 | AO29: =+AN29+AM29 -> 0 | AP29: =+AO29-#REF! -> #REF! | AQ29: =+AO29+L29 -> 0 | AS29: 19.65
B30: 45527 | C30: 7 FLEET | D30: 50000 | E30: =+E29+D30 -> 1075000 | H30: fleet | K30: fleet | L30: =+F30+I30 -> 0 | M30: =IFERROR(+L30/D30,"") -> 0 | N30: =L30-D30 -> -50000 | O30: 3800 | P30: =+P29+O30 -> 81700 | S30: =+R30+Q30 -> 0 | T30: =IFERROR(+S30/O30,"") -> 0 | U30: =S30-O30 -> -3800 | Y30: =+W30+X30 -> 0 | Z30: 12 | AA30: =+IFERROR(L30/S30,0) -> 0 | AB30: =IFERROR(+AA30/Z30,"") -> 0 | AC30: =+W30/(F30+(Q30/1.27)) -> #DIV/0! | AD30: =+X30/(I30+(R30/1.27)) -> #DIV/0! | AE30: =+Y30/(L30+(S30/1.27)) -> #DIV/0! | AJ30: =+AK30+AL30 -> 0 | AK30: =+AM30+F30 -> 0 | AL30: =+AN30+I30 -> 0 | AM30: =+Q30/1.27 -> 0 | AN30: =+R30/1.27 -> 0 | AO30: =+AN30+AM30 -> 0 | AP30: =+AO30-#REF! -> #REF! | AQ30: =+AO30+L30 -> 0 | AS30: 20.07
B31: 45528 | C31: 7 FLEET | D31: 50000 | E31: =+E30+D31 -> 1125000 | H31: fleet | K31: fleet | L31: =+F31+I31 -> 0 | M31: =IFERROR(+L31/D31,"") -> 0 | N31: =L31-D31 -> -50000 | O31: 3800 | P31: =+P30+O31 -> 85500 | S31: =+R31+Q31 -> 0 | T31: =IFERROR(+S31/O31,"") -> 0 | U31: =S31-O31 -> -3800 | Y31: =+W31+X31 -> 0 | Z31: 12 | AA31: =+IFERROR(L31/S31,0) -> 0 | AB31: =IFERROR(+AA31/Z31,"") -> 0 | AC31: =+W31/(F31+(Q31/1.27)) -> #DIV/0! | AD31: =+X31/(I31+(R31/1.27)) -> #DIV/0! | AE31: =+Y31/(L31+(S31/1.27)) -> #DIV/0! | AJ31: =+AK31+AL31 -> 0 | AK31: =+AM31+F31 -> 0 | AL31: =+AN31+I31 -> 0 | AM31: =+Q31/1.27 -> 0 | AN31: =+R31/1.27 -> 0 | AO31: =+AN31+AM31 -> 0 | AP31: =+AO31-#REF! -> #REF! | AQ31: =+AO31+L31 -> 0 | AS31: 20.65
B32: 45529 | C32: 7 FLEET | D32: 25000 | E32: =+E31+D32 -> 1150000 | H32: fleet | K32: fleet | L32: =+F32+I32 -> 0 | M32: =IFERROR(+L32/D32,"") -> 0 | N32: =L32-D32 -> -25000 | O32: =3800/2 -> 1900 | P32: =+P31+O32 -> 87400 | S32: =+R32+Q32 -> 0 | T32: =IFERROR(+S32/O32,"") -> 0 | U32: =S32-O32 -> -1900 | Y32: =+W32+X32 -> 0 | Z32: 12 | AA32: =+IFERROR(L32/S32,0) -> 0 | AB32: 0 | AC32: =+W32/(F32+(Q32/1.27)) -> #DIV/0! | AD32: =+X32/(I32+(R32/1.27)) -> #DIV/0! | AE32: =+Y32/(L32+(S32/1.27)) -> #DIV/0! | AJ32: 0 | AK32: 0 | AL32: 0 | AM32: 0 | AN32: 0 | AO32: 0 | AQ32: 0
B33: 45530 | C33: 7 FLEET | D33: 50000 | E33: =+E32+D33 -> 1200000 | H33: fleet | K33: fleet | L33: =+F33+I33 -> 0 | M33: =IFERROR(+L33/D33,"") -> 0 | N33: =L33-D33 -> -50000 | O33: 3800 | P33: =+P32+O33 -> 91200 | S33: =+R33+Q33 -> 0 | T33: =IFERROR(+S33/O33,"") -> 0 | U33: =S33-O33 -> -3800 | Y33: =+W33+X33 -> 0 | Z33: 12 | AA33: =+IFERROR(L33/S33,0) -> 0 | AB33: 0 | AC33: =+W33/(F33+(Q33/1.27)) -> #DIV/0! | AD33: =+X33/(I33+(R33/1.27)) -> #DIV/0! | AE33: =+Y33/(L33+(S33/1.27)) -> #DIV/0! | AJ33: =+AK33+AL33 -> 0 | AK33: =+AM33+F33 -> 0 | AL33: =+AN33+I33 -> 0 | AM33: =+Q33/1.27 -> 0 | AN33: =+R33/1.27 -> 0 | AO33: =+AN33+AM33 -> 0 | AP33: =+AO33-#REF! -> #REF! | AQ33: =+AO33+L33 -> 0 | AS33: 21.9
B34: 45531 | C34: 7 FLEET | D34: 50000 | E34: =+E33+D34 -> 1250000 | H34: fleet | K34: fleet | L34: =+F34+I34 -> 0 | M34: =IFERROR(+L34/D34,"") -> 0 | N34: =L34-D34 -> -50000 | O34: 3800 | P34: =+P33+O34 -> 95000 | S34: =+R34+Q34 -> 0 | T34: =IFERROR(+S34/O34,"") -> 0 | U34: =S34-O34 -> -3800 | Y34: =+W34+X34 -> 0 | Z34: 12 | AA34: =+IFERROR(L34/S34,0) -> 0 | AB34: =IFERROR(+AA34/Z34,"") -> 0 | AC34: =+W34/(F34+(Q34/1.27)) -> #DIV/0! | AD34: =+X34/(I34+(R34/1.27)) -> #DIV/0! | AE34: =+Y34/(L34+(S34/1.27)) -> #DIV/0! | AJ34: =+AK34+AL34 -> 0 | AK34: =+AM34+F34 -> 0 | AL34: =+AN34+I34 -> 0 | AM34: =+Q34/1.27 -> 0 | AN34: =+R34/1.27 -> 0 | AO34: =+AN34+AM34 -> 0 | AP34: =+AO34-#REF! -> #REF! | AQ34: =+AO34+L34 -> 0 | AS34: 20.98
B35: 45532 | C35: 7 FLEET | D35: 50000 | E35: =+E34+D35 -> 1300000 | H35: fleet | K35: fleet | L35: =+F35+I35 -> 0 | M35: =IFERROR(+L35/D35,"") -> 0 | N35: =L35-D35 -> -50000 | O35: 3800 | P35: =+P34+O35 -> 98800 | S35: =+R35+Q35 -> 0 | T35: =IFERROR(+S35/O35,"") -> 0 | U35: =S35-O35 -> -3800 | Y35: =+W35+X35 -> 0 | Z35: 12 | AA35: =+IFERROR(L35/S35,0) -> 0 | AB35: =IFERROR(+AA35/Z35,"") -> 0 | AC35: =+W35/(F35+(Q35/1.27)) -> #DIV/0! | AD35: =+X35/(I35+(R35/1.27)) -> #DIV/0! | AE35: =+Y35/(L35+(S35/1.27)) -> #DIV/0! | AJ35: =+AK35+AL35 -> 0 | AK35: =+AM35+F35 -> 0 | AL35: =+AN35+I35 -> 0 | AM35: =+Q35/1.27 -> 0 | AN35: =+R35/1.27 -> 0 | AO35: =+AN35+AM35 -> 0 | AP35: =+AO35-#REF! -> #REF! | AQ35: =+AO35+L35 -> 0 | AS35: 21.08
B36: 45533 | C36: 7 FLEET | D36: 50000 | E36: =+E35+D36 -> 1350000 | H36: fleet | K36: fleet | L36: =+F36+I36 -> 0 | M36: =IFERROR(+L36/D36,"") -> 0 | N36: =L36-D36 -> -50000 | O36: 3800 | P36: =+P35+O36 -> 102600 | S36: =+R36+Q36 -> 0 | T36: =IFERROR(+S36/O36,"") -> 0 | U36: =S36-O36 -> -3800 | Y36: =+W36+X36 -> 0 | Z36: 12 | AA36: =+IFERROR(L36/S36,0) -> 0 | AB36: =IFERROR(+AA36/Z36,"") -> 0 | AC36: =+W36/(F36+(Q36/1.27)) -> #DIV/0! | AD36: =+X36/(I36+(R36/1.27)) -> #DIV/0! | AE36: =+Y36/(L36+(S36/1.27)) -> #DIV/0! | AJ36: =+AK36+AL36 -> 0 | AK36: =+AM36+F36 -> 0 | AL36: =+AN36+I36 -> 0 | AM36: =+Q36/1.27 -> 0 | AN36: =+R36/1.27 -> 0 | AO36: =+AN36+AM36 -> 0 | AP36: =+AO36-#REF! -> #REF! | AQ36: =+AO36+L36 -> 0
B37: 45534 | C37: 7 FLEET | D37: 50000 | E37: =+E36+D37 -> 1400000 | H37: fleet | K37: fleet | L37: =+F37+I37 -> 0 | M37: =IFERROR(+L37/D37,"") -> 0 | N37: =L37-D37 -> -50000 | O37: 3800 | P37: =+P36+O37 -> 106400 | S37: =+R37+Q37 -> 0 | T37: =IFERROR(+S37/O37,"") -> 0 | U37: =S37-O37 -> -3800 | Y37: =+W37+X37 -> 0 | Z37: 12 | AA37: =+IFERROR(L37/S37,0) -> 0 | AB37: =IFERROR(+AA37/Z37,"") -> 0 | AC37: =+W37/(F37+(Q37/1.27)) -> #DIV/0! | AD37: =+X37/(I37+(R37/1.27)) -> #DIV/0! | AE37: =+Y37/(L37+(S37/1.27)) -> #DIV/0! | AJ37: =+AK37+AL37 -> 0 | AK37: =+AM37+F37 -> 0 | AL37: =+AN37+I37 -> 0 | AM37: =+Q37/1.27 -> 0 | AN37: =+R37/1.27 -> 0 | AO37: =+AN37+AM37 -> 0 | AQ37: =+AO37+L37 -> 0
B38: 45535 | C38: 7 FLEET | D38: 50000 | E38: =+E37+D38 -> 1450000 | H38: fleet | K38: fleet | L38: =+F38+I38 -> 0 | M38: =IFERROR(+L38/D38,"") -> 0 | N38: =L38-D38 -> -50000 | O38: 3800 | P38: =+P37+O38 -> 110200 | S38: =+R38+Q38 -> 0 | T38: =IFERROR(+S38/O38,"") -> 0 | U38: =S38-O38 -> -3800 | Y38: =+W38+X38 -> 0 | Z38: 12 | AA38: =+IFERROR(L38/S38,0) -> 0 | AB38: =IFERROR(+AA38/Z38,"") -> 0 | AC38: =+W38/(F38+(Q38/1.27)) -> #DIV/0! | AD38: =+X38/(I38+(R38/1.27)) -> #DIV/0! | AE38: =+Y38/(L38+(S38/1.27)) -> #DIV/0!
D39: =SUM(D8:D38) -> 1450000 | F39: =SUM(F8:F38) -> 212762 | G39: =AVERAGE(G8:G38) -> 5.0833333 | H39: Fleet | I39: =SUM(I8:I38) -> 224510 | J39: =AVERAGE(J8:J38) -> 5.75 | K39: Fleet | L39: =SUM(L8:L38) -> 437272 | M39: =IFERROR(+L39/D39,"") -> 0.3015669 | N39: =L39-D39 -> -1012728 | O39: =SUM(O8:O38) -> 110200 | Q39: =SUM(Q8:Q38) -> 17477.31 | R39: =SUM(R8:R38) -> 16824.26 | S39: =SUM(S8:S38) -> 34301.57 | T39: =IFERROR(+S39/O39,"") -> 0.31126652 | U39: =S39-O39 -> -75898.43 | W39: =SUM(W8:W38) -> 189264.5 | X39: =SUM(X8:X38) -> 214797 | Y39: =SUM(Y8:Y38) -> 404061.5 | Z39: 12 | AA39: =+IFERROR(L39/S39,0) -> 12.747871 | AB39: =IFERROR(+AA39/Z39,"") -> 1.0623226 | AC39: =+W39/(F39+(Q39/1.27)) -> 0.83551757 | AD39: =+X39/(I39+(R39/1.27)) -> 0.90342911 | AE39: =+Y39/(L39+(S39/1.27)) -> 0.87029494 | AF39: =SUM(AF8:AF37) -> 0.38402778 | AG39: =SUM(AG8:AG37) -> 0.27847222 | AH39: =SUM(AH8:AH36) -> 10288 | AJ39: =SUM(AJ8:AJ38) -> 464281.11 | AK39: =SUM(AK8:AK38) -> 226523.66 | AL39: =SUM(AL8:AL38) -> 237757.45 | AM39: =+Q39/1.27 -> 13761.661 | AN39: =+R39/1.27 -> 13247.449 | AO39: =+AN39+AM39 -> 27009.11 | AP39: =+AO39-#REF! -> #REF! | AQ39: =+AO39+L39 -> 464281.11 | AS39: 19.71
Y40: =+Y39/(L39+(S39/1.27))=AE39 -> TRUE | AS40: 19.7
AS41: 20.07
D42: MTD OB | F42: =L39 -> 437272 | I42: MTD OB PAGI | M42: =F39 -> 212762 | O42: RAIN | Q42: =+AF39 -> 0.38402778 | R42: Note : | S42: Plan sesuai dengan rencana kerja mingguan | Y42: MTD ACHIEVEMENT | AS42: 20.17
D43: MTD COAL | F43: =S39 -> 34301.57 | I43: MTD OB MALAM | M43: =I39 -> 224510 | O43: SLIPERY | Q43: =+AG39 -> 0.27847222 | R43: PLAN OB | S43: =SUM(D8:D38) -> 1450000 | T43: =IFERROR(+F42/S43,0) -> 0.3015669 | Y43: UNIT | Z43: PLAN | AB43: ACTUAL | AF43: ACHV | AG43: VARIANCE | AJ43: WORKING DAYS IN MONTH | AK43: REMAINING DAYS | AS43: 19.06
A44: s | D44: FR HARIAN | F44: =+AE19 -> 0.78041946 | I44: MTD BB PAGI | M44: =+Q39 -> 17477.31 | R44: PLAN BB | S44: =SUM(O8:O38) -> 110200 | T44: =IFERROR(+F43/S44,0) -> 0.31126652 | Y44: OB | Z44: =SUM(D8:D38) -> 1450000 | AB44: =+F42 -> 437272 | AF44: =+IFERROR(AB44/Z44,0) -> 0.3015669 | AG44: =+IFERROR(AB44-Z44,0) -> -1012728 | AJ44: 27.5 | AK44: =AJ44-11 -> 16.5 | AS44: 19.28
D45: FR BULANAN | F45: =AE39 -> 0.87029494 | I45: MTD BB MALAM | M45: =+R39 -> 16824.26 | R45: SR | S45: 12 | T45: =IFERROR(+F47/S45,0) -> 1.0623226 | Y45: COAL | Z45: =SUM(O8:O37) -> 106400 | AB45: =+F43 -> 34301.57 | AF45: =+IFERROR(AB45/Z45,0) -> 0.32238318 | AG45: =+IFERROR(AB45-Z45,0) -> -72098.43 | AJ45: TARGET PER DAY TO GET TARGET | AS45: 20.19
D46: SR HARIAN | F46: =+AA19 -> 11.270293 | R46: FR | S46: 0.8 | T46: =IFERROR(+F45/S46,0) -> 1.0878687 | Y46: SR | Z46: 12 | AB46: =+IFERROR(AB44/AB45,0) -> 12.747871 | AG46: =+IFERROR(AB46-Z46,0) -> 0.74787131 | AJ46: OB | AK46: =IFERROR((D39-AB44)/AK44,"") -> 61377.455 | AS46: 20.61
D47: SR BULANAN | F47: =+AA39 -> 12.747871 | Y47: FR | Z47: 0.8 | AC47: =F45 -> 0.87029494 | AG47: =+IFERROR(AC47-Z47,0) -> 0.070294938 | AJ47: COAL | AK47: =IFERROR((O39-AB45)/AK44,"") -> 4599.9048 | AS47: 18.77
AS48: 21.13
AS49: 17.26
D50: Dibuat oleh | M50: Diketahui Oleh | AS50: 19.33
Y51: ACHIEVMENT 1 - 12 AGUSTUS 2024
Y52: UNIT | Z52: PLAN | AB52: ACTUAL | AF52: ACHV | AG52: VARIANCE
Y53: OB | Z53: =SUM(D8:D19) -> 550000 | AB53: =SUM(L8:L38) -> 437272 | AF53: =+IFERROR(AB53/Z53,0) -> 0.79504 | AG53: =+IFERROR(AB53-Z53,0) -> -112728
E54: RUMUS SR | Y54: COAL | Z54: =SUM(O8:O19) -> 41800 | AB54: =SUM(S8:S38) -> 34301.57 | AF54: =+IFERROR(AB54/Z54,0) -> 0.82061172 | AG54: =+IFERROR(AB54-Z54,0) -> -7498.43
E55: OB/(BB*1,27) | Y55: SR | Z55: =+IFERROR(Z53/Z54,0) -> 13.157895 | AB55: =+IFERROR(AB53/AB54,0) -> 12.747871 | AG55: =+IFERROR(AB55-Z55,0) -> -0.41002343 | AS55: 20.16
Y56: FR | Z56: 0.8 | AC56: =+AE39 -> 0.87029494 | AG56: =+IFERROR(AC56-Z56,0) -> 0.070294938
AS58: 20.09
D59: Berto w.p | P59: Deddy darmawan | T59: Ikhsan Nur Ramadhani | AS59: 19.66
D60: Foreman MCC | P60: Project manager pit 50 | T60: DGM Operation | Y60: TARGET | Z60: STOK JETTY | AC60: KEKURANGAN | AS60: 18.27
Y61: 110000 | Z61: =V19 -> 58946.47 | AC61: =+(Y61-Z61) -> 51053.53 | AS61: 19.07
AS62: 20.13
AS63: 21.25
V64: PER TANGGAL 6 AGUSTUS 2024 AMBIL BATUBARA DARI PIT 50 = 5.511.92 TON | AS64: 20.06
AS65: 19.77
AS66: 20.16
AS67: =SUM(AS18:AS66) -> 789.33
AS68: =+AS67+22 -> 811.33
AS69: =927.8-AS67 -> 138.47

Sheet 50 -ed
B2: PT. SUMBER MITRA JAYA | AE2: SMJ(B)-S-MA-PR-V-01
B3: REKAP DAILY REPORT APRIL 2024 | F3: TARGET 100%
B4: PIT 50 GAR | AJ4: U/FUEL
B5: TGL | C5: OVERBURDEN (BCM) | O5: BATUBARA | W5: Solar Pagi | X5: Solar malam | Y5: PEMAKAIAN SOLAR (LTR) | Z5: SR | AC5: FR PAGI | AD5: FR MALAM | AE5: FR | AF5: RAIN | AG5: SLIPERY | AH5: PEMAKAIAN SOLAR (LTR) (Jetty) | AJ5: TOTAL MATERIAL (BCM) | AK5: Total Material Pagi | AL5: Total Material Malam
C6: PLAN | F6: AKTUAL | O6: TARGET | Q6: ACTUAL
C7: FLEET | D7: HARIAN | E7: MTD | F7: PAGI | G7: Fleet | I7: MALAM | J7: Fleet | L7: TOTAL | M7: % | N7: DEVIASI | O7: PLAN | P7: MTD | Q7: PAGI | R7: MALAM | S7: TOTAL | T7: % | U7: DEVIASI | V7: STOCK JETTY PAGI | Z7: PLAN | AA7: ACT | AB7: %ACH
B8: 45383 | C8: 6 FLEET | D8: 34615 | E8: =+D8 -> 34615 | F8: 11132 | G8: 4 | H8: fleet | I8: 14694 | J8: 5 | K8: fleet | L8: =+F8+I8 -> 25826 | M8: =IFERROR(+L8/D8,"") -> 0.74609273 | N8: =L8-D8 -> -8789 | O8: 2884 | P8: =+O8 -> 2884 | Q8: 0 | R8: 0 | S8: =+R8+Q8 -> 0 | T8: =IFERROR(+S8/O8,"") -> 0 | U8: =S8-O8 -> -2884 | W8: 15760 | X8: 9268.5 | Y8: =+W8+X8 -> 25028.5 | Z8: =+IFERROR(D8/O8,0) -> 12.002427 | AA8: =+IFERROR(L8/S8,0) -> 0 | AB8: =IFERROR(+AA8/Z8,"") -> 0 | AC8: =+W8/(F8+(Q8/1.27)) -> 1.4157384 | AD8: =+X8/(I8+(R8/1.27)) -> 0.63076766 | AE8: =+Y8/(L8+(S8/1.27)) -> 0.96912027 | AF8: 0.069444444 | AG8: 0.056944444 | AH8: 124 | AJ8: =+AK8+AL8 -> 25826 | AK8: =+AM8+F8 -> 11132 | AL8: =+AN8+I8 -> 14694 | AM8: =+Q8/1.27 -> 0 | AN8: =+R8/1.27 -> 0 | AO8: =+AN8+AM8 -> 0 | AP8: =+AO8-#REF! -> #REF! | AQ8: =+AO8+L8 -> 25826
B9: 45384 | C9: 6 FLEET | D9: 34615 | E9: =+E8+D9 -> 69230 | F9: 17782 | G9: 5 | H9: fleet | I9: 16244 | J9: 5 | K9: fleet | L9: =+F9+I9 -> 34026 | M9: =IFERROR(+L9/D9,"") -> 0.98298426 | N9: =L9-D9 -> -589 | O9: 2884 | P9: =+P8+O9 -> 5768 | Q9: 0 | R9: 0 | S9: =+R9+Q9 -> 0 | T9: =IFERROR(+S9/O9,"") -> 0 | U9: =S9-O9 -> -2884 | W9: 17237 | X9: 14226.5 | Y9: =+W9+X9 -> 31463.5 | Z9: =+IFERROR(D9/O9,0) -> 12.002427 | AA9: =+IFERROR(L9/S9,0) -> 0 | AB9: =IFERROR(+AA9/Z9,"") -> 0 | AC9: =+W9/(F9+(Q9/1.27)) -> 0.96935103 | AD9: =+X9/(I9+(R9/1.27)) -> 0.8758003 | AE9: =+Y9/(L9+(S9/1.27)) -> 0.92468994 | AF9: 0 | AG9: 0 | AH9: 517 | AJ9: =+AK9+AL9 -> 34026 | AK9: =+AM9+F9 -> 17782 | AL9: =+AN9+I9 -> 16244 | AM9: =+Q9/1.27 -> 0 | AN9: =+R9/1.27 -> 0 | AO9: =+AN9+AM9 -> 0 | AP9: =+AO9-#REF! -> #REF! | AQ9: =+AO9+L9 -> 34026
B10: 45385 | C10: 6 FLEET | D10: 34615 | E10: =+E9+D10 -> 103845 | F10: 18568 | G10: 5 | H10: fleet | I10: 14790 | J10: 5 | K10: fleet | L10: =+F10+I10 -> 33358 | M10: =IFERROR(+L10/D10,"") -> 0.96368626 | N10: =L10-D10 -> -1257 | O10: 2884 | P10: =+P9+O10 -> 8652 | Q10: 468.53 | R10: 287.77 | S10: =+R10+Q10 -> 756.3 | T10: =IFERROR(+S10/O10,"") -> 0.26223994 | U10: =S10-O10 -> -2127.7 | W10: 16379.5 | X10: 14406.5 | Y10: =+W10+X10 -> 30786 | Z10: =+IFERROR(D10/O10,0) -> 12.002427 | AA10: =+IFERROR(L10/S10,0) -> 44.106836 | AB10: =IFERROR(+AA10/Z10,"") -> 3.6748264 | AC10: =+W10/(F10+(Q10/1.27)) -> 0.86495053 | AD10: =+X10/(I10+(R10/1.27)) -> 0.95937223 | AE10: =+Y10/(L10+(S10/1.27)) -> 0.90671033 | AF10: 0 | AG10: 0 | AH10: 1531 | AJ10: =+AK10+AL10 -> 33953.512 | AK10: =+AM10+F10 -> 18936.921 | AL10: =+AN10+I10 -> 15016.591 | AM10: =+Q10/1.27 -> 368.92126 | AN10: =+R10/1.27 -> 226.59055 | AO10: =+AN10+AM10 -> 595.51181 | AP10: =+AO10-#REF! -> #REF! | AQ10: =+AO10+L10 -> 33953.512
B11: 45386 | C11: 6 FLEET | D11: 34615 | E11: =+E10+D11 -> 138460 | F11: 16306 | G11: 5 | H11: fleet | I11: 16666 | J11: 5 | K11: fleet | L11: =+F11+I11 -> 32972 | M11: =IFERROR(+L11/D11,"") -> 0.95253503 | N11: =L11-D11 -> -1643 | O11: 2884 | P11: =+P10+O11 -> 11536 | Q11: 1216.63 | R11: 641.88 | S11: =+R11+Q11 -> 1858.51 | T11: =IFERROR(+S11/O11,"") -> 0.64442094 | U11: =S11-O11 -> -1025.49 | W11: 13315.5 | X11: 14218.5 | Y11: =+W11+X11 -> 27534 | Z11: =+IFERROR(D11/O11,0) -> 12.002427 | AA11: =+IFERROR(L11/S11,0) -> 17.741094 | AB11: =IFERROR(+AA11/Z11,"") -> 1.4781255 | AC11: =+W11/(F11+(Q11/1.27)) -> 0.77128813 | AD11: =+X11/(I11+(R11/1.27)) -> 0.82803299 | AE11: =+Y11/(L11+(S11/1.27)) -> 0.7995843 | AF11: 0 | AG11: 0 | AH11: 257 | AJ11: =+AK11+AL11 -> 34435.394 | AK11: =+AM11+F11 -> 17263.976 | AL11: =+AN11+I11 -> 17171.417 | AM11: =+Q11/1.27 -> 957.97638 | AN11: =+R11/1.27 -> 505.41732 | AO11: =+AN11+AM11 -> 1463.3937 | AP11: =+AO11-#REF! -> #REF! | AQ11: =+AO11+L11 -> 34435.394
B12: 45387 | C12: 6 FLEET | D12: 34615 | E12: =+E11+D12 -> 173075 | F12: 15732 | G12: 6 | H12: fleet | I12: 12390 | J12: 4 | K12: fleet | L12: =+F12+I12 -> 28122 | M12: =IFERROR(+L12/D12,"") -> 0.81242236 | N12: =L12-D12 -> -6493 | O12: 2884 | P12: =+P11+O12 -> 14420 | Q12: 594.15 | R12: 327.48 | S12: =+R12+Q12 -> 921.63 | T12: =IFERROR(+S12/O12,"") -> 0.31956657 | U12: =S12-O12 -> -1962.37 | V12: 59033.39 | W12: 15772 | X12: 11898 | Y12: =+W12+X12 -> 27670 | Z12: =+IFERROR(D12/O12,0) -> 12.002427 | AA12: =+IFERROR(L12/S12,0) -> 30.51333 | AB12: =IFERROR(+AA12/Z12,"") -> 2.5422633 | AC12: =+W12/(F12+(Q12/1.27)) -> 0.97359018 | AD12: =+X12/(I12+(R12/1.27)) -> 0.94071263 | AE12: =+Y12/(L12+(S12/1.27)) -> 0.95917549 | AF12: 0 | AG12: 0 | AH12: 877 | AJ12: =+AK12+AL12 -> 28847.693 | AK12: =+AM12+F12 -> 16199.835 | AL12: =+AN12+I12 -> 12647.858 | AM12: =+Q12/1.27 -> 467.83465 | AN12: =+R12/1.27 -> 257.85827 | AO12: =+AN12+AM12 -> 725.69291 | AP12: =+AO12-#REF! -> #REF! | AQ12: =+AO12+L12 -> 28847.693
B13: 45388 | C13: 6 FLEET | D13: 34615 | E13: =+E12+D13 -> 207690 | F13: 9464 | G13: 5 | H13: fleet | I13: 2554 | J13: 4 | K13: fleet | L13: =+F13+I13 -> 12018 | M13: =IFERROR(+L13/D13,"") -> 0.34719052 | N13: =L13-D13 -> -22597 | O13: 2884 | P13: =+P12+O13 -> 17304 | Q13: 461.8 | R13: 0 | S13: =+R13+Q13 -> 461.8 | T13: =IFERROR(+S13/O13,"") -> 0.16012483 | U13: =S13-O13 -> -2422.2 | V13: =V12+S13 -> 59495.19 | W13: 12404.5 | X13: 7024 | Y13: =+W13+X13 -> 19428.5 | Z13: =+IFERROR(D13/O13,0) -> 12.002427 | AA13: =+IFERROR(L13/S13,0) -> 26.024253 | AB13: =IFERROR(+AA13/Z13,"") -> 2.1682492 | AC13: =+W13/(F13+(Q13/1.27)) -> 1.2622077 | AD13: =+X13/(I13+(R13/1.27)) -> 2.7501958 | AE13: =+Y13/(L13+(S13/1.27)) -> 1.5691401 | AF13: 0.325 | AG13: 0.22222222 | AH13: 883 | AJ13: =+AK13+AL13 -> 12381.622 | AK13: =+AM13+F13 -> 9827.622 | AL13: =+AN13+I13 -> 2554 | AM13: =+Q13/1.27 -> 363.62205 | AN13: =+R13/1.27 -> 0 | AO13: =+AN13+AM13 -> 363.62205 | AP13: =+AO13-#REF! -> #REF! | AQ13: =+AO13+L13 -> 12381.622
B14: 45389 | C14: 6 FLEET | D14: =D13/2 -> 17307.5 | E14: =+E13+D14 -> 224997.5 | F14: 0 | G14: 0 | H14: fleet | I14: 7782 | J14: 4 | K14: fleet | L14: =+F14+I14 -> 7782 | M14: =IFERROR(+L14/D14,"") -> 0.44963166 | N14: =L14-D14 -> -9525.5 | O14: =O13/2 -> 1442 | P14: =+P13+O14 -> 18746 | Q14: 0 | R14: 0 | S14: =+R14+Q14 -> 0 | T14: =IFERROR(+S14/O14,"") -> 0 | U14: =S14-O14 -> -1442 | V14: =V13+S14 -> 59495.19 | W14: 139 | X14: 4010 | Y14: =+W14+X14 -> 4149 | Z14: =+IFERROR(D14/O14,0) -> 12.002427 | AA14: =+IFERROR(L14/S14,0) -> 0 | AB14: =IFERROR(+AA14/Z14,"") -> 0 | AC14: =+W14/(F14+(Q14/1.27)) -> #DIV/0! | AD14: =+X14/(I14+(R14/1.27)) -> 0.5152917 | AE14: =+Y14/(L14+(S14/1.27)) -> 0.53315343 | AF14: 0 | AG14: 0.1875 | AH14: 593 | AJ14: =+AK14+AL14 -> 7782 | AK14: =+AM14+F14 -> 0 | AL14: =+AN14+I14 -> 7782 | AM14: =+Q14/1.27 -> 0 | AN14: =+R14/1.27 -> 0 | AO14: =+AN14+AM14 -> 0 | AP14: =+AO14-#REF! -> #REF! | AQ14: =+AO14+L14 -> 7782
B15: 45390 | C15: 6 FLEET | D15: 34615 | E15: =+E14+D15 -> 259612.5 | F15: 6230 | G15: 4 | H15: fleet | I15: 6352 | J15: 4 | K15: fleet | L15: =+F15+I15 -> 12582 | M15: =IFERROR(+L15/D15,"") -> 0.36348404 | N15: =L15-D15 -> -22033 | O15: 2884 | P15: =+P14+O15 -> 21630 | Q15: 0 | R15: 0 | S15: =+R15+Q15 -> 0 | T15: =IFERROR(+S15/O15,"") -> 0 | U15: =S15-O15 -> -2884 | V15: =V14+S15 -> 59495.19 | W15: 10555.5 | X15: 4463.5 | Y15: =+W15+X15 -> 15019 | Z15: =+IFERROR(D15/O15,0) -> 12.002427 | AA15: =+IFERROR(L15/S15,0) -> 0 | AB15: =IFERROR(+AA15/Z15,"") -> 0 | AC15: =+W15/(F15+(Q15/1.27)) -> 1.6943018 | AD15: =+X15/(I15+(R15/1.27)) -> 0.70269207 | AE15: =+Y15/(L15+(S15/1.27)) -> 1.1936894 | AF15: 0 | AG15: 0 | AH15: 848 | AJ15: =+AK15+AL15 -> 12582 | AK15: =+AM15+F15 -> 6230 | AL15: =+AN15+I15 -> 6352 | AM15: =+Q15/1.27 -> 0 | AN15: =+R15/1.27 -> 0 | AO15: =+AN15+AM15 -> 0 | AP15: =+AO15-#REF! -> #REF! | AQ15: =+AO15+L15 -> 12582
B16: 45391 | C16: 6 FLEET | D16: 34615 | E16: =+E15+D16 -> 294227.5 | F16: 15874 | G16: 5 | H16: fleet | I16: 11590 | J16: 5 | K16: fleet | L16: =+F16+I16 -> 27464 | M16: =IFERROR(+L16/D16,"") -> 0.79341326 | N16: =L16-D16 -> -7151 | O16: 2884 | P16: =+P15+O16 -> 24514 | Q16: 144.46 | R16: 0 | S16: =+R16+Q16 -> 144.46 | T16: =IFERROR(+S16/O16,"") -> 0.050090153 | U16: =S16-O16 -> -2739.54 | V16: =V15+S16 -> 59639.65 | W16: 10967.5 | X16: 11272 | Y16: =+W16+X16 -> 22239.5 | Z16: =+IFERROR(D16/O16,0) -> 12.002427 | AA16: =+IFERROR(L16/S16,0) -> 190.11491 | AB16: =IFERROR(+AA16/Z16,"") -> 15.839705 | AC16: =+W16/(F16+(Q16/1.27)) -> 0.68599405 | AD16: =+X16/(I16+(R16/1.27)) -> 0.97256255 | AE16: =+Y16/(L16+(S16/1.27)) -> 0.80642915 | AF16: 0 | AG16: 0 | AH16: 321 | AJ16: =+AK16+AL16 -> 27577.748 | AK16: =+AM16+F16 -> 15987.748 | AL16: =+AN16+I16 -> 11590 | AM16: =+Q16/1.27 -> 113.74803 | AN16: =+R16/1.27 -> 0 | AO16: =+AN16+AM16 -> 113.74803 | AP16: =+AO16-#REF! -> #REF! | AQ16: =+AO16+L16 -> 27577.748
B17: 45392 | C17: 6 FLEET | D17: 0 | E17: =+E16+D17 -> 294227.5 | F17: 0 | G17: 0 | H17: fleet | I17: 0 | J17: 0 | K17: fleet | L17: =+F17+I17 -> 0 | M17: =IFERROR(+L17/D17,"") | N17: =L17-D17 -> 0 | P17: =+P16+O17 -> 24514 | Q17: 0 | R17: 0 | S17: =+R17+Q17 -> 0 | T17: =IFERROR(+S17/O17,"") | U17: =S17-O17 -> 0 | V17: =V16+S17 -> 59639.65 | W17: 0 | X17: 20 | Y17: =+W17+X17 -> 20 | Z17: =+IFERROR(D17/O17,0) -> 0 | AA17: =+IFERROR(L17/S17,0) -> 0 | AB17: =IFERROR(+AA17/Z17,"") | AC17: =+W17/(F17+(Q17/1.27)) -> #DIV/0! | AD17: =+X17/(I17+(R17/1.27)) -> #DIV/0! | AE17: =+Y17/(L17+(S17/1.27)) -> #DIV/0! | AF17: 0 | AG17: 0 | AH17: 447 | AJ17: =+AK17+AL17 -> 0 | AK17: =+AM17+F17 -> 0 | AL17: =+AN17+I17 -> 0 | AM17: =+Q17/1.27 -> 0 | AN17: =+R17/1.27 -> 0 | AO17: =+AN17+AM17 -> 0 | AP17: =+AO17-#REF! -> #REF! | AQ17: =+AO17+L17 -> 0
B18: 45393 | C18: 6 FLEET | D18: 0 | E18: =+E17+D18 -> 294227.5 | F18: 0 | G18: 0 | H18: fleet | I18: 20286 | J18: 6 | K18: fleet | L18: =+F18+I18 -> 20286 | M18: =IFERROR(+L18/D18,"") | N18: =L18-D18 -> 20286 | P18: =+P17+O18 -> 24514 | Q18: 0 | R18: 1091.41 | S18: =+R18+Q18 -> 1091.41 | T18: =IFERROR(+S18/O18,"") | U18: =S18-O18 -> 1091.41 | V18: =V17+S18 -> 60731.06 | W18: 225 | X18: 14434.5 | Y18: =+W18+X18 -> 14659.5 | Z18: =+IFERROR(D18/O18,0) -> 0 | AA18: =+IFERROR(L18/S18,0) -> 18.586965 | AB18: =IFERROR(+AA18/Z18,"") | AC18: =+W18/(F18+(Q18/1.27)) -> #DIV/0! | AD18: =+X18/(I18+(R18/1.27)) -> 0.68263145 | AE18: =+Y18/(L18+(S18/1.27)) -> 0.69327207 | AF18: 0 | AG18: 0 | AH18: 1012 | AJ18: =+AK18+AL18 -> 21145.378 | AK18: =+AM18+F18 -> 0 | AL18: =+AN18+I18 -> 21145.378 | AM18: =+Q18/1.27 -> 0 | AN18: =+R18/1.27 -> 859.37795 | AO18: =+AN18+AM18 -> 859.37795 | AP18: =+AO18-#REF! -> #REF! | AQ18: =+AO18+L18 -> 21145.378 | AS18: 20.1
B19: 45394 | C19: 6 FLEET | D19: 34615 | E19: =+E18+D19 -> 328842.5 | F19: 18358 | G19: 6 | H19: fleet | I19: 17382 | J19: 5 | K19: fleet | L19: =+F19+I19 -> 35740 | M19: =IFERROR(+L19/D19,"") -> 1.0325004 | N19: =L19-D19 -> 1125 | O19: 2884 | P19: =+P18+O19 -> 27398 | Q19: 1268.97 | R19: 984.7 | S19: =+R19+Q19 -> 2253.67 | T19: =IFERROR(+S19/O19,"") -> 0.78143897 | U19: =S19-O19 -> -630.33 | V19: =V18+S19 -> 62984.73 | W19: 17049 | X19: 17939.5 | Y19: =+W19+X19 -> 34988.5 | Z19: =+IFERROR(D19/O19,0) -> 12.002427 | AA19: =+IFERROR(L19/S19,0) -> 15.858577 | AB19: =IFERROR(+AA19/Z19,"") -> 1.3212809 | AC19: =+W19/(F19+(Q19/1.27)) -> 0.88075805 | AD19: =+X19/(I19+(R19/1.27)) -> 0.98800187 | AE19: =+Y19/(L19+(S19/1.27)) -> 0.93266496 | AF19: 0 | AG19: 0 | AH19: 446 | AJ19: =+AK19+AL19 -> 37514.543 | AK19: =+AM19+F19 -> 19357.189 | AL19: =+AN19+I19 -> 18157.354 | AM19: =+Q19/1.27 -> 999.18898 | AN19: =+R19/1.27 -> 775.35433 | AO19: =+AN19+AM19 -> 1774.5433 | AP19: =+AO19-#REF! -> #REF! | AQ19: =+AO19+L19 -> 37514.543 | AS19: 19.76
B20: 45395 | C20: 6 FLEET | D20: 34615 | E20: =+E19+D20 -> 363457.5 | F20: 14608 | G20: 4 | H20: fleet | I20: 14586 | J20: 4 | K20: fleet | L20: =+F20+I20 -> 29194 | M20: =IFERROR(+L20/D20,"") -> 0.84339159 | N20: =L20-D20 -> -5421 | O20: 2884 | P20: =+P19+O20 -> 30282 | Q20: 354 | R20: 0 | S20: =+R20+Q20 -> 354 | T20: =IFERROR(+S20/O20,"") -> 0.12274619 | U20: =S20-O20 -> -2530 | V20: =V19+S20 -> 63338.73 | W20: 15473 | X20: 13658 | Y20: =W20+X20 -> 29131 | Z20: =+IFERROR(D20/O20,0) -> 12.002427 | AA20: =+IFERROR(L20/S20,0) -> 82.468927 | AB20: =IFERROR(+AA20/Z20,"") -> 6.8710208 | AC20: =+W20/(F20+(Q20/1.27)) -> 1.0393813 | AD20: =+X20/(I20+(R20/1.27)) -> 0.93637735 | AE20: =+Y20/(L20+(S20/1.27)) -> 0.98840487 | AF20: 0 | AG20: 0 | AH20: 20 | AJ20: =+AK20+AL20 -> 29472.74 | AK20: =+AM20+F20 -> 14886.74 | AL20: =+AN20+I20 -> 14586 | AM20: =+Q20/1.27 -> 278.74016 | AN20: =+R20/1.27 -> 0 | AO20: =+AN20+AM20 -> 278.74016 | AP20: =+AO20-#REF! -> #REF! | AQ20: =+AO20+L20 -> 29472.74 | AS20: 20.06
B21: 45396 | C21: 6 FLEET | D21: =D20/2 -> 17307.5 | E21: =+E20+D21 -> 380765 | F21: 0 | G21: 0 | H21: fleet | I21: 18348 | J21: 4 | K21: fleet | L21: =+F21+I21 -> 18348 | M21: =IFERROR(+L21/D21,"") -> 1.0601184 | N21: =L21-D21 -> 1040.5 | O21: =O20/2 -> 1442 | P21: =+P20+O21 -> 31724 | Q21: 0 | R21: 0 | S21: =+R21+Q21 -> 0 | T21: =IFERROR(+S21/O21,"") -> 0 | U21: =S21-O21 -> -1442 | V21: =V20+S21 -> 63338.73 | W21: 1142 | X21: 12108 | Y21: =W21+X21 -> 13250 | Z21: =+IFERROR(D21/O21,0) -> 12.002427 | AA21: =+IFERROR(L21/S21,0) -> 0 | AB21: =IFERROR(+AA21/Z21,"") -> 0 | AC21: =+W21/(F21+(Q21/1.27)) -> #DIV/0! | AD21: =+X21/(I21+(R21/1.27)) -> 0.65990844 | AE21: =+Y21/(L21+(S21/1.27)) -> 0.72214955 | AF21: 0 | AG21: 0 | AH21: 0 | AJ21: =+AK21+AL21 -> 18348 | AK21: =+AM21+F21 -> 0 | AL21: =+AN21+I21 -> 18348 | AM21: =+Q21/1.27 -> 0 | AN21: =+R21/1.27 -> 0 | AO21: =+AN21+AM21 -> 0 | AP21: =+AO21-#REF! -> #REF! | AQ21: =+AO21+L21 -> 18348 | AS21: 20.97
B22: 45397 | C22: 6 FLEET | D22: 34615 | E22: =+E21+D22 -> 415380 | F22: ='[6]PIT GAR 50'!$D$22 -> 16648 | G22: 4 | H22: fleet | I22: ='[6]PIT GAR 50'!$F$22 -> 19268 | J22: 5 | K22: fleet | L22: =+F22+I22 -> 35916 | M22: =IFERROR(+L22/D22,"") -> 1.0375849 | N22: =L22-D22 -> 1301 | O22: 2884 | P22: =+P21+O22 -> 34608 | Q22: 111.54 | R22: 1104.52 | S22: =+R22+Q22 -> 1216.06 | T22: =IFERROR(+S22/O22,"") -> 0.42165742 | U22: =S22-O22 -> -1667.94 | V22: =V21+S22 -> 64554.79 | W22: 14191.5 | X22: 15325.5 | Y22: =W22+X22 -> 29517 | Z22: =+IFERROR(D22/O22,0) -> 12.002427 | AA22: =+IFERROR(L22/S22,0) -> 29.534727 | AB22: =IFERROR(+AA22/Z22,"") -> 2.4607295 | AC22: =+W22/(F22+(Q22/1.27)) -> 0.84797125 | AD22: =+X22/(I22+(R22/1.27)) -> 0.76103524 | AE22: =+Y22/(L22+(S22/1.27)) -> 0.80049298 | AF22: 0 | AG22: 0 | AH22: 871 | AJ22: =+AK22+AL22 -> 36873.528 | AK22: =+AM22+F22 -> 16735.827 | AL22: =+AN22+I22 -> 20137.701 | AM22: =+Q22/1.27 -> 87.826772 | AN22: =+R22/1.27 -> 869.70079 | AO22: =+AN22+AM22 -> 957.52756 | AP22: =+AO22-#REF! -> #REF! | AQ22: =+AO22+L22 -> 36873.528 | AS22: 19.56
B23: 45398 | C23: 6 FLEET | D23: 34615 | E23: =+E22+D23 -> 449995 | F23: 19098 | G23: 5 | H23: fleet | I23: 17218 | J23: 5 | K23: fleet | L23: =+F23+I23 -> 36316 | M23: =IFERROR(+L23/D23,"") -> 1.0491405 | N23: =L23-D23 -> 1701 | O23: 2884 | P23: =+P22+O23 -> 37492 | Q23: 1715.4 | R23: 887.58 | S23: =+R23+Q23 -> 2602.98 | T23: =IFERROR(+S23/O23,"") -> 0.90255895 | U23: =S23-O23 -> -281.02 | V23: =V22+S23 -> 67157.77 | W23: 18180.5 | X23: 15864 | Y23: =+W23+X23 -> 34044.5 | Z23: =+IFERROR(D23/O23,0) -> 12.002427 | AA23: =+IFERROR(L23/S23,0) -> 13.951702 | AB23: =IFERROR(+AA23/Z23,"") -> 1.1624067 | AC23: =+W23/(F23+(Q23/1.27)) -> 0.88907815 | AD23: =+X23/(I23+(R23/1.27)) -> 0.88542192 | AE23: =+Y23/(L23+(S23/1.27)) -> 0.88737068 | AF23: 0 | AG23: 0 | AH23: =+'[2]Daily All PIT'!$AF$23 -> 366 | AJ23: =+AK23+AL23 -> 38365.591 | AK23: =+AM23+F23 -> 20448.709 | AL23: =+AN23+I23 -> 17916.882 | AM23: =+Q23/1.27 -> 1350.7087 | AN23: =+R23/1.27 -> 698.88189 | AO23: =+AN23+AM23 -> 2049.5906 | AP23: =+AO23-#REF! -> #REF! | AQ23: =+AO23+L23 -> 38365.591 | AS23: 22.16
B24: 45399 | C24: 6 FLEET | D24: 34615 | E24: =+E23+D24 -> 484610 | F24: 15206 | G24: 5 | H24: fleet | I24: 17230 | J24: 5 | K24: fleet | L24: =+F24+I24 -> 32436 | M24: =IFERROR(+L24/D24,"") -> 0.93705041 | N24: =L24-D24 -> -2179 | O24: 2884 | P24: =+P23+O24 -> 40376 | Q24: 1357.76 | R24: 1013.68 | S24: =+R24+Q24 -> 2371.44 | T24: =IFERROR(+S24/O24,"") -> 0.82227462 | U24: =S24-O24 -> -512.56 | V24: =V23+S24 -> 69529.21 | W24: 14912.5 | X24: 13415 | Y24: =+W24+X24 -> 28327.5 | Z24: =+IFERROR(D24/O24,0) -> 12.002427 | AA24: =+IFERROR(L24/S24,0) -> 13.677765 | AB24: =IFERROR(+AA24/Z24,"") -> 1.1395833 | AC24: =+W24/(F24+(Q24/1.27)) -> 0.91627688 | AD24: =+X24/(I24+(R24/1.27)) -> 0.74411311 | AE24: =+Y24/(L24+(S24/1.27)) -> 0.82579577 | AF24: 0 | AG24: 0 | AH24: 900 | AJ24: =+AK24+AL24 -> 34303.276 | AK24: =+AM24+F24 -> 16275.102 | AL24: =+AN24+I24 -> 18028.173 | AM24: =+Q24/1.27 -> 1069.1024 | AN24: =+R24/1.27 -> 798.17323 | AO24: =+AN24+AM24 -> 1867.2756 | AP24: =+AO24-#REF! -> #REF! | AQ24: =+AO24+L24 -> 34303.276 | AS24: 21.71
B25: 45400 | C25: 6 FLEET | D25: 34615 | E25: =+E24+D25 -> 519225 | F25: 21220 | G25: 5 | H25: fleet | I25: 16788 | J25: 5 | K25: fleet | L25: =+F25+I25 -> 38008 | M25: =IFERROR(+L25/D25,"") -> 1.0980211 | N25: =L25-D25 -> 3393 | O25: 2884 | P25: =+P24+O25 -> 43260 | Q25: 996.4 | R25: 1288.34 | S25: =+R25+Q25 -> 2284.74 | T25: =IFERROR(+S25/O25,"") -> 0.79221221 | U25: =S25-O25 -> -599.26 | V25: =V24+S25 -> 71813.95 | W25: 18138 | X25: 16457.5 | Y25: =+W25+X25 -> 34595.5 | Z25: =+IFERROR(D25/O25,0) -> 12.002427 | AA25: =+IFERROR(L25/S25,0) -> 16.635591 | AB25: =IFERROR(+AA25/Z25,"") -> 1.3860189 | AC25: =+W25/(F25+(Q25/1.27)) -> 0.82428343 | AD25: =+X25/(I25+(R25/1.27)) -> 0.92445188 | AE25: =+Y25/(L25+(S25/1.27)) -> 0.86908064 | AF25: 0 | AG25: 0 | AH25: 275 | AJ25: =+AK25+AL25 -> 39807.008 | AK25: =+AM25+F25 -> 22004.567 | AL25: =+AN25+I25 -> 17802.441 | AM25: =+Q25/1.27 -> 784.56693 | AN25: =+R25/1.27 -> 1014.4409 | AO25: =+AN25+AM25 -> 1799.0079 | AP25: =+AO25-#REF! -> #REF! | AQ25: =+AO25+L25 -> 39807.008 | AS25: 22.24
B26: 45401 | C26: 6 FLEET | D26: 34615 | E26: =+E25+D26 -> 553840 | H26: fleet | K26: fleet | L26: 35000 | M26: =IFERROR(+L26/D26,"") -> 1.0111223 | N26: =L26-D26 -> 385 | O26: 2884 | P26: =+P25+O26 -> 46144 | S26: 4500 | T26: =IFERROR(+S26/O26,"") -> 1.5603329 | U26: =S26-O26 -> 1616 | Y26: =+W26+X26 -> 0 | Z26: =+IFERROR(D26/O26,0) -> 12.002427 | AA26: =+IFERROR(L26/S26,0) -> 7.7777778 | AC26: =+W26/(F26+(Q26/1.27)) -> #DIV/0! | AD26: =+X26/(I26+(R26/1.27)) -> #DIV/0! | AE26: =+Y26/(L26+(S26/1.27)) -> 0 | AJ26: =+AK26+AL26 -> 0 | AK26: =+AM26+F26 -> 0 | AL26: =+AN26+I26 -> 0 | AM26: =+Q26/1.27 -> 0 | AN26: =+R26/1.27 -> 0 | AO26: =+AN26+AM26 -> 0 | AP26: =+AO26-#REF! -> #REF! | AQ26: =+AO26+L26 -> 35000 | AS26: 21.9
B27: 45402 | C27: 6 FLEET | D27: 34615 | E27: =+E26+D27 -> 588455 | H27: fleet | K27: fleet | L27: 35000 | M27: =IFERROR(+L27/D27,"") -> 1.0111223 | N27: =L27-D27 -> 385 | O27: 2884 | P27: =+P26+O27 -> 49028 | S27: 4500 | T27: =IFERROR(+S27/O27,"") -> 1.5603329 | U27: =S27-O27 -> 1616 | Y27: =+W27+X27 -> 0 | Z27: =+IFERROR(D27/O27,0) -> 12.002427 | AA27: =+IFERROR(L27/S27,0) -> 7.7777778 | AB27: =IFERROR(+AA27/Z27,"") -> 0.64801708 | AC27: =+W27/(F27+(Q27/1.27)) -> #DIV/0! | AD27: =+X27/(I27+(R27/1.27)) -> #DIV/0! | AE27: =+Y27/(L27+(S27/1.27)) -> 0 | AJ27: =+AK27+AL27 -> 0 | AK27: =+AM27+F27 -> 0 | AL27: =+AN27+I27 -> 0 | AM27: =+Q27/1.27 -> 0 | AN27: =+R27/1.27 -> 0 | AO27: =+AN27+AM27 -> 0 | AP27: =+AO27-#REF! -> #REF! | AQ27: =+AO27+L27 -> 35000 | AS27: =34.75-13.11 -> 21.64 | AU27: =Y31-1029 -> -1029
B28: 45403 | C28: 6 FLEET | D28: =D27/2 -> 17307.5 | E28: =+E27+D28 -> 605762.5 | H28: fleet | K28: fleet | L28: =35000/2 -> 17500 | M28: =IFERROR(+L28/D28,"") -> 1.0111223 | N28: =L28-D28 -> 192.5 | O28: =O27/2 -> 1442 | P28: =+P27+O28 -> 50470 | S28: 2000 | T28: =IFERROR(+S28/O28,"") -> 1.3869626 | U28: =S28-O28 -> 558 | Y28: =+W28+X28 -> 0 | Z28: =+IFERROR(D28/O28,0) -> 12.002427 | AA28: =+IFERROR(L28/S28,0) -> 8.75 | AB28: =IFERROR(+AA28/Z28,"") -> 0.72901921 | AC28: =+W28/(F28+(Q28/1.27)) -> #DIV/0! | AD28: =+X28/(I28+(R28/1.27)) -> #DIV/0! | AE28: =+Y28/(L28+(S28/1.27)) -> 0 | AJ28: =+AK28+AL28 -> 0 | AK28: =+AM28+F28 -> 0 | AL28: =+AN28+I28 -> 0 | AM28: =+Q28/1.27 -> 0 | AN28: =+R28/1.27 -> 0 | AO28: =+AN28+AM28 -> 0 | AP28: =+AO28-#REF! -> #REF! | AQ28: =+AO28+L28 -> 17500 | AS28: 21
B29: 45404 | C29: 6 FLEET | D29: 34615 | E29: =+E28+D29 -> 640377.5 | H29: fleet | K29: fleet | L29: 35000 | M29: =IFERROR(+L29/D29,"") -> 1.0111223 | N29: =L29-D29 -> 385 | O29: 2884 | P29: =+P28+O29 -> 53354 | S29: 4500 | T29: =IFERROR(+S29/O29,"") -> 1.5603329 | U29: =S29-O29 -> 1616 | Y29: =+W29+X29 -> 0 | Z29: =+IFERROR(D29/O29,0) -> 12.002427 | AA29: =+IFERROR(L29/S29,0) -> 7.7777778 | AB29: =IFERROR(+AA29/Z29,"") -> 0.64801708 | AC29: =+W29/(F29+(Q29/1.27)) -> #DIV/0! | AD29: =+X29/(I29+(R29/1.27)) -> #DIV/0! | AE29: =+Y29/(L29+(S29/1.27)) -> 0 | AJ29: =+AK29+AL29 -> 0 | AK29: =+AM29+F29 -> 0 | AL29: =+AN29+I29 -> 0 | AM29: =+Q29/1.27 -> 0 | AN29: =+R29/1.27 -> 0 | AO29: =+AN29+AM29 -> 0 | AP29: =+AO29-#REF! -> #REF! | AQ29: =+AO29+L29 -> 35000 | AS29: 19.65
B30: 45405 | C30: 6 FLEET | D30: 34615 | E30: =+E29+D30 -> 674992.5 | H30: fleet | K30: fleet | L30: 35000 | M30: =IFERROR(+L30/D30,"") -> 1.0111223 | N30: =L30-D30 -> 385 | O30: 2884 | P30: =+P29+O30 -> 56238 | S30: 4500 | T30: =IFERROR(+S30/O30,"") -> 1.5603329 | U30: =S30-O30 -> 1616 | Y30: =+W30+X30 -> 0 | Z30: =+IFERROR(D30/O30,0) -> 12.002427 | AA30: =+IFERROR(L30/S30,0) -> 7.7777778 | AB30: =IFERROR(+AA30/Z30,"") -> 0.64801708 | AC30: =+W30/(F30+(Q30/1.27)) -> #DIV/0! | AD30: =+X30/(I30+(R30/1.27)) -> #DIV/0! | AE30: =+Y30/(L30+(S30/1.27)) -> 0 | AJ30: =+AK30+AL30 -> 0 | AK30: =+AM30+F30 -> 0 | AL30: =+AN30+I30 -> 0 | AM30: =+Q30/1.27 -> 0 | AN30: =+R30/1.27 -> 0 | AO30: =+AN30+AM30 -> 0 | AP30: =+AO30-#REF! -> #REF! | AQ30: =+AO30+L30 -> 35000 | AS30: 20.07
B31: 45406 | C31: 6 FLEET | D31: 34615 | E31: =+E30+D31 -> 709607.5 | H31: fleet | K31: fleet | L31: 35000 | M31: =IFERROR(+L31/D31,"") -> 1.0111223 | N31: =L31-D31 -> 385 | O31: 2884 | P31: =+P30+O31 -> 59122 | S31: 4500 | T31: =IFERROR(+S31/O31,"") -> 1.5603329 | U31: =S31-O31 -> 1616 | Y31: =+W31+X31 -> 0 | Z31: =+IFERROR(D31/O31,0) -> 12.002427 | AA31: =+IFERROR(L31/S31,0) -> 7.7777778 | AB31: =IFERROR(+AA31/Z31,"") -> 0.64801708 | AC31: =+W31/(F31+(Q31/1.27)) -> #DIV/0! | AD31: =+X31/(I31+(R31/1.27)) -> #DIV/0! | AE31: =+Y31/(L31+(S31/1.27)) -> 0 | AJ31: =+AK31+AL31 -> 0 | AK31: =+AM31+F31 -> 0 | AL31: =+AN31+I31 -> 0 | AM31: =+Q31/1.27 -> 0 | AN31: =+R31/1.27 -> 0 | AO31: =+AN31+AM31 -> 0 | AP31: =+AO31-#REF! -> #REF! | AQ31: =+AO31+L31 -> 35000 | AS31: 20.65
B32: 45407 | C32: 6 FLEET | D32: 34615 | E32: =+E31+D32 -> 744222.5 | H32: fleet | K32: fleet | L32: 35000 | M32: =IFERROR(+L32/D32,"") -> 1.0111223 | N32: =L32-D32 -> 385 | O32: 2884 | P32: =+P31+O32 -> 62006 | S32: 4500 | T32: =IFERROR(+S32/O32,"") -> 1.5603329 | U32: =S32-O32 -> 1616 | Y32: =+W32+X32 -> 0 | Z32: =+IFERROR(D32/O32,0) -> 12.002427 | AA32: =+IFERROR(L32/S32,0) -> 7.7777778 | AB32: 0 | AC32: =+W32/(F32+(Q32/1.27)) -> #DIV/0! | AD32: =+X32/(I32+(R32/1.27)) -> #DIV/0! | AE32: =+Y32/(L32+(S32/1.27)) -> 0 | AJ32: 0 | AK32: 0 | AL32: 0 | AM32: 0 | AN32: 0 | AO32: 0 | AQ32: 0
B33: 45408 | C33: 6 FLEET | D33: 34615 | E33: =+E32+D33 -> 778837.5 | H33: fleet | K33: fleet | L33: 35000 | M33: =IFERROR(+L33/D33,"") -> 1.0111223 | N33: =L33-D33 -> 385 | O33: 2884 | P33: =+P32+O33 -> 64890 | S33: 4500 | T33: =IFERROR(+S33/O33,"") -> 1.5603329 | U33: =S33-O33 -> 1616 | Y33: =+W33+X33 -> 0 | Z33: =+IFERROR(D33/O33,0) -> 12.002427 | AA33: =+IFERROR(L33/S33,0) -> 7.7777778 | AB33: 0 | AC33: =+W33/(F33+(Q33/1.27)) -> #DIV/0! | AD33: =+X33/(I33+(R33/1.27)) -> #DIV/0! | AE33: =+Y33/(L33+(S33/1.27)) -> 0 | AJ33: =+AK33+AL33 -> 0 | AK33: =+AM33+F33 -> 0 | AL33: =+AN33+I33 -> 0 | AM33: =+Q33/1.27 -> 0 | AN33: =+R33/1.27 -> 0 | AO33: =+AN33+AM33 -> 0 | AP33: =+AO33-#REF! -> #REF! | AQ33: =+AO33+L33 -> 35000 | AS33: 21.9
B34: 45409 | C34: 6 FLEET | D34: 34615 | E34: =+E33+D34 -> 813452.5 | H34: fleet | K34: fleet | L34: 35000 | M34: =IFERROR(+L34/D34,"") -> 1.0111223 | N34: =L34-D34 -> 385 | O34: 2884 | P34: =+P33+O34 -> 67774 | S34: 4500 | T34: =IFERROR(+S34/O34,"") -> 1.5603329 | U34: =S34-O34 -> 1616 | Y34: =+W34+X34 -> 0 | Z34: =+IFERROR(D34/O34,0) -> 12.002427 | AA34: =+IFERROR(L34/S34,0) -> 7.7777778 | AB34: =IFERROR(+AA34/Z34,"") -> 0.64801708 | AC34: =+W34/(F34+(Q34/1.27)) -> #DIV/0! | AD34: =+X34/(I34+(R34/1.27)) -> #DIV/0! | AE34: =+Y34/(L34+(S34/1.27)) -> 0 | AJ34: =+AK34+AL34 -> 0 | AK34: =+AM34+F34 -> 0 | AL34: =+AN34+I34 -> 0 | AM34: =+Q34/1.27 -> 0 | AN34: =+R34/1.27 -> 0 | AO34: =+AN34+AM34 -> 0 | AP34: =+AO34-#REF! -> #REF! | AQ34: =+AO34+L34 -> 35000 | AS34: 20.98
B35: 45410 | C35: 6 FLEET | D35: =D34/2 -> 17307.5 | E35: =+E34+D35 -> 830760 | H35: fleet | K35: fleet | L35: =35000/2 -> 17500 | M35: =IFERROR(+L35/D35,"") -> 1.0111223 | N35: =L35-D35 -> 192.5 | O35: =O34/2 -> 1442 | P35: =+P34+O35 -> 69216 | S35: 2000 | T35: =IFERROR(+S35/O35,"") -> 1.3869626 | U35: =S35-O35 -> 558 | Y35: =+W35+X35 -> 0 | Z35: =+IFERROR(D35/O35,0) -> 12.002427 | AA35: =+IFERROR(L35/S35,0) -> 8.75 | AB35: =IFERROR(+AA35/Z35,"") -> 0.72901921 | AC35: =+W35/(F35+(Q35/1.27)) -> #DIV/0! | AD35: =+X35/(I35+(R35/1.27)) -> #DIV/0! | AE35: =+Y35/(L35+(S35/1.27)) -> 0 | AJ35: =+AK35+AL35 -> 0 | AK35: =+AM35+F35 -> 0 | AL35: =+AN35+I35 -> 0 | AM35: =+Q35/1.27 -> 0 | AN35: =+R35/1.27 -> 0 | AO35: =+AN35+AM35 -> 0 | AP35: =+AO35-#REF! -> #REF! | AQ35: =+AO35+L35 -> 17500 | AS35: 21.08
B36: 45411 | C36: 6 FLEET | D36: 34615 | E36: =+E35+D36 -> 865375 | H36: fleet | K36: fleet | L36: 35000 | M36: =IFERROR(+L36/D36,"") -> 1.0111223 | N36: =L36-D36 -> 385 | O36: 2884 | P36: =+P35+O36 -> 72100 | S36: 4500 | T36: =IFERROR(+S36/O36,"") -> 1.5603329 | U36: =S36-O36 -> 1616 | Y36: =+W36+X36 -> 0 | Z36: =+IFERROR(D36/O36,0) -> 12.002427 | AA36: =+IFERROR(L36/S36,0) -> 7.7777778 | AB36: =IFERROR(+AA36/Z36,"") -> 0.64801708 | AC36: =+W36/(F36+(Q36/1.27)) -> #DIV/0! | AD36: =+X36/(I36+(R36/1.27)) -> #DIV/0! | AE36: =+Y36/(L36+(S36/1.27)) -> 0 | AJ36: =+AK36+AL36 -> 0 | AK36: =+AM36+F36 -> 0 | AL36: =+AN36+I36 -> 0 | AM36: =+Q36/1.27 -> 0 | AN36: =+R36/1.27 -> 0 | AO36: =+AN36+AM36 -> 0 | AP36: =+AO36-#REF! -> #REF! | AQ36: =+AO36+L36 -> 35000
B37: 45412 | C37: 6 FLEET | D37: 34615 | E37: =+E36+D37 -> 899990 | H37: fleet | K37: fleet | L37: 35000 | M37: =IFERROR(+L37/D37,"") -> 1.0111223 | N37: =L37-D37 -> 385 | O37: 2884 | P37: =+P36+O37 -> 74984 | S37: 4500 | T37: =IFERROR(+S37/O37,"") -> 1.5603329 | U37: =S37-O37 -> 1616 | Y37: =+W37+X37 -> 0 | Z37: =+IFERROR(D37/O37,0) -> 12.002427 | AA37: =+IFERROR(L37/S37,0) -> 7.7777778 | AB37: =IFERROR(+AA37/Z37,"") -> 0.64801708 | AC37: =+W37/(F37+(Q37/1.27)) -> #DIV/0! | AD37: =+X37/(I37+(R37/1.27)) -> #DIV/0! | AE37: =+Y37/(L37+(S37/1.27)) -> 0 | AJ37: =+AK37+AL37 -> 0 | AK37: =+AM37+F37 -> 0 | AL37: =+AN37+I37 -> 0 | AM37: =+Q37/1.27 -> 0 | AN37: =+R37/1.27 -> 0 | AO37: =+AN37+AM37 -> 0 | AQ37: =+AO37+L37 -> 35000
H38: fleet | K38: fleet | L38: =+F38+I38 -> 0 | M38: =IFERROR(+L38/D38,"") | N38: =L38-D38 -> 0 | S38: =+R38+Q38 -> 0 | T38: =IFERROR(+S38/O38,"") | U38: =S38-O38 -> 0 | Y38: =+W38+X38 -> 0 | Z38: =+IFERROR(D38/O38,0) -> 0 | AA38: =+IFERROR(L38/S38,0) -> 0 | AB38: =IFERROR(+AA38/Z38,"") | AC38: =+W38/(F38+(Q38/1.27)) -> #DIV/0! | AD38: =+X38/(I38+(R38/1.27)) -> #DIV/0! | AE38: =+Y38/(L38+(S38/1.27)) -> #DIV/0! | AL38: =+AN38+I38 -> 0 | AM38: =+Q38/1.27 -> 0 | AN38: =+R38/1.27 -> 0 | AO38: =+AN38+AM38 -> 0 | AQ38: =+AO38+L38 -> 0
D39: =SUM(D8:D37) -> 899990 | F39: =SUM(F8:F37) -> 216226 | G39: =AVERAGE(G8:G38) -> 3.7777778 | H39: Fleet | I39: =SUM(I8:I37) -> 244168 | J39: =AVERAGE(J8:J38) -> 4.4444444 | K39: Fleet | L39: =SUM(L8:L38) -> 845394 | M39: =IFERROR(+L39/D39,"") -> 0.9393371 | N39: =SUM(N8:N12) -> -18771 | O39: =SUM(O8:O38) -> 74984 | Q39: =SUM(Q8:Q38) -> 8689.64 | R39: =SUM(R8:R38) -> 7627.36 | S39: =SUM(S8:S38) -> 65317 | T39: =IFERROR(+S39/O39,"") -> 0.87107916 | U39: =SUM(U8:U12) -> -10883.56 | W39: =SUM(W8:W38) -> 211842 | X39: =SUM(X8:X38) -> 210009.5 | Y39: =SUM(Y8:Y38) -> 421851.5 | Z39: =+IFERROR(D39/O39,0) -> 12.002427 | AA39: =+IFERROR(L39/S39,0) -> 12.94294 | AB39: =IFERROR(+AA39/Z39,"") -> 1.0783602 | AC39: =+W39/(F39+(Q39/1.27)) -> 0.94967353 | AD39: =+X39/(I39+(R39/1.27)) -> 0.83945443 | AE39: =+Y39/(L39+(S39/1.27)) -> 0.47038345 | AF39: =SUM(AF8:AF36) -> 0.39444444 | AG39: =SUM(AG8:AG36) -> 0.46666667 | AH39: =SUM(AH8:AH36) -> 10288 | AJ39: =SUM(AJ8:AJ37) -> 473242.03 | AK39: =SUM(AK8:AK37) -> 223068.24 | AL39: =SUM(AL8:AL38) -> 250173.8 | AM39: =+Q39/1.27 -> 6842.2362 | AN39: =+R39/1.27 -> 6005.7953 | AO39: =+AN39+AM39 -> 12848.031 | AP39: =+AO39-#REF! -> #REF! | AQ39: =+AO39+L39 -> 858242.03 | AS39: 19.71
Y40: =+Y39/(L39+(S39/1.27))=AE39 -> TRUE | AS40: 19.7
D41: TOTAL FR TANPA POMPA | Y41: ='[7]fuel 50 gar'!$BP$399 -> 585220.41 | AS41: 20.07
D42: MTD OB | F42: =L39 -> 845394 | I42: MTD OB PAGI | M42: =F39 -> 216226 | O42: RAIN | Q42: =+AF39 -> 0.39444444 | R42: Note : | S42: Plan sesuai dengan rencana kerja mingguan | Y42: MTD ACHIEVEMENT | AS42: 20.17
D43: MTD COAL | F43: =S39 -> 65317 | I43: MTD OB MALAM | M43: =I39 -> 244168 | O43: SLIPERY | Q43: =+AG39 -> 0.46666667 | R43: PLAN OB | S43: =SUM(D8:D38) -> 899990 | T43: =IFERROR(+F42/S43,0) -> 0.9393371 | Y43: UNIT | Z43: PLAN | AB43: ACTUAL | AF43: ACHV | AG43: VARIANCE | AJ43: WORKING DAYS IN MONTH | AK43: REMAINING DAYS | AS43: 19.06
A44: s | D44: FR HARIAN | F44: =+AE25 -> 0.86908064 | I44: MTD BB PAGI | M44: =+Q39 -> 8689.64 | R44: PLAN BB | S44: =SUM(O8:O38) -> 74984 | T44: =IFERROR(+F43/S44,0) -> 0.87107916 | Y44: OB | Z44: =SUM(D8:D38) -> 899990 | AB44: =+F42 -> 845394 | AF44: =+IFERROR(AB44/Z44,0) -> 0.9393371 | AG44: =+IFERROR(AB44-Z44,0) -> -54596 | AJ44: 27.5 | AK44: =AJ44-11 -> 16.5 | AS44: 19.28
D45: FR BULANAN | F45: =AE39 -> 0.47038345 | I45: MTD BB MALAM | M45: =+R39 -> 7627.36 | R45: SR | S45: 12 | T45: =IFERROR(+F47/S45,0) -> 1.0785783 | Y45: COAL | Z45: =SUM(O8:O38) -> 74984 | AB45: =+F43 -> 65317 | AF45: =+IFERROR(AB45/Z45,0) -> 0.87107916 | AG45: =+IFERROR(AB45-Z45,0) -> -9667 | AJ45: TARGET PER DAY TO GET TARGET | AS45: 20.19
D46: SR HARIAN | F46: =+AA25 -> 16.635591 | R46: FR | S46: 0.8 | T46: =IFERROR(+F45/S46,0) -> 0.58797931 | Y46: SR | Z46: =+IFERROR(Z44/Z45,0) -> 12.002427 | AB46: =+IFERROR(AB44/AB45,0) -> 12.94294 | AG46: =+IFERROR(AB46-Z46,0) -> 0.94051263 | AJ46: OB | AK46: =IFERROR((D39-AB44)/AK44,"") -> 3308.8485 | AS46: 20.61
D47: SR BULANAN | F47: =+AA39 -> 12.94294 | Y47: FR | Z47: 0.8 | AC47: =F45 -> 0.47038345 | AG47: =+IFERROR(AC47-Z47,0) -> -0.32961655 | AJ47: COAL | AK47: =IFERROR((O39-AB45)/AK44,"") -> 585.87879 | AS47: 18.77
AS48: 21.13
AS49: 17.26
D50: Dibuat oleh | N50: Diperiksa Oleh | Q50: Disetujui Oleh | AS50: 19.33
Y51: ACHIEVMENT 1 - 18 APRIL 2024
Y52: UNIT | Z52: PLAN | AB52: ACTUAL | AF52: ACHV | AG52: VARIANCE
Y53: OB | Z53: =SUM(D8:D25) -> 519225 | AB53: =SUM(L8:L25) -> 460394 | AF53: =+IFERROR(AB53/Z53,0) -> 0.88669459 | AG53: =+IFERROR(AB53-Z53,0) -> -58831
Y54: COAL | Z54: =SUM(O8:O25) -> 43260 | AB54: =SUM(S8:S25) -> 16317 | AF54: =+IFERROR(AB54/Z54,0) -> 0.37718447 | AG54: =+IFERROR(AB54-Z54,0) -> -26943
Y55: SR | Z55: =+IFERROR(Z53/Z54,0) -> 12.002427 | AB55: =+IFERROR(AB53/AB54,0) -> 28.215603 | AG55: =+IFERROR(AB55-Z55,0) -> 16.213176 | AS55: 20.16
Y56: FR | Z56: 0.8 | AC56: =+AE39 -> 0.47038345 | AG56: =+IFERROR(AC56-Z56,0) -> -0.32961655
AS58: 20.09
D59: Berto w.p | Q59: Deddy Darmawan | Y59: KEKURANGAN | AS59: 19.66
D60: Foreman MCC | Q60: Manager produksi | Y60: =AG44/10 -> -5459.6 | AS60: 18.27
AS61: 19.07
AS62: 20.13
AS63: 21.25
AS64: 20.06
AS65: 19.77
AS66: 20.16
AS67: =SUM(AS18:AS66) -> 789.33
AS68: =+AS67+22 -> 811.33
AS69: =927.8-AS67 -> 138.47

Sheet 55 -ed
B2: ` | AH2: SMJ(B)-S-MA-PR-V-01
B3: REKAP DAILY REPORT APRIL 2024 | G3: TARGET 100%
B4: PIT 55 GAR | AM4: U/FUEL
B5: TGL | C5: OVERBURDEN (BCM) | Q5: BATUBARA (TON) | Z5: Solar Pagi dengan support | AA5: Solar malam dengan support | AB5: PEMAKAIAN SOLAR (LTR) | AC5: SR | AF5: FR PAGI | AG5: FR MALAM | AH5: FR | AI5: RAIN | AJ5: SLIPERY | AK5: PEMAKAIAN SOLAR (LTR) (Jetty) | AM5: TOTAL MATERIAL (BCM) | AN5: Total Material Pagi | AO5: Total Material Malam
C6: PLAN | G6: AKTUAL | N6: % | O6: % | P6: DEVIASI | Q6: PLAN | T6: ACTUAL | Y6: STOCK JETTY
C8: KEKURANGAN | D8: Harian | E8: MTD | F8: Fleet | G8: PAGI | H8: Fleet | J8: MALAM | K8: Fleet | M8: TOTAL | Q8: Kekurangan | R8: Harian | S8: MTD | T8: PAGI | U8: MALAM | V8: TOTAL | W8: % | X8: DEVIASI | AC8: PLAN | AD8: ACT
B9: 45383 | C9: 0 | D9: 33654 | E9: =+D9 -> 33654 | F9: 6 FLEET | G9: 11484 | H9: 5 | I9: Fleet | J9: 16148 | K9: 6 | L9: Fleet | M9: =+J9+G9 -> 27632 | N9: =IFERROR(+M9/D9,"") -> 0.82106139 | O9: =IFERROR(+M9/D9,"") -> 0.82106139 | P9: =M9-D9 -> -6022 | Q9: 0 | R9: 2103 | S9: =+R9 -> 2103 | T9: 978.7 | U9: 797.47 | V9: =+U9+T9 -> 1776.17 | W9: =IFERROR(+V9/R9,"") -> 0.84458868 | X9: =V9-R9 -> -326.83 | Y9: =34321.23+V9 -> 36097.4 | Z9: 18813 | AA9: 13765 | AB9: =Z9+AA9 -> 32578 | AC9: =+IFERROR(D9/R9,0) -> 16.002853 | AD9: =+IFERROR(M9/V9,0) -> 15.557069 | AF9: =+Z9/(G9+(T9/1.27)) -> 1.5351749 | AG9: =+AA9/(J9+(U9/1.27)) -> 0.82052087 | AH9: =+AB9/(M9+(V9/1.27)) -> 1.1221968 | AI9: 0.069444444 | AJ9: 0.056944444 | AK9: 124 | AL9: =+'[5]fuel 55 gar'!$F$251 -> 1973 | AM9: =+AN9+AO9 -> 29030.559 | AN9: =+AP9+G9 -> 12254.63 | AO9: =+AQ9+J9 -> 16775.929 | AP9: =+T9/1.27 -> 770.62992 | AQ9: =+U9/1.27 -> 627.92913 | AR9: =+AQ9+AP9 -> 1398.5591 | AS9: =+AR9-#REF! -> #REF! | AT9: =+AR9+M9 -> 29030.559
B10: =+B9+1 -> 45384 | C10: 39676 | D10: 33654 | E10: =+E9+D10 -> 67308 | F10: 6 FLEET | G10: 14212 | H10: 4 | I10: Fleet | J10: 13288 | K10: 5 | L10: Fleet | M10: =+J10+G10 -> 27500 | N10: =IFERROR(+M10/D10,"") -> 0.81713912 | O10: =IFERROR(+M10/D10,"") -> 0.81713912 | P10: =M10-C10 -> -12176 | Q10: =-X9+R10 -> 2429.83 | R10: 2103 | S10: =+S9+R10 -> 4206 | T10: 265.95 | U10: 753.23 | V10: =+U10+T10 -> 1019.18 | W10: =IFERROR(+V10/R10,"") -> 0.48463148 | X10: =V10-Q10 -> -1410.65 | Y10: =+Y9+V10 -> 37116.58 | Z10: 17281 | AA10: 14878 | AB10: =Z10+AA10 -> 32159 | AC10: =+IFERROR(D10/R10,0) -> 16.002853 | AD10: =+IFERROR(M10/V10,0) -> 26.982476 | AF10: =+Z10/(G10+(T10/1.27)) -> 1.1982879 | AG10: =+AA10/(J10+(U10/1.27)) -> 1.0718175 | AH10: =+AB10/(M10+(V10/1.27)) -> 1.1362599 | AI10: 0 | AJ10: 0 | AK10: 517 | AL10: =+'[5]fuel 55 gar'!$I$251 -> 890 | AM10: =+AN10+AO10 -> 28302.504 | AN10: =+AP10+G10 -> 14421.409 | AO10: =+AQ10+J10 -> 13881.094 | AP10: =+T10/1.27 -> 209.40945 | AQ10: =+U10/1.27 -> 593.09449 | AR10: =+AQ10+AP10 -> 802.50394 | AS10: =+AR10-#REF! -> #REF! | AT10: =+AR10+M10 -> 28302.504
B11: =+B10+1 -> 45385 | C11: =D11-P10 -> 45830 | D11: 33654 | E11: =+E10+D11 -> 100962 | F11: 6 FLEET | G11: 12342 | H11: 5 | I11: Fleet | J11: 14036 | K11: 6 | L11: Fleet | M11: =+J11+G11 -> 26378 | N11: =IFERROR(+M11/D11,"") -> 0.78379985 | O11: =IFERROR(+M11/D11,"") -> 0.78379985 | P11: =M11-C11 -> -19452 | Q11: =R11-X10 -> 3513.65 | R11: 2103 | S11: =+S10+R11 -> 6309 | T11: 756.33 | U11: 488.47 | V11: =+U11+T11 -> 1244.8 | W11: =IFERROR(+V11/R11,"") -> 0.59191631 | X11: =V11-Q11 -> -2268.85 | Y11: =+Y10+V11 -> 38361.38 | Z11: 21069 | AA11: 16107 | AB11: =Z11+AA11 -> 37176 | AC11: =+IFERROR(D11/R11,0) -> 16.002853 | AD11: =+IFERROR(M11/V11,0) -> 21.190553 | AF11: =+Z11/(G11+(T11/1.27)) -> 1.6285173 | AG11: =+AA11/(J11+(U11/1.27)) -> 1.1169421 | AH11: =+AB11/(M11+(V11/1.27)) -> 1.3588634 | AI11: 0 | AJ11: 0 | AK11: 1531 | AL11: =+AB10-AL10 -> 31269 | AM11: =+AN11+AO11 -> 27358.157 | AN11: =+AP11+G11 -> 12937.535 | AO11: =+AQ11+J11 -> 14420.622 | AP11: =+T11/1.27 -> 595.53543 | AQ11: =+U11/1.27 -> 384.62205 | AR11: =+AQ11+AP11 -> 980.15748 | AS11: =+AR11-#REF! -> #REF! | AT11: =+AR11+M11 -> 27358.157
B12: =+B11+1 -> 45386 | C12: =D12-P11 -> 53106 | D12: 33654 | E12: =+E11+D12 -> 134616 | F12: 6 FLEET | G12: 12452 | H12: 5 | I12: Fleet | J12: 12606 | K12: 6 | L12: Fleet | M12: =+J12+G12 -> 25058 | N12: =IFERROR(+M12/D12,"") -> 0.74457717 | O12: =IFERROR(+M12/D12,"") -> 0.74457717 | P12: =M12-C12 -> -28048 | Q12: =R12-X11 -> 4371.85 | R12: 2103 | S12: =+S11+R12 -> 8412 | T12: 595.27 | U12: 1556.29 | V12: =+U12+T12 -> 2151.56 | W12: =IFERROR(+V12/R12,"") -> 1.0230908 | X12: =V12-R12 -> 48.56 | Y12: =Y11+V12 -> 40512.94 | Z12: 18030.5 | AA12: 16506.5 | AB12: =Z12+AA12 -> 34537 | AC12: =+IFERROR(D12/R12,0) -> 16.002853 | AD12: =+IFERROR(M12/V12,0) -> 11.646433 | AF12: =+Z12/(G12+(T12/1.27)) -> 1.3954721 | AG12: =+AA12/(J12+(U12/1.27)) -> 1.1934056 | AH12: =+AB12/(M12+(V12/1.27)) -> 1.2909994 | AI12: 0 | AJ12: 0 | AK12: 257 | AL12: =+AL11/(M10+(V10)*1.27) -> 1.0859419 | AM12: =+AN12+AO12 -> 26752.142 | AN12: =+AP12+G12 -> 12920.717 | AO12: =+AQ12+J12 -> 13831.425 | AP12: =+T12/1.27 -> 468.71654 | AQ12: =+U12/1.27 -> 1225.4252 | AR12: =+AQ12+AP12 -> 1694.1417 | AS12: =+AR12-#REF! -> #REF! | AT12: =+AR12+M12 -> 26752.142
B13: =+B12+1 -> 45387 | C13: =-P12+D13 -> 61702 | D13: 33654 | E13: =+E12+D13 -> 168270 | F13: 6 FLEET | G13: 10516 | H13: 5 | I13: Fleet | J13: 13486 | K13: 6 | L13: Fleet | M13: =+J13+G13 -> 24002 | N13: =IFERROR(+M13/D13,"") -> 0.71319903 | O13: =IFERROR(+M13/D13,"") -> 0.71319903 | P13: =M13-D13 -> -9652 | Q13: =R13-X12 -> 2054.44 | R13: 2103 | S13: =+S12+R13 -> 10515 | T13: 1301.71 | U13: =287.58+1194.8 -> 1482.38 | V13: =U13+T13 -> 2784.09 | W13: =IFERROR(+V13/R13,"") -> 1.3238659 | X13: =V13-R13 -> 681.09 | Y13: =Y12+V13 -> 43297.03 | Z13: 16120 | AA13: 13772 | AB13: =Z13+AA13 -> 29892 | AC13: =+IFERROR(D13/R13,0) -> 16.002853 | AD13: =+IFERROR(M13/V13,0) -> 8.6211293 | AF13: =+Z13/(G13+(T13/1.27)) -> 1.3967632 | AG13: =+AA13/(J13+(U13/1.27)) -> 0.93986115 | AH13: =+AB13/(M13+(V13/1.27)) -> 1.1411688 | AI13: 0 | AJ13: 0 | AK13: 877 | AM13: =+AN13+AO13 -> 26194.197 | AN13: =+AP13+G13 -> 11540.969 | AO13: =+AQ13+J13 -> 14653.228 | AP13: =+T13/1.27 -> 1024.9685 | AQ13: =+U13/1.27 -> 1167.2283 | AR13: =+AQ13+AP13 -> 2192.1969 | AS13: =+AR13-#REF! -> #REF! | AT13: =+AR13+M13 -> 26194.197
B14: =+B13+1 -> 45388 | C14: =-P13+D14 -> 43306 | D14: 33654 | E14: =+E13+D14 -> 201924 | F14: 6 FLEET | G14: 5236 | H14: 6 | I14: Fleet | J14: 2420 | K14: 3 | L14: Fleet | M14: =+J14+G14 -> 7656 | N14: =IFERROR(+M14/D14,"") -> 0.22749153 | O14: =IFERROR(+M14/D14,"") -> 0.22749153 | P14: =M14-D14 -> -25998 | Q14: =R14-X13 -> 1421.91 | R14: 2103 | S14: =+S13+R14 -> 12618 | T14: 639.23 | U14: 164.18 | V14: =+U14+T14 -> 803.41 | W14: =IFERROR(+V14/R14,"") -> 0.38203043 | X14: =V14-R14 -> -1299.59 | Y14: =+Y13+V14 -> 44100.44 | Z14: 12595.5 | AA14: 5532 | AB14: =Z14+AA14 -> 18127.5 | AC14: =+IFERROR(D14/R14,0) -> 16.002853 | AD14: =+IFERROR(M14/V14,0) -> 9.529381 | AF14: =+Z14/(G14+(T14/1.27)) -> 2.1945939 | AG14: =+AA14/(J14+(U14/1.27)) -> 2.1700282 | AH14: =+AB14/(M14+(V14/1.27)) -> 2.1870384 | AI14: 0.27777778 | AJ14: 0.25 | AK14: 883 | AM14: =+AN14+AO14 -> 8288.6063 | AN14: =+AP14+G14 -> 5739.3307 | AO14: =+AQ14+J14 -> 2549.2756 | AP14: =+T14/1.27 -> 503.33071 | AQ14: =+U14/1.27 -> 129.27559 | AR14: =+AQ14+AP14 -> 632.6063 | AS14: =+AR14-#REF! -> #REF! | AT14: =+AR14+M14 -> 8288.6063
B15: =+B14+1 -> 45389 | C15: =-P14+D15 -> 42824 | D15: 16826 | E15: =+E14+D15 -> 218750 | F15: 6 FLEET | G15: 748 | H15: 1 | I15: Fleet | J15: 8756 | K15: 6 | L15: Fleet | M15: =+J15+G15 -> 9504 | N15: =IFERROR(+M15/D15,"") -> 0.56484013 | O15: =IFERROR(+M15/D15,"") -> 0.56484013 | P15: =M15-D15 -> -7322 | Q15: =R15-X14 -> 2351.59 | R15: 1052 | S15: =+S14+R15 -> 13670 | T15: 147.45 | U15: 913.36 | V15: =+U15+T15 -> 1060.81 | W15: =IFERROR(+V15/R15,"") -> 1.0083745 | X15: =V15-R15 -> 8.81 | Y15: =+Y14+V15 -> 45161.25 | Z15: 4332 | AA15: 9337 | AB15: =Z15+AA15 -> 13669 | AC15: =+IFERROR(D15/R15,0) -> 15.994297 | AD15: =+IFERROR(M15/V15,0) -> 8.9591916 | AF15: =+Z15/(G15+(T15/1.27)) -> 5.0132949 | AG15: =+AA15/(J15+(U15/1.27)) -> 0.98541652 | AH15: =+AB15/(M15+(V15/1.27)) -> 1.3220452 | AI15: 0.19444444 | AJ15: 0.18055556 | AK15: 593 | AM15: =+AN15+AO15 -> 10339.283 | AN15: =+AP15+G15 -> 864.10236 | AO15: =+AQ15+J15 -> 9475.1811 | AP15: =+T15/1.27 -> 116.10236 | AQ15: =+U15/1.27 -> 719.1811 | AR15: =+AQ15+AP15 -> 835.28346 | AS15: =+AR15-#REF! -> #REF! | AT15: =+AR15+M15 -> 10339.283
B16: =+B15+1 -> 45390 | C16: =-P15+D16 -> 40976 | D16: 33654 | E16: =+E15+D16 -> 252404 | F16: 6 FLEET | G16: 4488 | H16: 4 | I16: Fleet | J16: 5170 | K16: 4 | L16: Fleet | M16: =+J16+G16 -> 9658 | N16: =IFERROR(+M16/D16,"") -> 0.28697926 | O16: =IFERROR(+M16/D16,"") -> 0.28697926 | P16: =M16-D16 -> -23996 | Q16: =R16-X15 -> 2094.19 | R16: 2103 | S16: =+S15+R16 -> 15773 | T16: 82.96 | U16: 465.98 | V16: =+U16+T16 -> 548.94 | W16: =IFERROR(+V16/R16,"") -> 0.2610271 | X16: =V16-R16 -> -1554.06 | Y16: =+Y15+V16 -> 45710.19 | Z16: 12192.5 | AA16: 8306.5 | AB16: =Z16+AA16 -> 20499 | AC16: =+IFERROR(D16/R16,0) -> 16.002853 | AD16: =+IFERROR(M16/V16,0) -> 17.593908 | AF16: =+Z16/(G16+(T16/1.27)) -> 2.6777148 | AG16: =+AA16/(J16+(U16/1.27)) -> 1.5002041 | AH16: =+AB16/(M16+(V16/1.27)) -> 2.0315679 | AI16: 0 | AJ16: 0 | AK16: 848 | AM16: =+AN16+AO16 -> 10090.236 | AN16: =+AP16+G16 -> 4553.3228 | AO16: =+AQ16+J16 -> 5536.9134 | AP16: =+T16/1.27 -> 65.322835 | AQ16: =+U16/1.27 -> 366.91339 | AR16: =+AQ16+AP16 -> 432.23622 | AS16: =+AR16-#REF! -> #REF! | AT16: =+AR16+M16 -> 10090.236
B17: =+B16+1 -> 45391 | C17: =-P16+D17 -> 57650 | D17: 33654 | E17: =+E16+D17 -> 286058 | F17: 6 FLEET | G17: 8866 | H17: 2 | I17: Fleet | J17: 5852 | K17: 5 | L17: Fleet | M17: =+J17+G17 -> 14718 | N17: =IFERROR(+M17/D17,"") -> 0.43733286 | O17: =IFERROR(+M17/D17,"") -> 0.43733286 | P17: =M17-D17 -> -18936 | Q17: =R17-X16 -> 3657.06 | R17: 2103 | S17: =+S16+R17 -> 17876 | T17: 718.24 | U17: 600.88 | V17: =+U17+T17 -> 1319.12 | W17: =IFERROR(+V17/R17,"") -> 0.6272563 | X17: =V17-R17 -> -783.88 | Y17: =+Y16+V17 -> 47029.31 | Z17: 11174.5 | AA17: 11180 | AB17: =Z17+AA17 -> 22354.5 | AC17: =+IFERROR(D17/R17,0) -> 16.002853 | AD17: =+IFERROR(M17/V17,0) -> 11.157438 | AF17: =+Z17/(G17+(T17/1.27)) -> 1.1848008 | AG17: =+AA17/(J17+(U17/1.27)) -> 1.7675515 | AH17: =+AB17/(M17+(V17/1.27)) -> 1.4187319 | AI17: 0 | AJ17: 0 | AK17: 849 | AM17: =+AN17+AO17 -> 15756.677 | AN17: =+AP17+G17 -> 9431.5433 | AO17: =+AQ17+J17 -> 6325.1339 | AP17: =+T17/1.27 -> 565.54331 | AQ17: =+U17/1.27 -> 473.13386 | AR17: =+AQ17+AP17 -> 1038.6772 | AS17: =+AR17-#REF! -> #REF! | AT17: =+AR17+M17 -> 15756.677
